
> nexus-code@1.0.0 typecheck
> tsc -p ./jsconfig.json

src/app/accountSession.js(28,28): error TS7006: Parameter 'modeRaw' implicitly has an 'any' type.
src/app/accountSession.js(33,40): error TS7006: Parameter 'tierRaw' implicitly has an 'any' type.
src/app/accountSession.js(41,33): error TS7006: Parameter 'tierRaw' implicitly has an 'any' type.
src/app/accountSession.js(41,42): error TS7006: Parameter 'roleRaw' implicitly has an 'any' type.
src/app/accountSession.js(49,43): error TS7006: Parameter 'endpointRaw' implicitly has an 'any' type.
src/app/accountSession.js(70,47): error TS2339: Property 'authMode' does not exist on type '{}'.
src/app/accountSession.js(71,35): error TS2339: Property 'token' does not exist on type '{}'.
src/app/accountSession.js(72,36): error TS2339: Property 'userId' does not exist on type '{}'.
src/app/accountSession.js(73,38): error TS2339: Property 'username' does not exist on type '{}'.
src/app/accountSession.js(79,52): error TS2339: Property 'endpoint' does not exist on type '{}'.
src/app/accountSession.js(83,29): error TS2339: Property 'role' does not exist on type '{}'.
src/app/accountSession.js(84,30): error TS2339: Property 'email' does not exist on type '{}'.
src/app/accountSession.js(85,49): error TS2339: Property 'userTier' does not exist on type '{}'.
src/app/accountSession.js(85,70): error TS2339: Property 'role' does not exist on type '{}'.
src/app/accountSession.js(86,50): error TS2339: Property 'expiresAt' does not exist on type '{}'.
src/app/accountSession.js(87,27): error TS2339: Property 'expiresAt' does not exist on type '{}'.
src/app/accountSession.js(89,25): error TS2339: Property 'savedAt' does not exist on type '{}'.
src/app/accountSession.js(97,24): error TS2339: Property 'userId' does not exist on type '{}'.
src/app/accountSession.js(98,26): error TS2339: Property 'username' does not exist on type '{}'.
src/app/accountSession.js(102,25): error TS2339: Property 'savedAt' does not exist on type '{}'.
src/app/accountSession.js(105,44): error TS7006: Parameter 'sessionRaw' implicitly has an 'any' type.
src/app/accountSession.js(120,30): error TS7006: Parameter 'modeRaw' implicitly has an 'any' type.
src/app/accountSession.js(128,53): error TS7006: Parameter 'controlStatus' implicitly has an 'any' type.
src/app/accountSession.js(134,25): error TS7006: Parameter 'detail' implicitly has an 'any' type.
src/app/accountSession.js(142,3): error TS2339: Property 'session' does not exist on type '{}'.
src/app/accountSession.js(143,3): error TS2339: Property 'controlStatus' does not exist on type '{}'.
src/app/accountSession.js(144,3): error TS2339: Property 'testResult' does not exist on type '{}'.
src/app/accountSession.js(199,41): error TS7006: Parameter 'sessionRaw' implicitly has an 'any' type.
src/app/accountSession.js(222,40): error TS7006: Parameter 'sessionRaw' implicitly has an 'any' type.
src/app/controlStatus.js(54,43): error TS7006: Parameter 'errorCodeRaw' implicitly has an 'any' type.
src/app/controlStatus.js(57,31): error TS7006: Parameter 'modeRaw' implicitly has an 'any' type.
src/app/controlStatus.js(63,22): error TS7006: Parameter 'detailRaw' implicitly has an 'any' type.
src/app/controlStatus.js(72,18): error TS7053: Element implicitly has an 'any' type because expression of type 'string' can't be used to index type '{ account: string; access: string; auth: string; catalog: string; layout: string; release: string; control: string; }'.
  No index signature with a parameter of type 'string' was found on type '{ account: string; access: string; auth: string; catalog: string; layout: string; release: string; control: string; }'.
src/app/controlStatus.js(77,28): error TS7031: Binding element 'raw' implicitly has an 'any' type.
src/app/controlStatus.js(77,33): error TS7031: Binding element 'source' implicitly has an 'any' type.
src/app/controlStatus.js(77,41): error TS7031: Binding element 'sourceLabel' implicitly has an 'any' type.
src/app/controlStatus.js(77,54): error TS7031: Binding element 'code' implicitly has an 'any' type.
src/app/controlStatus.js(171,45): error TS7006: Parameter 'detailRaw' implicitly has an 'any' type.
src/app/controlStatus.js(181,44): error TS7006: Parameter 'detailsRaw' implicitly has an 'any[]' type.
src/app/controlStatus.js(186,49): error TS7006: Parameter 'errorCodeRaw' implicitly has an 'any' type.
src/app/controlStatus.js(189,47): error TS7006: Parameter 'errorCodeRaw' implicitly has an 'any' type.
src/app/controlStatus.js(196,45): error TS7006: Parameter 'errorCodeRaw' implicitly has an 'any' type.
src/app/controlStatus.js(199,40): error TS7006: Parameter 'issues' implicitly has an 'any' type.
src/app/controlStatus.js(207,36): error TS7006: Parameter 'mode' implicitly has an 'any' type.
src/app/controlStatus.js(207,42): error TS7006: Parameter 'details' implicitly has an 'any' type.
src/app/controlStatus.js(210,16): error TS7053: Element implicitly has an 'any' type because expression of type 'string' can't be used to index type '{ active: { title: string; message: string; }; online: { title: string; message: string; }; limited: { title: string; message: string; }; offline: { title: string; message: string; }; degraded: { title: string; message: string; }; }'.
  No index signature with a parameter of type 'string' was found on type '{ active: { title: string; message: string; }; online: { title: string; message: string; }; limited: { title: string; message: string; }; offline: { title: string; message: string; }; degraded: { title: string; message: string; }; }'.
src/app/controlStatus.js(223,39): error TS7006: Parameter 'issues' implicitly has an 'any' type.
src/app/controlStatus.js(224,15): error TS7006: Parameter 'issue' implicitly has an 'any' type.
src/app/controlStatus.js(226,42): error TS7031: Binding element 'catalogResult' implicitly has an 'any' type.
src/app/controlStatus.js(226,57): error TS7031: Binding element 'layoutResult' implicitly has an 'any' type.
src/app/controlStatus.js(226,71): error TS7031: Binding element 'releaseResult' implicitly has an 'any' type.
src/app/controlStatus.js(239,47): error TS7006: Parameter 'reasonRaw' implicitly has an 'any' type.
src/app/controlStatus.js(239,58): error TS7006: Parameter 'currentMode' implicitly has an 'any' type.
src/app/controlStatus.js(261,47): error TS7006: Parameter 'result' implicitly has an 'any' type.
src/components/editor/AccountPanel.jsx(87,24): error TS7031: Binding element 'Icon' implicitly has an 'any' type.
src/components/editor/AccountPanel.jsx(87,30): error TS7031: Binding element 'label' implicitly has an 'any' type.
src/components/editor/AccountPanel.jsx(87,37): error TS7031: Binding element 'children' implicitly has an 'any' type.
src/components/editor/AccountPanel.jsx(104,26): error TS7031: Binding element 'children' implicitly has an 'any' type.
src/components/editor/AccountPanel.jsx(104,36): error TS7031: Binding element 'onClick' implicitly has an 'any' type.
src/components/editor/AccountPanel.jsx(104,45): error TS7031: Binding element 'disabled' implicitly has an 'any' type.
src/components/editor/AccountPanel.jsx(104,73): error TS7031: Binding element 'title' implicitly has an 'any' type.
src/components/editor/AccountPanel.jsx(138,28): error TS7031: Binding element 'label' implicitly has an 'any' type.
src/components/editor/AccountPanel.jsx(138,35): error TS7031: Binding element 'value' implicitly has an 'any' type.
src/components/editor/AccountPanel.jsx(138,58): error TS7031: Binding element 'title' implicitly has an 'any' type.
src/components/editor/AccountPanel.jsx(172,6): error TS2739: Type '{ className: string; }' is missing the following properties from type '{ icon?: LucideIcon | undefined; title: any; detail: any; tone?: string | undefined; children: any; actionLabel: any; onAction: any; className?: string | undefined; }': title, detail, children, actionLabel, onAction
src/components/editor/AccountPanel.jsx(179,34): error TS7031: Binding element 'Icon' implicitly has an 'any' type.
src/components/editor/AccountPanel.jsx(179,40): error TS7031: Binding element 'children' implicitly has an 'any' type.
src/components/editor/AccountPanel.jsx(193,3): error TS7031: Binding element 'session' implicitly has an 'any' type.
src/components/editor/AccountPanel.jsx(194,3): error TS7031: Binding element 'controlStatus' implicitly has an 'any' type.
src/components/editor/AccountPanel.jsx(195,3): error TS7031: Binding element 'onSaveSession' implicitly has an 'any' type.
src/components/editor/AccountPanel.jsx(196,3): error TS7031: Binding element 'onClearSession' implicitly has an 'any' type.
src/components/editor/AccountPanel.jsx(197,3): error TS7031: Binding element 'onTestConnection' implicitly has an 'any' type.
src/components/editor/AccountPanel.jsx(224,22): error TS7053: Element implicitly has an 'any' type because expression of type 'string' can't be used to index type '{ online: { tone: string; icon: LucideIcon; label: string; color: string; background: string; border: string; }; active: { tone: string; icon: LucideIcon; label: string; color: string; background: string; border: string; }; limited: { ...; }; offline: { ...; }; degraded: { ...; }; }'.
  No index signature with a parameter of type 'string' was found on type '{ online: { tone: string; icon: LucideIcon; label: string; color: string; background: string; border: string; }; active: { tone: string; icon: LucideIcon; label: string; color: string; background: string; border: string; }; limited: { ...; }; offline: { ...; }; degraded: { ...; }; }'.
src/components/editor/AccountPanel.jsx(239,21): error TS2339: Property 'details' does not exist on type 'never'.
src/components/editor/AccountPanel.jsx(261,21): error TS2339: Property 'message' does not exist on type 'never'.
src/components/editor/AccountPanel.jsx(282,24): error TS7006: Parameter 'field' implicitly has an 'any' type.
src/components/editor/AccountPanel.jsx(282,31): error TS7006: Parameter 'value' implicitly has an 'any' type.
src/components/editor/AccountPanel.jsx(293,9): error TS2353: Object literal may only specify known properties, and 'mode' does not exist in type '(prevState: null) => null'.
src/components/editor/AccountPanel.jsx(309,32): error TS7006: Parameter 'endpoint' implicitly has an 'any' type.
src/components/editor/AccountPanel.jsx(321,9): error TS2353: Object literal may only specify known properties, and 'mode' does not exist in type '(prevState: null) => null'.
src/components/editor/AccountPanel.jsx(322,25): error TS2339: Property 'message' does not exist on type '{}'.
src/components/editor/AccountPanel.jsx(331,6): error TS2741: Property 'style' is missing in type '{ children: Element[]; ariaLabel: string; }' but required in type '{ children: any; ariaLabel: any; className?: string | undefined; style: any; }'.
src/components/editor/AccountPanel.jsx(332,8): error TS2741: Property 'actions' is missing in type '{ children: Element; icon: LucideIcon; title: string; subtitle: any; status: Element; }' but required in type '{ icon: any; title: any; subtitle: any; status: any; actions: any; children: any; className?: string | undefined; }'.
src/components/editor/AccountPanel.jsx(340,18): error TS2741: Property 'title' is missing in type '{ children: any; tone: any; }' but required in type '{ children: any; tone?: string | undefined; title: any; }'.
src/components/editor/AccountPanel.jsx(343,12): error TS2741: Property 'title' is missing in type '{ label: string; value: string; tone: string; }' but required in type '{ label: any; value: any; tone?: string | undefined; title: any; }'.
src/components/editor/AccountPanel.jsx(348,12): error TS2741: Property 'title' is missing in type '{ label: string; value: string; tone: string; }' but required in type '{ label: any; value: any; tone?: string | undefined; title: any; }'.
src/components/editor/AccountPanel.jsx(356,8): error TS2322: Type '{ children: (Element | null)[]; className: string; }' is not assignable to type 'IntrinsicAttributes & RefAttributes<any>'.
  Property 'children' does not exist on type 'IntrinsicAttributes & RefAttributes<any>'.
src/components/editor/AccountPanel.jsx(377,12): error TS2741: Property 'title' is missing in type '{ children: string; icon: LucideIcon; onClick: () => void; tone: string; }' but required in type '{ children: any; icon: any; onClick: any; disabled?: boolean | undefined; tone?: string | undefined; type?: string | undefined; title: any; className?: string | undefined; }'.
src/components/editor/AccountPanel.jsx(384,12): error TS2741: Property 'title' is missing in type '{ children: string; icon: LucideIcon; onClick: () => void; tone: string; }' but required in type '{ children: any; icon: any; onClick: any; disabled?: boolean | undefined; tone?: string | undefined; type?: string | undefined; title: any; className?: string | undefined; }'.
src/components/editor/AccountPanel.jsx(509,12): error TS2741: Property 'disabled' is missing in type '{ children: (string | Element)[]; onClick: () => void; title: string; }' but required in type '{ children: any; onClick: any; disabled: any; tone?: string | undefined; title: any; className?: string | undefined; }'.
src/components/editor/AccountPanel.jsx(513,12): error TS2741: Property 'disabled' is missing in type '{ children: (string | Element)[]; onClick: () => void; tone: string; title: string; className: string; }' but required in type '{ children: any; onClick: any; disabled: any; tone?: string | undefined; title: any; className?: string | undefined; }'.
src/components/editor/CodeEditor.jsx(105,15): error TS7006: Parameter 'props' implicitly has an 'any' type.
src/components/editor/CodeEditor.jsx(110,35): error TS7006: Parameter 'error' implicitly has an 'any' type.
src/components/editor/CodeEditor.jsx(117,21): error TS7006: Parameter 'error' implicitly has an 'any' type.
src/components/editor/CodeEditor.jsx(121,22): error TS7006: Parameter 'previousProps' implicitly has an 'any' type.
src/components/editor/CodeEditor.jsx(137,3): error TS7031: Binding element 'code' implicitly has an 'any' type.
src/components/editor/CodeEditor.jsx(138,3): error TS7031: Binding element 'onChange' implicitly has an 'any' type.
src/components/editor/CodeEditor.jsx(139,3): error TS7031: Binding element 'fileName' implicitly has an 'any' type.
src/components/editor/CodeEditor.jsx(147,3): error TS7031: Binding element 'onMarkersChange' implicitly has an 'any' type.
src/components/editor/CodeEditor.jsx(171,9): error TS2322: Type 'null' is not assignable to type 'string | undefined'.
src/components/editor/CodeEditor.jsx(172,9): error TS2322: Type 'null' is not assignable to type 'string | undefined'.
src/components/editor/CodeEditor.jsx(372,48): error TS7006: Parameter 'nextCount' implicitly has an 'any' type.
src/components/editor/CodeEditor.jsx(376,5): error TS2322: Type 'number' is not assignable to type 'null'.
src/components/editor/CodeEditor.jsx(383,49): error TS7006: Parameter 'line' implicitly has an 'any' type.
src/components/editor/CodeEditor.jsx(383,55): error TS7006: Parameter 'col' implicitly has an 'any' type.
src/components/editor/CodeEditor.jsx(389,5): error TS2322: Type 'number' is not assignable to type 'null'.
src/components/editor/CodeEditor.jsx(403,6): error TS7006: Parameter 'value' implicitly has an 'any' type.
src/components/editor/CodeEditor.jsx(406,7): error TS2322: Type 'number' is not assignable to type 'null'.
src/components/editor/CodeEditor.jsx(418,6): error TS7006: Parameter 'diagnostics' implicitly has an 'any' type.
src/components/editor/CodeEditor.jsx(423,12): error TS7006: Parameter 'problem' implicitly has an 'any' type.
src/components/editor/CodeEditor.jsx(457,14): error TS2339: Property 'dispatch' does not exist on type 'never'.
src/components/editor/CodeEditor.jsx(476,33): error TS2339: Property 'querySelector' does not exist on type 'never'.
src/components/editor/CodeEditor.jsx(477,34): error TS2339: Property 'querySelector' does not exist on type 'never'.
src/components/editor/CodeEditor.jsx(478,35): error TS2339: Property 'querySelector' does not exist on type 'never'.
src/components/editor/CodeEditor.jsx(479,33): error TS2339: Property 'getBoundingClientRect' does not exist on type 'never'.
src/components/editor/CodeEditor.jsx(489,22): error TS2339: Property 'state' does not exist on type 'never'.
src/components/editor/CodeEditor.jsx(519,48): error TS2339: Property 'state' does not exist on type 'never'.
src/components/editor/CodeEditor.jsx(520,27): error TS2339: Property 'state' does not exist on type 'never'.
src/components/editor/CodeEditor.jsx(522,10): error TS2339: Property 'dispatch' does not exist on type 'never'.
src/components/editor/CodeEditor.jsx(526,10): error TS2339: Property 'focus' does not exist on type 'never'.
src/components/editor/CodeEditor.jsx(531,15): error TS2339: Property 'dispose' does not exist on type 'never'.
src/components/editor/CodeEditor.jsx(541,19): error TS2339: Property 'dispatch' does not exist on type 'never'.
src/components/editor/CodeEditor.jsx(541,55): error TS2339: Property 'state' does not exist on type 'never'.
src/components/editor/CodeEditor.jsx(550,38): error TS7006: Parameter 'runtimeStatus' implicitly has an 'any' type.
src/components/editor/CodeEditor.jsx(562,18): error TS7006: Parameter 'status' implicitly has an 'any' type.
src/components/editor/CodeEditor.jsx(566,25): error TS7031: Binding element 'uri' implicitly has an 'any' type.
src/components/editor/CodeEditor.jsx(566,30): error TS7031: Binding element 'diagnostics' implicitly has an 'any' type.
src/components/editor/CodeEditor.jsx(573,16): error TS2339: Property 'dispatch' does not exist on type 'never'.
src/components/editor/CodeEditor.jsx(575,20): error TS2339: Property 'state' does not exist on type 'never'.
src/components/editor/CodeEditor.jsx(596,5): error TS2322: Type '{ contractVersion: string; capabilities: Readonly<{ languageRegistry: true; documentUris: true; lspCompletion: true; lspHover: true; lspDiagnostics: true; lspDefinition: true; lspFormatting: true; lspCodeActions: true; lspRename: true; externalServerProcesses: true; }>; ... 17 more ...; dispose(): void; }' is not assignable to type 'null'.
src/components/editor/CodeEditor.jsx(610,9): error TS2322: Type 'string' is not assignable to type 'null'.
src/components/editor/CodeEditor.jsx(665,29): error TS2339: Property 'dispose' does not exist on type 'never'.
src/components/editor/CodeEditor.jsx(675,12): error TS7006: Parameter 'context' implicitly has an 'any' type.
src/components/editor/CodeEditor.jsx(699,45): error TS2339: Property 'getCompletions' does not exist on type 'never'.
src/components/editor/CodeEditor.jsx(720,12): error TS7006: Parameter 'view' implicitly has an 'any' type.
src/components/editor/CodeEditor.jsx(720,18): error TS7006: Parameter 'pos' implicitly has an 'any' type.
src/components/editor/CodeEditor.jsx(731,38): error TS2339: Property 'getHover' does not exist on type 'never'.
src/components/editor/CodeEditor.jsx(777,6): error TS7006: Parameter 'view' implicitly has an 'any' type.
src/components/editor/CodeEditor.jsx(814,12): error TS7006: Parameter 'featureId' implicitly has an 'any' type.
src/components/editor/CodeEditor.jsx(815,28): error TS2339: Property 'view' does not exist on type '{}'.
src/components/editor/CodeEditor.jsx(829,55): error TS2339: Property 'context' does not exist on type '{}'.
src/components/editor/CodeEditor.jsx(835,19): error TS2339: Property 'newName' does not exist on type '{}'.
src/components/editor/CodeEditor.jsx(837,23): error TS2339: Property 'newName' does not exist on type '{}'.
src/components/editor/CodeEditor.jsx(847,33): error TS2353: Object literal may only specify known properties, and 'newName' does not exist in type '{ canUseLsp: any; hasWorkspace: boolean; hasLspBridge: boolean; lspReadyLanguage: boolean; isLargeFile: boolean; documentUri: string; hasDocument: boolean; languageId: any; position: { lineNumber: any; column: number; }; range: { ...; } | null; diagnostics: never[]; lspFeatures: any; runtimeStatus: { ...; }; }'.
src/components/editor/CodeEditor.jsx(850,64): error TS2345: Argument of type '{ canUseLsp: any; hasWorkspace: boolean; hasLspBridge: boolean; lspReadyLanguage: boolean; isLargeFile: boolean; documentUri: string; hasDocument: boolean; languageId: any; position: { lineNumber: any; column: number; }; range: { ...; } | null; diagnostics: never[]; lspFeatures: any; runtimeStatus: { ...; }; } | null' is not assignable to parameter of type '{} | undefined'.
  Type 'null' is not assignable to type '{} | undefined'.
src/components/editor/CodeEditor.jsx(855,28): error TS2339: Property 'label' does not exist on type 'Readonly<{ featureId: "go-to-definition" | "rename-symbol" | "format-document" | "code-actions"; label: "Format Document" | "Go to Definition" | "Rename Symbol" | "Code Actions"; ... 17 more ...; ui: Readonly<...>; }> | { ...; }'.
  Property 'label' does not exist on type '{ featureId: string; ready: boolean; disabledReason: string; missing: string[]; }'.
src/components/editor/CodeEditor.jsx(856,52): error TS2339: Property 'pendingReason' does not exist on type 'Readonly<{ featureId: "go-to-definition" | "rename-symbol" | "format-document" | "code-actions"; label: "Format Document" | "Go to Definition" | "Rename Symbol" | "Code Actions"; ... 17 more ...; ui: Readonly<...>; }> | { ...; }'.
  Property 'pendingReason' does not exist on type '{ featureId: string; ready: boolean; disabledReason: string; missing: string[]; }'.
src/components/editor/CodeEditor.jsx(864,42): error TS2339: Property 'getDefinition' does not exist on type 'never'.
src/components/editor/CodeEditor.jsx(864,77): error TS2339: Property 'position' does not exist on type 'Readonly<{ featureId: "go-to-definition" | "rename-symbol" | "format-document" | "code-actions"; label: "Format Document" | "Go to Definition" | "Rename Symbol" | "Code Actions"; ... 17 more ...; ui: Readonly<...>; }> | { ...; }'.
  Property 'position' does not exist on type '{ featureId: string; ready: boolean; disabledReason: string; missing: string[]; }'.
src/components/editor/CodeEditor.jsx(902,38): error TS2339: Property 'formatDocument' does not exist on type 'never'.
src/components/editor/CodeEditor.jsx(927,46): error TS2339: Property 'renameSymbol' does not exist on type 'never'.
src/components/editor/CodeEditor.jsx(929,21): error TS2339: Property 'position' does not exist on type 'Readonly<{ featureId: "go-to-definition" | "rename-symbol" | "format-document" | "code-actions"; label: "Format Document" | "Go to Definition" | "Rename Symbol" | "Code Actions"; ... 17 more ...; ui: Readonly<...>; }> | { ...; }'.
  Property 'position' does not exist on type '{ featureId: string; ready: boolean; disabledReason: string; missing: string[]; }'.
src/components/editor/CodeEditor.jsx(930,21): error TS2339: Property 'newName' does not exist on type 'Readonly<{ featureId: "go-to-definition" | "rename-symbol" | "format-document" | "code-actions"; label: "Format Document" | "Go to Definition" | "Rename Symbol" | "Code Actions"; ... 17 more ...; ui: Readonly<...>; }> | { ...; }'.
  Property 'newName' does not exist on type '{ featureId: string; ready: boolean; disabledReason: string; missing: string[]; }'.
src/components/editor/CodeEditor.jsx(963,40): error TS2339: Property 'getCodeActions' does not exist on type 'never'.
src/components/editor/CodeEditor.jsx(963,76): error TS2339: Property 'range' does not exist on type 'Readonly<{ featureId: "go-to-definition" | "rename-symbol" | "format-document" | "code-actions"; label: "Format Document" | "Go to Definition" | "Rename Symbol" | "Code Actions"; ... 17 more ...; ui: Readonly<...>; }> | { ...; }'.
  Property 'range' does not exist on type '{ featureId: string; ready: boolean; disabledReason: string; missing: string[]; }'.
src/components/editor/CodeEditor.jsx(964,34): error TS2339: Property 'diagnostics' does not exist on type 'Readonly<{ featureId: "go-to-definition" | "rename-symbol" | "format-document" | "code-actions"; label: "Format Document" | "Go to Definition" | "Rename Symbol" | "Code Actions"; ... 17 more ...; ui: Readonly<...>; }> | { ...; }'.
  Property 'diagnostics' does not exist on type '{ featureId: string; ready: boolean; disabledReason: string; missing: string[]; }'.
src/components/editor/CodeEditor.jsx(981,25): error TS2339: Property 'message' does not exist on type '{}'.
src/components/editor/CodeEditor.jsx(996,15): error TS7006: Parameter 'view' implicitly has an 'any' type.
src/components/editor/CodeEditor.jsx(1003,15): error TS7006: Parameter 'view' implicitly has an 'any' type.
src/components/editor/CodeEditor.jsx(1010,15): error TS7006: Parameter 'view' implicitly has an 'any' type.
src/components/editor/CodeEditor.jsx(1017,15): error TS7006: Parameter 'view' implicitly has an 'any' type.
src/components/editor/CodeEditor.jsx(1101,16): error TS2339: Property 'updateDocument' does not exist on type 'never'.
src/components/editor/CodeEditor.jsx(1111,13): error TS2345: Argument of type 'EditorSelection' is not assignable to parameter of type 'null | undefined'.
src/components/editor/CodeEditor.jsx(1116,13): error TS2345: Argument of type 'Readonly<{ key: `${any}:${any}`; empty: boolean; rangeCount: any; selectedCharacters: any; cursor: { line: number; col: number; }; anchor: number; head: number; from: number; to: number; range: { startLineNumber: number; startColumn: number; endLineNumber: number; endColumn: number; }; rangeLabel: string; statusText...' is not assignable to parameter of type 'null | undefined'.
src/components/editor/CodeEditor.jsx(1196,43): error TS7006: Parameter 'view' implicitly has an 'any' type.
src/components/editor/CodeEditor.jsx(1207,6): error TS7006: Parameter 'value' implicitly has an 'any' type.
src/components/editor/CodeEditor.jsx(1213,42): error TS7006: Parameter 'error' implicitly has an 'any' type.
src/components/editor/CodeEditor.jsx(1218,6): error TS7006: Parameter 'event' implicitly has an 'any' type.
src/components/editor/CodeEditor.jsx(1228,45): error TS7006: Parameter 'event' implicitly has an 'any' type.
src/components/editor/CodeEditor.jsx(1267,46): error TS7006: Parameter 'event' implicitly has an 'any' type.
src/components/editor/CodeEditor.jsx(1279,25): error TS2339: Property 'hasFocus' does not exist on type 'never'.
src/components/editor/CodeEditor.jsx(1279,40): error TS2339: Property 'focus' does not exist on type 'never'.
src/components/editor/codeEditorRenderingModel.js(8,29): error TS7006: Parameter 'value' implicitly has an 'any' type.
src/components/editor/codeEditorRenderingModel.js(8,36): error TS7006: Parameter 'min' implicitly has an 'any' type.
src/components/editor/codeEditorRenderingModel.js(8,41): error TS7006: Parameter 'max' implicitly has an 'any' type.
src/components/editor/codeEditorRenderingModel.js(8,46): error TS7006: Parameter 'fallback' implicitly has an 'any' type.
src/components/editor/codeEditorRenderingModel.js(19,44): error TS7006: Parameter 'settings' implicitly has an 'any' type.
src/components/editor/codeEditorRenderingModel.js(36,39): error TS7006: Parameter 'settings' implicitly has an 'any' type.
src/components/editor/codeEditorRenderingModel.js(36,49): error TS7006: Parameter 'fallbackFontSize' implicitly has an 'any' type.
src/components/editor/codeEditorRenderingModel.js(42,41): error TS7006: Parameter 'settings' implicitly has an 'any' type.
src/components/editor/codeEditorRenderingModel.js(42,51): error TS7006: Parameter 'resolvedFontSize' implicitly has an 'any' type.
src/components/editor/codeEditorRenderingModel.js(48,44): error TS7006: Parameter 'settings' implicitly has an 'any' type.
src/components/editor/codeEditorRenderingModel.js(52,38): error TS7006: Parameter 'settings' implicitly has an 'any' type.
src/components/editor/codeEditorRenderingModel.js(52,48): error TS7006: Parameter 'fallbackTabSize' implicitly has an 'any' type.
src/components/editor/codeEditorRenderingModel.js(56,45): error TS7006: Parameter 'settings' implicitly has an 'any' type.
src/components/editor/codeEditorRenderingModel.js(56,55): error TS7006: Parameter 'reduceMotion' implicitly has an 'any' type.
src/components/editor/codeEditorRenderingModel.js(56,69): error TS7006: Parameter 'compactViewport' implicitly has an 'any' type.
src/components/editor/codeEditorRenderingModel.js(61,41): error TS7006: Parameter 'settings' implicitly has an 'any' type.
src/components/editor/codeEditorRenderingModel.js(67,25): error TS7006: Parameter 'value' implicitly has an 'any' type.
src/components/editor/codeEditorRenderingModel.js(67,32): error TS7006: Parameter 'fallback' implicitly has an 'any' type.
src/components/editor/codeEditorRenderingModel.js(72,27): error TS7006: Parameter 'value' implicitly has an 'any' type.
src/components/editor/codeEditorRenderingModel.js(72,34): error TS7006: Parameter 'alpha' implicitly has an 'any' type.
src/components/editor/codeEditorRenderingModel.js(80,40): error TS7006: Parameter '_view' implicitly has an 'any' type.
src/components/editor/codeEditorRenderingModel.js(80,47): error TS7006: Parameter 'list' implicitly has an 'any' type.
src/components/editor/codeEditorRenderingModel.js(80,53): error TS7006: Parameter 'option' implicitly has an 'any' type.
src/components/editor/codeEditorRenderingModel.js(80,61): error TS7006: Parameter 'info' implicitly has an 'any' type.
src/components/editor/codeEditorRenderingModel.js(80,67): error TS7006: Parameter 'space' implicitly has an 'any' type.
src/components/editor/codeEditorRenderingModel.js(80,74): error TS7006: Parameter 'tooltip' implicitly has an 'any' type.
src/components/editor/codeEditorRenderingModel.js(128,44): error TS7006: Parameter 'settings' implicitly has an 'any' type.
src/components/editor/codeEditorRenderingModel.js(128,54): error TS7006: Parameter 'reduceMotion' implicitly has an 'any' type.
src/components/editor/codeEditorRenderingModel.js(134,45): error TS7006: Parameter 'settings' implicitly has an 'any' type.
src/components/editor/codeEditorRenderingModel.js(134,55): error TS7006: Parameter 'reduceMotion' implicitly has an 'any' type.
src/components/editor/codeEditorRenderingModel.js(142,19): error TS7006: Parameter 'view' implicitly has an 'any' type.
src/components/editor/codeEditorRenderingModel.js(147,14): error TS7006: Parameter 'update' implicitly has an 'any' type.
src/components/editor/codeEditorRenderingModel.js(171,36): error TS7006: Parameter 'settings' implicitly has an 'any' type.
src/components/editor/codeEditorRenderingModel.js(172,10): error TS7053: Element implicitly has an 'any' type because expression of type 'any' can't be used to index type 'Readonly<{ nexus_zed: Readonly<{ id: any; name: any; legacyName: any; bg_type: any; bg_value: any; surface: any; border: any; text: any; muted: any; accent: any; accent2: any; glow: any; selection: any; comment: any; keyword: any; ... 7 more ...; swatches: any; }>; }>'.
src/components/editor/codeEditorRenderingModel.js(172,57): error TS2339: Property 'nexus_vibrant' does not exist on type 'Readonly<{ nexus_zed: Readonly<{ id: any; name: any; legacyName: any; bg_type: any; bg_value: any; surface: any; border: any; text: any; muted: any; accent: any; accent2: any; glow: any; selection: any; comment: any; keyword: any; ... 7 more ...; swatches: any; }>; }>'.
src/components/editor/codeEditorRenderingModel.js(175,37): error TS7006: Parameter 'settings' implicitly has an 'any' type.
src/components/editor/codeEditorRenderingModel.js(181,3): error TS7006: Parameter 'settings' implicitly has an 'any' type.
src/components/editor/codeEditorRenderingModel.js(182,3): error TS7006: Parameter 'compactViewport' implicitly has an 'any' type.
src/components/editor/codeEditorRenderingModel.js(183,3): error TS7006: Parameter 'editorFontSize' implicitly has an 'any' type.
src/components/editor/codeEditorRenderingModel.js(184,3): error TS7006: Parameter 'editorLineHeight' implicitly has an 'any' type.
src/components/editor/codeEditorRenderingModel.js(185,3): error TS7006: Parameter 'reduceMotion' implicitly has an 'any' type.
src/components/editor/codeEditorRenderingModel.js(492,28): error TS7006: Parameter 'value' implicitly has an 'any' type.
src/components/editor/codeEditorRenderingModel.js(501,41): error TS7031: Binding element 'title' implicitly has an 'any' type.
src/components/editor/codeEditorRenderingModel.js(501,48): error TS7031: Binding element 'text' implicitly has an 'any' type.
src/components/editor/codeEditorRenderingModel.js(501,54): error TS7031: Binding element 'accent' implicitly has an 'any' type.
src/components/editor/codeEditorRenderingModel.js(521,45): error TS7006: Parameter 'doc' implicitly has an 'any' type.
src/components/editor/codeEditorRenderingModel.js(521,50): error TS7006: Parameter 'from' implicitly has an 'any' type.
src/components/editor/codeEditorRenderingModel.js(535,38): error TS7006: Parameter 'view' implicitly has an 'any' type.
src/components/editor/codeEditorRenderingModel.js(546,38): error TS7006: Parameter 'view' implicitly has an 'any' type.
src/components/editor/codeEditorRenderingModel.js(556,37): error TS7006: Parameter 'action' implicitly has an 'any' type.
src/components/editor/CommandPalette.jsx(12,7): error TS4104: The type 'readonly never[]' is 'readonly' and cannot be assigned to the mutable type 'any[]'.
src/components/editor/CommandPalette.jsx(12,7): error TS7005: Variable 'EMPTY_EXTENSION_COMMANDS' implicitly has an 'any[]' type.
src/components/editor/CommandPalette.jsx(23,30): error TS7006: Parameter 'count' implicitly has an 'any' type.
src/components/editor/CommandPalette.jsx(27,25): error TS7031: Binding element 'label' implicitly has an 'any' type.
src/components/editor/CommandPalette.jsx(35,37): error TS7031: Binding element 'children' implicitly has an 'any' type.
src/components/editor/CommandPalette.jsx(45,29): error TS7031: Binding element 'label' implicitly has an 'any' type.
src/components/editor/CommandPalette.jsx(45,36): error TS7031: Binding element 'onPick' implicitly has an 'any' type.
src/components/editor/CommandPalette.jsx(58,23): error TS7031: Binding element 'query' implicitly has an 'any' type.
src/components/editor/CommandPalette.jsx(58,30): error TS7031: Binding element 'onPickSuggestion' implicitly has an 'any' type.
src/components/editor/CommandPalette.jsx(93,3): error TS7031: Binding element 'isOpen' implicitly has an 'any' type.
src/components/editor/CommandPalette.jsx(94,3): error TS7031: Binding element 'onClose' implicitly has an 'any' type.
src/components/editor/CommandPalette.jsx(95,3): error TS7031: Binding element 'onAction' implicitly has an 'any' type.
src/components/editor/CommandPalette.jsx(107,9): error TS2322: Type 'any[]' is not assignable to type 'never[]'.
  Type 'any' is not assignable to type 'never'.
src/components/editor/CommandPalette.jsx(124,66): error TS2339: Property 'focus' does not exist on type 'never'.
src/components/editor/CommandPalette.jsx(135,40): error TS2339: Property 'scrollIntoView' does not exist on type 'never'.
src/components/editor/CommandPalette.jsx(144,26): error TS7006: Parameter 'delta' implicitly has an 'any' type.
src/components/editor/CommandPalette.jsx(149,27): error TS7006: Parameter 'value' implicitly has an 'any' type.
src/components/editor/CommandPalette.jsx(152,58): error TS2339: Property 'focus' does not exist on type 'never'.
src/components/editor/CommandPalette.jsx(155,23): error TS7006: Parameter 'command' implicitly has an 'any' type.
src/components/editor/CommandPalette.jsx(161,26): error TS7006: Parameter 'event' implicitly has an 'any' type.
src/components/editor/CommandPalette.jsx(279,45): error TS7006: Parameter 'command' implicitly has an 'any' type.
src/components/editor/CommandPalette.jsx(296,35): error TS2322: Type 'HTMLButtonElement | null' is not assignable to type 'never'.
  Type 'null' is not assignable to type 'never'.
src/components/editor/DebugPanel.jsx(76,22): error TS7031: Binding element 'type' implicitly has an 'any' type.
src/components/editor/DebugPanel.jsx(77,17): error TS7053: Element implicitly has an 'any' type because expression of type 'any' can't be used to index type '{ number: string; string: string; boolean: string; array: string; object: string; null: string; unknown: string; }'.
src/components/editor/DebugPanel.jsx(88,24): error TS7031: Binding element 'children' implicitly has an 'any' type.
src/components/editor/DebugPanel.jsx(88,34): error TS7031: Binding element 'onClick' implicitly has an 'any' type.
src/components/editor/DebugPanel.jsx(88,43): error TS7031: Binding element 'disabled' implicitly has an 'any' type.
src/components/editor/DebugPanel.jsx(88,69): error TS7031: Binding element 'title' implicitly has an 'any' type.
src/components/editor/DebugPanel.jsx(139,25): error TS7031: Binding element 'entry' implicitly has an 'any' type.
src/components/editor/DebugPanel.jsx(140,17): error TS7053: Element implicitly has an 'any' type because expression of type 'any' can't be used to index type '{ system: { color: string; icon: null; }; info: { color: string; icon: LucideIcon; }; warn: { color: string; icon: LucideIcon; }; error: { color: string; icon: LucideIcon; }; output: { ...; }; input: { ...; }; }'.
src/components/editor/DebugPanel.jsx(158,38): error TS7031: Binding element 'activeFile' implicitly has an 'any' type.
src/components/editor/DebugPanel.jsx(158,50): error TS7031: Binding element '_code' implicitly has an 'any' type.
src/components/editor/DebugPanel.jsx(158,57): error TS7031: Binding element 'problems' implicitly has an 'any[]' type.
src/components/editor/DebugPanel.jsx(224,28): error TS2339: Property 'scrollIntoView' does not exist on type 'never'.
src/components/editor/DebugPanel.jsx(227,31): error TS7006: Parameter 'text' implicitly has an 'any' type.
src/components/editor/DebugPanel.jsx(250,13): error TS7005: Variable 'sortedBreakpoints' implicitly has an 'any[]' type.
src/components/editor/DebugPanel.jsx(312,54): error TS18047: 'prev' is possibly 'null'.
src/components/editor/DebugPanel.jsx(408,33): error TS7006: Parameter 'id' implicitly has an 'any' type.
src/components/editor/DebugPanel.jsx(414,66): error TS2345: Argument of type 'number' is not assignable to parameter of type 'never'.
src/components/editor/DebugPanel.jsx(415,22): error TS2345: Argument of type '(prev: never[]) => number[]' is not assignable to parameter of type 'SetStateAction<never[]>'.
  Type '(prev: never[]) => number[]' is not assignable to type '(prevState: never[]) => never[]'.
    Type 'number[]' is not assignable to type 'never[]'.
      Type 'number' is not assignable to type 'never'.
src/components/editor/DebugPanel.jsx(422,35): error TS7006: Parameter 'line' implicitly has an 'any' type.
src/components/editor/DebugPanel.jsx(427,26): error TS7006: Parameter 'key' implicitly has an 'any' type.
src/components/editor/DebugPanel.jsx(428,47): error TS7053: Element implicitly has an 'any' type because expression of type 'any' can't be used to index type '{ configuration: boolean; controls: boolean; variables: boolean; callstack: boolean; breakpoints: boolean; console: boolean; }'.
src/components/editor/DebugPanel.jsx(431,31): error TS7006: Parameter 'value' implicitly has an 'any' type.
src/components/editor/DebugPanel.jsx(457,6): error TS2741: Property 'style' is missing in type '{ children: Element[]; ariaLabel: string; className: string; }' but required in type '{ children: any; ariaLabel: any; className?: string | undefined; style: any; }'.
src/components/editor/DebugPanel.jsx(458,8): error TS2739: Type '{ icon: LucideIcon; title: string; subtitle: any; status: Element; }' is missing the following properties from type '{ icon: any; title: any; subtitle: any; status: any; actions: any; children: any; className?: string | undefined; }': actions, children
src/components/editor/DebugPanel.jsx(462,18): error TS2741: Property 'title' is missing in type '{ children: string; tone: string; }' but required in type '{ children: any; tone?: string | undefined; title: any; }'.
src/components/editor/DebugPanel.jsx(465,8): error TS2322: Type '{ children: Element[]; className: string; }' is not assignable to type 'IntrinsicAttributes & RefAttributes<any>'.
  Property 'children' does not exist on type 'IntrinsicAttributes & RefAttributes<any>'.
src/components/editor/DebugPanel.jsx(466,10): error TS2739: Type '{ children: Element; icon: LucideIcon; title: string; expanded: boolean; onToggle: () => void; }' is missing the following properties from type '{ title: any; icon: any; count: any; expanded?: boolean | undefined; onToggle: any; action: any; actionLabel: any; actionDisabled?: boolean | undefined; actionTitle: any; children: any; }': count, action, actionLabel, actionTitle
src/components/editor/DebugPanel.jsx(474,16): error TS2739: Type '{ icon: LucideIcon; tone: string; title: string; detail: string; }' is missing the following properties from type '{ icon?: LucideIcon | undefined; title: any; detail: any; tone?: string | undefined; children: any; actionLabel: any; onAction: any; className?: string | undefined; }': children, actionLabel, onAction
src/components/editor/DebugPanel.jsx(555,10): error TS2739: Type '{ children: Element; icon: LucideIcon; title: string; expanded: boolean; onToggle: () => void; }' is missing the following properties from type '{ title: any; icon: any; count: any; expanded?: boolean | undefined; onToggle: any; action: any; actionLabel: any; actionDisabled?: boolean | undefined; actionTitle: any; children: any; }': count, action, actionLabel, actionTitle
src/components/editor/DebugPanel.jsx(599,18): error TS2741: Property 'disabled' is missing in type '{ children: Element[]; onClick: () => void; tone: string; title: string; }' but required in type '{ children: any; onClick: any; disabled: any; tone?: string | undefined; title: any; }'.
src/components/editor/DebugPanel.jsx(623,16): error TS2741: Property 'disabled' is missing in type '{ children: Element[]; onClick: () => void; title: string; }' but required in type '{ children: any; onClick: any; disabled: any; tone?: string | undefined; title: any; }'.
src/components/editor/DebugPanel.jsx(647,10): error TS2739: Type '{ children: Element; icon: LucideIcon; title: string; count: number; expanded: boolean; onToggle: () => void; }' is missing the following properties from type '{ title: any; icon: any; count: any; expanded?: boolean | undefined; onToggle: any; action: any; actionLabel: any; actionDisabled?: boolean | undefined; actionTitle: any; children: any; }': action, actionLabel, actionTitle
src/components/editor/DebugPanel.jsx(656,16): error TS2739: Type '{ compact: true; title: string; detail: string; }' is missing the following properties from type '{ icon?: LucideIcon | undefined; title: any; detail: any; tone?: string | undefined; actionLabel: any; onAction: any; spinning?: boolean | undefined; compact?: boolean | undefined; children: any; }': actionLabel, onAction, children
src/components/editor/DebugPanel.jsx(676,27): error TS2339: Property 'watch' does not exist on type '{ id: number; name: string; value: string; type: string; mutable: boolean; }'.
src/components/editor/DebugPanel.jsx(731,10): error TS2739: Type '{ children: Element; icon: LucideIcon; title: string; count: number; expanded: boolean; onToggle: () => void; }' is missing the following properties from type '{ title: any; icon: any; count: any; expanded?: boolean | undefined; onToggle: any; action: any; actionLabel: any; actionDisabled?: boolean | undefined; actionTitle: any; children: any; }': action, actionLabel, actionTitle
src/components/editor/DebugPanel.jsx(740,16): error TS2739: Type '{ compact: true; title: string; detail: string; }' is missing the following properties from type '{ icon?: LucideIcon | undefined; title: any; detail: any; tone?: string | undefined; actionLabel: any; onAction: any; spinning?: boolean | undefined; compact?: boolean | undefined; children: any; }': actionLabel, onAction, children
src/components/editor/DebugPanel.jsx(768,10): error TS2739: Type '{ children: Element; icon: LucideIcon; title: string; count: number; expanded: boolean; onToggle: () => void; }' is missing the following properties from type '{ title: any; icon: any; count: any; expanded?: boolean | undefined; onToggle: any; action: any; actionLabel: any; actionDisabled?: boolean | undefined; actionTitle: any; children: any; }': action, actionLabel, actionTitle
src/components/editor/DebugPanel.jsx(777,16): error TS2739: Type '{ compact: true; title: string; detail: string; }' is missing the following properties from type '{ icon?: LucideIcon | undefined; title: any; detail: any; tone?: string | undefined; actionLabel: any; onAction: any; spinning?: boolean | undefined; compact?: boolean | undefined; children: any; }': actionLabel, onAction, children
src/components/editor/DebugPanel.jsx(848,10): error TS2741: Property 'actionTitle' is missing in type '{ children: Element; icon: LucideIcon; title: string; count: number; expanded: boolean; onToggle: () => void; action: () => void; actionLabel: string; }' but required in type '{ title: any; icon: any; count: any; expanded?: boolean | undefined; onToggle: any; action: any; actionLabel: any; actionDisabled?: boolean | undefined; actionTitle: any; children: any; }'.
src/components/editor/ExtensionsPanel.jsx(129,35): error TS7006: Parameter 'text' implicitly has an 'any' type.
src/components/editor/ExtensionsPanel.jsx(151,25): error TS7006: Parameter 'level' implicitly has an 'any' type.
src/components/editor/ExtensionsPanel.jsx(178,26): error TS7031: Binding element 'active' implicitly has an 'any' type.
src/components/editor/ExtensionsPanel.jsx(178,34): error TS7031: Binding element 'children' implicitly has an 'any' type.
src/components/editor/ExtensionsPanel.jsx(178,44): error TS7031: Binding element 'onClick' implicitly has an 'any' type.
src/components/editor/ExtensionsPanel.jsx(205,31): error TS7031: Binding element 'Icon' implicitly has an 'any' type.
src/components/editor/ExtensionsPanel.jsx(205,37): error TS7031: Binding element 'value' implicitly has an 'any' type.
src/components/editor/ExtensionsPanel.jsx(205,44): error TS7031: Binding element 'options' implicitly has an 'any' type.
src/components/editor/ExtensionsPanel.jsx(205,53): error TS7031: Binding element 'onChange' implicitly has an 'any' type.
src/components/editor/ExtensionsPanel.jsx(205,63): error TS7031: Binding element 'title' implicitly has an 'any' type.
src/components/editor/ExtensionsPanel.jsx(222,23): error TS7006: Parameter 'option' implicitly has an 'any' type.
src/components/editor/ExtensionsPanel.jsx(232,26): error TS7031: Binding element 'message' implicitly has an 'any' type.
src/components/editor/ExtensionsPanel.jsx(260,25): error TS7031: Binding element 'checked' implicitly has an 'any' type.
src/components/editor/ExtensionsPanel.jsx(260,34): error TS7031: Binding element 'onClick' implicitly has an 'any' type.
src/components/editor/ExtensionsPanel.jsx(260,43): error TS7031: Binding element 'disabled' implicitly has an 'any' type.
src/components/editor/ExtensionsPanel.jsx(292,17): error TS7031: Binding element 'children' implicitly has an 'any' type.
src/components/editor/ExtensionsPanel.jsx(292,43): error TS7031: Binding element 'title' implicitly has an 'any' type.
src/components/editor/ExtensionsPanel.jsx(294,21): error TS7053: Element implicitly has an 'any' type because expression of type 'string' can't be used to index type '{ accent: { background: string; border: string; color: string; }; warning: { background: string; border: string; color: string; }; danger: { background: string; border: string; color: string; }; muted: { ...; }; } | { ...; }'.
  No index signature with a parameter of type 'string' was found on type '{ accent: { background: string; border: string; color: string; }; warning: { background: string; border: string; color: string; }; danger: { background: string; border: string; color: string; }; muted: { ...; }; } | { ...; }'.
src/components/editor/ExtensionsPanel.jsx(312,33): error TS7031: Binding element 'overview' implicitly has an 'any' type.
src/components/editor/ExtensionsPanel.jsx(312,43): error TS7031: Binding element 'storageHealth' implicitly has an 'any' type.
src/components/editor/ExtensionsPanel.jsx(312,58): error TS7031: Binding element 'hostSummary' implicitly has an 'any' type.
src/components/editor/ExtensionsPanel.jsx(313,23): error TS7053: Element implicitly has an 'any' type because expression of type 'any' can't be used to index type '{ ok: string; migrated: string; default: string; degraded: string; unavailable: string; }'.
src/components/editor/ExtensionsPanel.jsx(315,14): error TS7006: Parameter 'point' implicitly has an 'any' type.
src/components/editor/ExtensionsPanel.jsx(318,11): error TS7006: Parameter 'entry' implicitly has an 'any' type.
src/components/editor/ExtensionsPanel.jsx(332,29): error TS7006: Parameter 'point' implicitly has an 'any' type.
src/components/editor/ExtensionsPanel.jsx(333,26): error TS7053: Element implicitly has an 'any' type because expression of type 'any' can't be used to index type '{ commands: LucideIcon; views: LucideIcon; languages: LucideIcon; themes: LucideIcon; keybindings: LucideIcon; snippets: LucideIcon; }'.
src/components/editor/ExtensionsPanel.jsx(357,32): error TS7031: Binding element 'events' implicitly has an 'any' type.
src/components/editor/ExtensionsPanel.jsx(368,32): error TS7006: Parameter 'event' implicitly has an 'any' type.
src/components/editor/ExtensionsPanel.jsx(385,35): error TS7031: Binding element 'summaries' implicitly has an 'any' type.
src/components/editor/ExtensionsPanel.jsx(396,23): error TS7006: Parameter 'summary' implicitly has an 'any' type.
src/components/editor/ExtensionsPanel.jsx(413,26): error TS7031: Binding element 'extension' implicitly has an 'any' type.
src/components/editor/ExtensionsPanel.jsx(413,37): error TS7031: Binding element 'onInstall' implicitly has an 'any' type.
src/components/editor/ExtensionsPanel.jsx(413,48): error TS7031: Binding element 'onRemove' implicitly has an 'any' type.
src/components/editor/ExtensionsPanel.jsx(413,58): error TS7031: Binding element 'onToggleEnabled' implicitly has an 'any' type.
src/components/editor/ExtensionsPanel.jsx(413,75): error TS7031: Binding element 'index' implicitly has an 'any' type.
src/components/editor/ExtensionsPanel.jsx(440,14): error TS7006: Parameter 'summary' implicitly has an 'any' type.
src/components/editor/ExtensionsPanel.jsx(444,55): error TS7006: Parameter 'summary' implicitly has an 'any' type.
src/components/editor/ExtensionsPanel.jsx(447,22): error TS7006: Parameter 'action' implicitly has an 'any' type.
src/components/editor/ExtensionsPanel.jsx(532,36): error TS7006: Parameter 'summary' implicitly has an 'any' type.
src/components/editor/ExtensionsPanel.jsx(628,53): error TS7006: Parameter 'event' implicitly has an 'any' type.
src/components/editor/ExtensionsPanel.jsx(633,27): error TS7006: Parameter 'summary' implicitly has an 'any' type.
src/components/editor/ExtensionsPanel.jsx(689,43): error TS7031: Binding element 'onInstalledChange' implicitly has an 'any' type.
src/components/editor/ExtensionsPanel.jsx(739,49): error TS2339: Property 'diagnostics' does not exist on type 'never'.
src/components/editor/ExtensionsPanel.jsx(765,19): error TS2345: Argument of type '{ ok: boolean; diagnostics: ({ level: any; code: any; message: any; detail: any; } | null)[]; persistedAt?: undefined; } | { ok: boolean; diagnostics: { level: any; code: any; message: any; detail: any; }[]; persistedAt: string; } | null' is not assignable to parameter of type 'SetStateAction<null>'.
  Type '{ ok: boolean; diagnostics: ({ level: any; code: any; message: any; detail: any; } | null)[]; persistedAt?: undefined; }' is not assignable to type 'SetStateAction<null>'.
    Type '{ ok: boolean; diagnostics: ({ level: any; code: any; message: any; detail: any; } | null)[]; persistedAt?: undefined; }' provides no match for the signature '(prevState: null): null'.
src/components/editor/ExtensionsPanel.jsx(768,7): error TS2345: Argument of type 'string' is not assignable to parameter of type 'SetStateAction<null>'.
src/components/editor/ExtensionsPanel.jsx(775,25): error TS7006: Parameter 'updater' implicitly has an 'any' type.
src/components/editor/ExtensionsPanel.jsx(775,34): error TS7006: Parameter 'statusMessage' implicitly has an 'any' type.
src/components/editor/ExtensionsPanel.jsx(779,29): error TS2345: Argument of type '"No registry change was applied."' is not assignable to parameter of type 'SetStateAction<null>'.
src/components/editor/ExtensionsPanel.jsx(799,19): error TS7006: Parameter 'current' implicitly has an 'any' type.
src/components/editor/ExtensionsPanel.jsx(810,9): error TS2345: Argument of type '"Runtime snapshot copied." | "Clipboard unavailable; snapshot was generated but not copied."' is not assignable to parameter of type 'SetStateAction<null>'.
  Type '"Runtime snapshot copied."' is not assignable to type 'SetStateAction<null>'.
src/components/editor/ExtensionsPanel.jsx(815,34): error TS2339: Property 'message' does not exist on type '{}'.
src/components/editor/ExtensionsPanel.jsx(827,25): error TS2345: Argument of type '"Bundled default extensions restored."' is not assignable to parameter of type 'SetStateAction<null>'.
src/components/editor/ExtensionsPanel.jsx(831,6): error TS2741: Property 'style' is missing in type '{ children: Element[]; ariaLabel: string; className: string; }' but required in type '{ children: any; ariaLabel: any; className?: string | undefined; style: any; }'.
src/components/editor/ExtensionsPanel.jsx(832,8): error TS2739: Type '{ icon: LucideIcon; title: string; subtitle: string; status: Element; }' is missing the following properties from type '{ icon: any; title: any; subtitle: any; status: any; actions: any; children: any; className?: string | undefined; }': actions, children
src/components/editor/ExtensionsPanel.jsx(838,14): error TS2741: Property 'title' is missing in type '{ children: (string | number)[]; tone: string; }' but required in type '{ children: any; tone?: string | undefined; title: any; }'.
src/components/editor/ExtensionsPanel.jsx(840,14): error TS2741: Property 'title' is missing in type '{ children: string; tone: string; }' but required in type '{ children: any; tone?: string | undefined; title: any; }'.
src/components/editor/ExtensionsPanel.jsx(923,24): error TS7006: Parameter 'value' implicitly has an 'any' type.
src/components/editor/ExtensionsPanel.jsx(936,24): error TS7006: Parameter 'value' implicitly has an 'any' type.
src/components/editor/ExtensionsPanel.jsx(946,24): error TS7006: Parameter 'value' implicitly has an 'any' type.
src/components/editor/ExtensionsPanel.jsx(955,8): error TS2322: Type '{ children: (Element | null)[]; className: string; }' is not assignable to type 'IntrinsicAttributes & RefAttributes<any>'.
  Property 'children' does not exist on type 'IntrinsicAttributes & RefAttributes<any>'.
src/components/editor/ExtensionsPanel.jsx(957,36): error TS7006: Parameter 'extension' implicitly has an 'any' type.
src/components/editor/ExtensionsPanel.jsx(957,47): error TS7006: Parameter 'index' implicitly has an 'any' type.
src/components/editor/ExtensionsPanel.jsx(962,27): error TS7006: Parameter 'id' implicitly has an 'any' type.
src/components/editor/ExtensionsPanel.jsx(963,18): error TS7006: Parameter 'current' implicitly has an 'any' type.
src/components/editor/ExtensionsPanel.jsx(966,26): error TS7006: Parameter 'id' implicitly has an 'any' type.
src/components/editor/ExtensionsPanel.jsx(967,18): error TS7006: Parameter 'current' implicitly has an 'any' type.
src/components/editor/ExtensionsPanel.jsx(970,33): error TS7006: Parameter 'id' implicitly has an 'any' type.
src/components/editor/ExtensionsPanel.jsx(970,37): error TS7006: Parameter 'enabled' implicitly has an 'any' type.
src/components/editor/ExtensionsPanel.jsx(972,20): error TS7006: Parameter 'current' implicitly has an 'any' type.
src/components/editor/ExtensionsPanel.jsx(981,12): error TS2741: Property 'children' is missing in type '{ icon: LucideIcon; title: string; detail: string; actionLabel: string; onAction: () => void; }' but required in type '{ icon?: LucideIcon | undefined; title: any; detail: any; tone?: string | undefined; actionLabel: any; onAction: any; spinning?: boolean | undefined; compact?: boolean | undefined; children: any; }'.
src/components/editor/FileExplorer.jsx(66,28): error TS7006: Parameter 'count' implicitly has an 'any' type.
src/components/editor/FileExplorer.jsx(70,30): error TS7031: Binding element 'isActive' implicitly has an 'any' type.
src/components/editor/FileExplorer.jsx(70,40): error TS7031: Binding element 'isMatch' implicitly has an 'any' type.
src/components/editor/FileExplorer.jsx(95,27): error TS7031: Binding element 'workspacePath' implicitly has an 'any' type.
src/components/editor/FileExplorer.jsx(113,3): error TS7022: 'title' implicitly has type 'any' because it does not have a type annotation and is referenced directly or indirectly in its own initializer.
src/components/editor/FileExplorer.jsx(113,3): error TS7031: Binding element 'title' implicitly has an 'any' type.
src/components/editor/FileExplorer.jsx(115,3): error TS7031: Binding element 'onClick' implicitly has an 'any' type.
src/components/editor/FileExplorer.jsx(117,3): error TS7031: Binding element 'children' implicitly has an 'any' type.
src/components/editor/FileExplorer.jsx(143,3): error TS7031: Binding element 'onConfirm' implicitly has an 'any' type.
src/components/editor/FileExplorer.jsx(144,3): error TS7031: Binding element 'onCancel' implicitly has an 'any' type.
src/components/editor/FileExplorer.jsx(193,24): error TS7031: Binding element 'depth' implicitly has an 'any' type.
src/components/editor/FileExplorer.jsx(193,31): error TS7031: Binding element 'type' implicitly has an 'any' type.
src/components/editor/FileExplorer.jsx(193,37): error TS7031: Binding element 'onConfirm' implicitly has an 'any' type.
src/components/editor/FileExplorer.jsx(193,48): error TS7031: Binding element 'onCancel' implicitly has an 'any' type.
src/components/editor/FileExplorer.jsx(222,36): error TS7031: Binding element 'Icon' implicitly has an 'any' type.
src/components/editor/FileExplorer.jsx(222,42): error TS7031: Binding element 'children' implicitly has an 'any' type.
src/components/editor/FileExplorer.jsx(222,52): error TS7031: Binding element 'onClick' implicitly has an 'any' type.
src/components/editor/FileExplorer.jsx(239,23): error TS7031: Binding element 'icon' implicitly has an 'any' type.
src/components/editor/FileExplorer.jsx(239,29): error TS7031: Binding element 'title' implicitly has an 'any' type.
src/components/editor/FileExplorer.jsx(239,36): error TS7031: Binding element 'detail' implicitly has an 'any' type.
src/components/editor/FileExplorer.jsx(239,44): error TS7031: Binding element 'children' implicitly has an 'any' type.
src/components/editor/FileExplorer.jsx(279,32): error TS7031: Binding element 'section' implicitly has an 'any' type.
src/components/editor/FileExplorer.jsx(307,26): error TS7031: Binding element 'node' implicitly has an 'any' type.
src/components/editor/FileExplorer.jsx(307,32): error TS7031: Binding element 'isActive' implicitly has an 'any' type.
src/components/editor/FileExplorer.jsx(326,22): error TS7031: Binding element 'node' implicitly has an 'any' type.
src/components/editor/FileExplorer.jsx(340,24): error TS7031: Binding element 'row' implicitly has an 'any' type.
src/components/editor/FileExplorer.jsx(358,3): error TS7031: Binding element 'row' implicitly has an 'any' type.
src/components/editor/FileExplorer.jsx(359,3): error TS7031: Binding element 'activeFileId' implicitly has an 'any' type.
src/components/editor/FileExplorer.jsx(360,3): error TS7031: Binding element 'renamingId' implicitly has an 'any' type.
src/components/editor/FileExplorer.jsx(361,3): error TS7031: Binding element 'deleteConfirmId' implicitly has an 'any' type.
src/components/editor/FileExplorer.jsx(362,3): error TS7031: Binding element 'busyId' implicitly has an 'any' type.
src/components/editor/FileExplorer.jsx(363,3): error TS7031: Binding element 'onToggleFolder' implicitly has an 'any' type.
src/components/editor/FileExplorer.jsx(364,3): error TS7031: Binding element 'onFileSelect' implicitly has an 'any' type.
src/components/editor/FileExplorer.jsx(365,3): error TS7031: Binding element 'onStartCreate' implicitly has an 'any' type.
src/components/editor/FileExplorer.jsx(366,3): error TS7031: Binding element 'onStartRename' implicitly has an 'any' type.
src/components/editor/FileExplorer.jsx(367,3): error TS7031: Binding element 'onRenameConfirm' implicitly has an 'any' type.
src/components/editor/FileExplorer.jsx(368,3): error TS7031: Binding element 'onDelete' implicitly has an 'any' type.
src/components/editor/FileExplorer.jsx(471,25): error TS7006: Parameter 'name' implicitly has an 'any' type.
src/components/editor/FileExplorer.jsx(558,3): error TS7031: Binding element 'files' implicitly has an 'any' type.
src/components/editor/FileExplorer.jsx(559,3): error TS7031: Binding element 'activeFileId' implicitly has an 'any' type.
src/components/editor/FileExplorer.jsx(560,3): error TS7031: Binding element 'onFileSelect' implicitly has an 'any' type.
src/components/editor/FileExplorer.jsx(561,3): error TS7031: Binding element 'onCreateFile' implicitly has an 'any' type.
src/components/editor/FileExplorer.jsx(562,3): error TS7031: Binding element 'onCreateFolder' implicitly has an 'any' type.
src/components/editor/FileExplorer.jsx(563,3): error TS7031: Binding element 'onRenameFile' implicitly has an 'any' type.
src/components/editor/FileExplorer.jsx(564,3): error TS7031: Binding element 'onDeleteFile' implicitly has an 'any' type.
src/components/editor/FileExplorer.jsx(565,3): error TS7031: Binding element 'onToggleFolder' implicitly has an 'any' type.
src/components/editor/FileExplorer.jsx(566,3): error TS7031: Binding element 'onRefresh' implicitly has an 'any' type.
src/components/editor/FileExplorer.jsx(567,3): error TS7031: Binding element 'workspacePath' implicitly has an 'any' type.
src/components/editor/FileExplorer.jsx(690,40): error TS7006: Parameter 'id' implicitly has an 'any' type.
src/components/editor/FileExplorer.jsx(690,44): error TS7006: Parameter 'action' implicitly has an 'any' type.
src/components/editor/FileExplorer.jsx(696,34): error TS2339: Property 'message' does not exist on type '{}'.
src/components/editor/FileExplorer.jsx(703,6): error TS7006: Parameter 'id' implicitly has an 'any' type.
src/components/editor/FileExplorer.jsx(713,6): error TS7006: Parameter 'name' implicitly has an 'any' type.
src/components/editor/FileExplorer.jsx(726,6): error TS7006: Parameter 'id' implicitly has an 'any' type.
src/components/editor/FileExplorer.jsx(726,10): error TS7006: Parameter 'name' implicitly has an 'any' type.
src/components/editor/FileExplorer.jsx(736,6): error TS7006: Parameter 'id' implicitly has an 'any' type.
src/components/editor/FileExplorer.jsx(759,5): error TS2322: Type 'number' is not assignable to type 'null'.
src/components/editor/FileExplorer.jsx(770,37): error TS2339: Property 'message' does not exist on type '{}'.
src/components/editor/FileExplorer.jsx(789,10): error TS7006: Parameter 'callback' implicitly has an 'any' type.
src/components/editor/FileExplorer.jsx(826,6): error TS7006: Parameter 'type' implicitly has an 'any' type.
src/components/editor/FileExplorer.jsx(1060,12): error TS2741: Property 'children' is missing in type '{ icon: LucideIcon; title: string; detail: string; }' but required in type '{ icon: any; title: any; detail: any; children: any; }'.
src/components/editor/FileExplorer.jsx(1111,35): error TS7006: Parameter 'name' implicitly has an 'any' type.
src/components/editor/github/GitHubRepositoryInputCard.jsx(7,3): error TS7031: Binding element 'panelId' implicitly has an 'any' type.
src/components/editor/github/GitHubRepositoryInputCard.jsx(8,3): error TS7031: Binding element 'definition' implicitly has an 'any' type.
src/components/editor/github/GitHubRepositoryInputCard.jsx(9,3): error TS7031: Binding element 'capability' implicitly has an 'any' type.
src/components/editor/github/GitHubRepositoryInputCard.jsx(10,3): error TS7031: Binding element 'capabilityStatus' implicitly has an 'any' type.
src/components/editor/github/GitHubRepositoryInputCard.jsx(11,3): error TS7031: Binding element 'repoDraft' implicitly has an 'any' type.
src/components/editor/github/GitHubRepositoryInputCard.jsx(12,3): error TS7031: Binding element 'onRepoDraftChange' implicitly has an 'any' type.
src/components/editor/github/GitHubRepositoryInputCard.jsx(13,3): error TS7031: Binding element 'stateFilter' implicitly has an 'any' type.
src/components/editor/github/GitHubRepositoryInputCard.jsx(14,3): error TS7031: Binding element 'onStateFilterChange' implicitly has an 'any' type.
src/components/editor/github/GitHubRepositoryInputCard.jsx(15,3): error TS7031: Binding element 'projectOwnerType' implicitly has an 'any' type.
src/components/editor/github/GitHubRepositoryInputCard.jsx(16,3): error TS7031: Binding element 'onProjectOwnerTypeChange' implicitly has an 'any' type.
src/components/editor/github/GitHubRepositoryInputCard.jsx(17,3): error TS7031: Binding element 'loading' implicitly has an 'any' type.
src/components/editor/github/GitHubRepositoryInputCard.jsx(18,3): error TS7031: Binding element 'onOpenGit' implicitly has an 'any' type.
src/components/editor/github/GitHubRepositoryInputCard.jsx(19,3): error TS7031: Binding element 'onOpenAccount' implicitly has an 'any' type.
src/components/editor/github/GitHubRepositoryInputCard.jsx(22,6): error TS2741: Property 'style' is missing in type '{ children: Element; className: string; }' but required in type '{ [x: string]: any; children: any; className?: string | undefined; selected?: boolean | undefined; style: any; }'.
src/components/editor/github/GitHubRepositoryInputCard.jsx(29,14): error TS2741: Property 'style' is missing in type '{ value: any; onChange: (event: any) => any; placeholder: string; title: any; }' but required in type '{ [x: string]: any; className?: string | undefined; style: any; }'.
src/components/editor/github/GitHubRepositoryInputCard.jsx(31,26): error TS7006: Parameter 'event' implicitly has an 'any' type.
src/components/editor/github/GitHubRepositoryInputCard.jsx(42,16): error TS2741: Property 'style' is missing in type '{ children: Element[]; value: any; onChange: (event: any) => any; }' but required in type '{ [x: string]: any; children: any; className?: string | undefined; style: any; }'.
src/components/editor/github/GitHubRepositoryInputCard.jsx(44,28): error TS7006: Parameter 'event' implicitly has an 'any' type.
src/components/editor/github/GitHubRepositoryInputCard.jsx(56,16): error TS2741: Property 'style' is missing in type '{ children: Element[]; value: any; onChange: (event: any) => any; }' but required in type '{ [x: string]: any; children: any; className?: string | undefined; style: any; }'.
src/components/editor/github/GitHubRepositoryInputCard.jsx(58,28): error TS7006: Parameter 'event' implicitly has an 'any' type.
src/components/editor/github/GitHubWorkbenchActions.jsx(16,3): error TS7031: Binding element 'items' implicitly has an 'any' type.
src/components/editor/github/GitHubWorkbenchActions.jsx(17,3): error TS7031: Binding element 'selectedItem' implicitly has an 'any' type.
src/components/editor/github/GitHubWorkbenchActions.jsx(18,3): error TS7031: Binding element 'onSelectItem' implicitly has an 'any' type.
src/components/editor/github/GitHubWorkbenchActions.jsx(19,3): error TS7031: Binding element 'createDraft' implicitly has an 'any' type.
src/components/editor/github/GitHubWorkbenchActions.jsx(20,3): error TS7031: Binding element 'onCreateDraftChange' implicitly has an 'any' type.
src/components/editor/github/GitHubWorkbenchActions.jsx(21,3): error TS7031: Binding element 'editDraft' implicitly has an 'any' type.
src/components/editor/github/GitHubWorkbenchActions.jsx(22,3): error TS7031: Binding element 'onEditDraftChange' implicitly has an 'any' type.
src/components/editor/github/GitHubWorkbenchActions.jsx(23,3): error TS7031: Binding element 'busy' implicitly has an 'any' type.
src/components/editor/github/GitHubWorkbenchActions.jsx(24,3): error TS7031: Binding element 'onCreate' implicitly has an 'any' type.
src/components/editor/github/GitHubWorkbenchActions.jsx(25,3): error TS7031: Binding element 'onUpdate' implicitly has an 'any' type.
src/components/editor/github/GitHubWorkbenchActions.jsx(26,3): error TS7031: Binding element 'confirmAction' implicitly has an 'any' type.
src/components/editor/github/GitHubWorkbenchActions.jsx(27,3): error TS7031: Binding element 'onRequestConfirm' implicitly has an 'any' type.
src/components/editor/github/GitHubWorkbenchActions.jsx(28,3): error TS7031: Binding element 'onConfirmCancel' implicitly has an 'any' type.
src/components/editor/github/GitHubWorkbenchActions.jsx(38,6): error TS2739: Type '{ children: Element; title: string; icon: LucideIcon; expanded: true; }' is missing the following properties from type '{ title: any; icon: any; count: any; expanded?: boolean | undefined; onToggle: any; action: any; actionLabel: any; actionDisabled?: boolean | undefined; actionTitle: any; children: any; }': count, onToggle, action, actionLabel, actionTitle
src/components/editor/github/GitHubWorkbenchActions.jsx(40,10): error TS2741: Property 'style' is missing in type '{ children: Element[]; className: string; }' but required in type '{ [x: string]: any; children: any; className?: string | undefined; selected?: boolean | undefined; style: any; }'.
src/components/editor/github/GitHubWorkbenchActions.jsx(48,14): error TS2741: Property 'style' is missing in type '{ value: any; onChange: (event: any) => any; placeholder: string; }' but required in type '{ [x: string]: any; className?: string | undefined; style: any; }'.
src/components/editor/github/GitHubWorkbenchActions.jsx(50,26): error TS7006: Parameter 'event' implicitly has an 'any' type.
src/components/editor/github/GitHubWorkbenchActions.jsx(55,26): error TS7006: Parameter 'event' implicitly has an 'any' type.
src/components/editor/github/GitHubWorkbenchActions.jsx(59,16): error TS2741: Property 'style' is missing in type '{ value: any; onChange: (event: any) => any; placeholder: string; }' but required in type '{ [x: string]: any; className?: string | undefined; style: any; }'.
src/components/editor/github/GitHubWorkbenchActions.jsx(61,28): error TS7006: Parameter 'event' implicitly has an 'any' type.
src/components/editor/github/GitHubWorkbenchActions.jsx(64,16): error TS2741: Property 'style' is missing in type '{ value: any; onChange: (event: any) => any; placeholder: string; }' but required in type '{ [x: string]: any; className?: string | undefined; style: any; }'.
src/components/editor/github/GitHubWorkbenchActions.jsx(66,28): error TS7006: Parameter 'event' implicitly has an 'any' type.
src/components/editor/github/GitHubWorkbenchActions.jsx(70,14): error TS2739: Type '{ children: string; type: string; icon: LucideIcon; tone: string; disabled: boolean; className: string; }' is missing the following properties from type '{ children: any; icon: any; onClick: any; disabled?: boolean | undefined; tone?: string | undefined; type?: string | undefined; title: any; className?: string | undefined; }': onClick, title
src/components/editor/github/GitHubWorkbenchActions.jsx(82,10): error TS2741: Property 'style' is missing in type '{ children: Element[]; className: string; }' but required in type '{ [x: string]: any; children: any; className?: string | undefined; selected?: boolean | undefined; style: any; }'.
src/components/editor/github/GitHubWorkbenchActions.jsx(88,14): error TS2741: Property 'title' is missing in type '{ children: string; tone: string; }' but required in type '{ children: any; tone?: string | undefined; title: any; }'.
src/components/editor/github/GitHubWorkbenchActions.jsx(91,14): error TS2741: Property 'style' is missing in type '{ children: any[]; value: any; disabled: boolean; onChange: (event: any) => void; }' but required in type '{ [x: string]: any; children: any; className?: string | undefined; style: any; }'.
src/components/editor/github/GitHubWorkbenchActions.jsx(94,26): error TS7006: Parameter 'event' implicitly has an 'any' type.
src/components/editor/github/GitHubWorkbenchActions.jsx(95,42): error TS7006: Parameter 'item' implicitly has an 'any' type.
src/components/editor/github/GitHubWorkbenchActions.jsx(100,27): error TS7006: Parameter 'item' implicitly has an 'any' type.
src/components/editor/github/GitHubWorkbenchActions.jsx(100,33): error TS7006: Parameter 'index' implicitly has an 'any' type.
src/components/editor/github/GitHubWorkbenchActions.jsx(112,16): error TS2741: Property 'style' is missing in type '{ value: any; onChange: (event: any) => any; placeholder: string; disabled: boolean; }' but required in type '{ [x: string]: any; className?: string | undefined; style: any; }'.
src/components/editor/github/GitHubWorkbenchActions.jsx(114,28): error TS7006: Parameter 'event' implicitly has an 'any' type.
src/components/editor/github/GitHubWorkbenchActions.jsx(118,16): error TS2741: Property 'style' is missing in type '{ children: Element[]; value: any; onChange: (event: any) => any; disabled: boolean; }' but required in type '{ [x: string]: any; children: any; className?: string | undefined; style: any; }'.
src/components/editor/github/GitHubWorkbenchActions.jsx(120,28): error TS7006: Parameter 'event' implicitly has an 'any' type.
src/components/editor/github/GitHubWorkbenchActions.jsx(129,26): error TS7006: Parameter 'event' implicitly has an 'any' type.
src/components/editor/github/GitHubWorkbenchActions.jsx(143,14): error TS2741: Property 'onClick' is missing in type '{ children: string; type: string; icon: LucideIcon; tone: string; disabled: boolean; className: string; title: string; }' but required in type '{ children: any; icon: any; onClick: any; disabled?: boolean | undefined; tone?: string | undefined; type?: string | undefined; title: any; className?: string | undefined; }'.
src/components/editor/github/GitHubWorkbenchActions.jsx(167,3): error TS7031: Binding element 'items' implicitly has an 'any' type.
src/components/editor/github/GitHubWorkbenchActions.jsx(168,3): error TS7031: Binding element 'selectedItem' implicitly has an 'any' type.
src/components/editor/github/GitHubWorkbenchActions.jsx(169,3): error TS7031: Binding element 'onSelectItem' implicitly has an 'any' type.
src/components/editor/github/GitHubWorkbenchActions.jsx(170,3): error TS7031: Binding element 'createDraft' implicitly has an 'any' type.
src/components/editor/github/GitHubWorkbenchActions.jsx(171,3): error TS7031: Binding element 'onCreateDraftChange' implicitly has an 'any' type.
src/components/editor/github/GitHubWorkbenchActions.jsx(172,3): error TS7031: Binding element 'editDraft' implicitly has an 'any' type.
src/components/editor/github/GitHubWorkbenchActions.jsx(173,3): error TS7031: Binding element 'onEditDraftChange' implicitly has an 'any' type.
src/components/editor/github/GitHubWorkbenchActions.jsx(174,3): error TS7031: Binding element 'safetyDraft' implicitly has an 'any' type.
src/components/editor/github/GitHubWorkbenchActions.jsx(175,3): error TS7031: Binding element 'onSafetyDraftChange' implicitly has an 'any' type.
src/components/editor/github/GitHubWorkbenchActions.jsx(176,3): error TS7031: Binding element 'busy' implicitly has an 'any' type.
src/components/editor/github/GitHubWorkbenchActions.jsx(177,3): error TS7031: Binding element 'onCreate' implicitly has an 'any' type.
src/components/editor/github/GitHubWorkbenchActions.jsx(178,3): error TS7031: Binding element 'onUpdate' implicitly has an 'any' type.
src/components/editor/github/GitHubWorkbenchActions.jsx(179,3): error TS7031: Binding element 'onUpdateBranch' implicitly has an 'any' type.
src/components/editor/github/GitHubWorkbenchActions.jsx(180,3): error TS7031: Binding element 'onMerge' implicitly has an 'any' type.
src/components/editor/github/GitHubWorkbenchActions.jsx(181,3): error TS7031: Binding element 'confirmAction' implicitly has an 'any' type.
src/components/editor/github/GitHubWorkbenchActions.jsx(182,3): error TS7031: Binding element 'onRequestConfirm' implicitly has an 'any' type.
src/components/editor/github/GitHubWorkbenchActions.jsx(183,3): error TS7031: Binding element 'onConfirmCancel' implicitly has an 'any' type.
src/components/editor/github/GitHubWorkbenchActions.jsx(203,6): error TS2739: Type '{ children: Element; title: string; icon: LucideIcon; expanded: true; }' is missing the following properties from type '{ title: any; icon: any; count: any; expanded?: boolean | undefined; onToggle: any; action: any; actionLabel: any; actionDisabled?: boolean | undefined; actionTitle: any; children: any; }': count, onToggle, action, actionLabel, actionTitle
src/components/editor/github/GitHubWorkbenchActions.jsx(205,10): error TS2741: Property 'style' is missing in type '{ children: Element[]; className: string; }' but required in type '{ [x: string]: any; children: any; className?: string | undefined; selected?: boolean | undefined; style: any; }'.
src/components/editor/github/GitHubWorkbenchActions.jsx(213,14): error TS2741: Property 'style' is missing in type '{ value: any; onChange: (event: any) => any; placeholder: string; }' but required in type '{ [x: string]: any; className?: string | undefined; style: any; }'.
src/components/editor/github/GitHubWorkbenchActions.jsx(215,26): error TS7006: Parameter 'event' implicitly has an 'any' type.
src/components/editor/github/GitHubWorkbenchActions.jsx(219,16): error TS2741: Property 'style' is missing in type '{ value: any; onChange: (event: any) => any; placeholder: string; }' but required in type '{ [x: string]: any; className?: string | undefined; style: any; }'.
src/components/editor/github/GitHubWorkbenchActions.jsx(221,28): error TS7006: Parameter 'event' implicitly has an 'any' type.
src/components/editor/github/GitHubWorkbenchActions.jsx(224,16): error TS2741: Property 'style' is missing in type '{ value: any; onChange: (event: any) => any; placeholder: string; }' but required in type '{ [x: string]: any; className?: string | undefined; style: any; }'.
src/components/editor/github/GitHubWorkbenchActions.jsx(226,28): error TS7006: Parameter 'event' implicitly has an 'any' type.
src/components/editor/github/GitHubWorkbenchActions.jsx(232,26): error TS7006: Parameter 'event' implicitly has an 'any' type.
src/components/editor/github/GitHubWorkbenchActions.jsx(244,14): error TS2741: Property 'onClick' is missing in type '{ children: string; type: string; icon: LucideIcon; tone: string; disabled: boolean; className: string; title: string; }' but required in type '{ children: any; icon: any; onClick: any; disabled?: boolean | undefined; tone?: string | undefined; type?: string | undefined; title: any; className?: string | undefined; }'.
src/components/editor/github/GitHubWorkbenchActions.jsx(257,10): error TS2741: Property 'style' is missing in type '{ children: Element[]; className: string; }' but required in type '{ [x: string]: any; children: any; className?: string | undefined; selected?: boolean | undefined; style: any; }'.
src/components/editor/github/GitHubWorkbenchActions.jsx(263,14): error TS2741: Property 'title' is missing in type '{ children: string; tone: string; }' but required in type '{ children: any; tone?: string | undefined; title: any; }'.
src/components/editor/github/GitHubWorkbenchActions.jsx(266,14): error TS2741: Property 'style' is missing in type '{ children: any[]; value: any; disabled: boolean; onChange: (event: any) => void; }' but required in type '{ [x: string]: any; children: any; className?: string | undefined; style: any; }'.
src/components/editor/github/GitHubWorkbenchActions.jsx(269,26): error TS7006: Parameter 'event' implicitly has an 'any' type.
src/components/editor/github/GitHubWorkbenchActions.jsx(270,42): error TS7006: Parameter 'item' implicitly has an 'any' type.
src/components/editor/github/GitHubWorkbenchActions.jsx(275,27): error TS7006: Parameter 'item' implicitly has an 'any' type.
src/components/editor/github/GitHubWorkbenchActions.jsx(275,33): error TS7006: Parameter 'index' implicitly has an 'any' type.
src/components/editor/github/GitHubWorkbenchActions.jsx(287,16): error TS2741: Property 'style' is missing in type '{ value: any; onChange: (event: any) => any; placeholder: string; disabled: boolean; }' but required in type '{ [x: string]: any; className?: string | undefined; style: any; }'.
src/components/editor/github/GitHubWorkbenchActions.jsx(289,28): error TS7006: Parameter 'event' implicitly has an 'any' type.
src/components/editor/github/GitHubWorkbenchActions.jsx(293,16): error TS2741: Property 'style' is missing in type '{ children: Element[]; value: any; onChange: (event: any) => any; disabled: boolean; }' but required in type '{ [x: string]: any; children: any; className?: string | undefined; style: any; }'.
src/components/editor/github/GitHubWorkbenchActions.jsx(295,28): error TS7006: Parameter 'event' implicitly has an 'any' type.
src/components/editor/github/GitHubWorkbenchActions.jsx(302,14): error TS2741: Property 'style' is missing in type '{ value: any; onChange: (event: any) => any; placeholder: string; disabled: boolean; }' but required in type '{ [x: string]: any; className?: string | undefined; style: any; }'.
src/components/editor/github/GitHubWorkbenchActions.jsx(304,26): error TS7006: Parameter 'event' implicitly has an 'any' type.
src/components/editor/github/GitHubWorkbenchActions.jsx(310,26): error TS7006: Parameter 'event' implicitly has an 'any' type.
src/components/editor/github/GitHubWorkbenchActions.jsx(324,14): error TS2741: Property 'onClick' is missing in type '{ children: string; type: string; icon: LucideIcon; tone: string; disabled: boolean; className: string; title: string; }' but required in type '{ children: any; icon: any; onClick: any; disabled?: boolean | undefined; tone?: string | undefined; type?: string | undefined; title: any; className?: string | undefined; }'.
src/components/editor/github/GitHubWorkbenchActions.jsx(343,10): error TS2741: Property 'style' is missing in type '{ children: Element[]; className: string; }' but required in type '{ [x: string]: any; children: any; className?: string | undefined; selected?: boolean | undefined; style: any; }'.
src/components/editor/github/GitHubWorkbenchActions.jsx(349,14): error TS2741: Property 'title' is missing in type '{ children: string; tone: string; }' but required in type '{ children: any; tone?: string | undefined; title: any; }'.
src/components/editor/github/GitHubWorkbenchActions.jsx(364,16): error TS2741: Property 'style' is missing in type '{ value: any; onChange: (event: any) => any; placeholder: any; disabled: boolean; }' but required in type '{ [x: string]: any; className?: string | undefined; style: any; }'.
src/components/editor/github/GitHubWorkbenchActions.jsx(366,28): error TS7006: Parameter 'event' implicitly has an 'any' type.
src/components/editor/github/GitHubWorkbenchActions.jsx(382,16): error TS2741: Property 'onClick' is missing in type '{ children: string; type: string; icon: LucideIcon; tone: string; disabled: boolean; className: string; title: string; }' but required in type '{ children: any; icon: any; onClick: any; disabled?: boolean | undefined; tone?: string | undefined; type?: string | undefined; title: any; className?: string | undefined; }'.
src/components/editor/github/GitHubWorkbenchActions.jsx(403,18): error TS2741: Property 'title' is missing in type '{ children: string; tone: string; }' but required in type '{ children: any; tone?: string | undefined; title: any; }'.
src/components/editor/github/GitHubWorkbenchActions.jsx(406,18): error TS2741: Property 'style' is missing in type '{ children: Element[]; value: any; onChange: (event: any) => any; disabled: boolean; }' but required in type '{ [x: string]: any; children: any; className?: string | undefined; style: any; }'.
src/components/editor/github/GitHubWorkbenchActions.jsx(408,30): error TS7006: Parameter 'event' implicitly has an 'any' type.
src/components/editor/github/GitHubWorkbenchActions.jsx(417,18): error TS2741: Property 'style' is missing in type '{ value: any; onChange: (event: any) => any; placeholder: string; disabled: boolean; }' but required in type '{ [x: string]: any; className?: string | undefined; style: any; }'.
src/components/editor/github/GitHubWorkbenchActions.jsx(419,30): error TS7006: Parameter 'event' implicitly has an 'any' type.
src/components/editor/github/GitHubWorkbenchActions.jsx(428,28): error TS7006: Parameter 'event' implicitly has an 'any' type.
src/components/editor/github/GitHubWorkbenchActions.jsx(445,16): error TS2741: Property 'onClick' is missing in type '{ children: string; type: string; icon: LucideIcon; tone: string; disabled: boolean; className: string; title: string; }' but required in type '{ children: any; icon: any; onClick: any; disabled?: boolean | undefined; tone?: string | undefined; type?: string | undefined; title: any; className?: string | undefined; }'.
src/components/editor/github/GitHubWorkbenchActions.jsx(464,3): error TS7031: Binding element 'selectedProject' implicitly has an 'any' type.
src/components/editor/github/GitHubWorkbenchActions.jsx(465,3): error TS7031: Binding element 'projectItems' implicitly has an 'any' type.
src/components/editor/github/GitHubWorkbenchActions.jsx(466,3): error TS7031: Binding element 'projectItemsState' implicitly has an 'any' type.
src/components/editor/github/GitHubWorkbenchActions.jsx(467,3): error TS7031: Binding element 'actionDraft' implicitly has an 'any' type.
src/components/editor/github/GitHubWorkbenchActions.jsx(468,3): error TS7031: Binding element 'onActionDraftChange' implicitly has an 'any' type.
src/components/editor/github/GitHubWorkbenchActions.jsx(469,3): error TS7031: Binding element 'busy' implicitly has an 'any' type.
src/components/editor/github/GitHubWorkbenchActions.jsx(470,3): error TS7031: Binding element 'onLoadItems' implicitly has an 'any' type.
src/components/editor/github/GitHubWorkbenchActions.jsx(471,3): error TS7031: Binding element 'onAddItem' implicitly has an 'any' type.
src/components/editor/github/GitHubWorkbenchActions.jsx(472,3): error TS7031: Binding element 'onUpdateField' implicitly has an 'any' type.
src/components/editor/github/GitHubWorkbenchActions.jsx(473,3): error TS7031: Binding element 'confirmAction' implicitly has an 'any' type.
src/components/editor/github/GitHubWorkbenchActions.jsx(474,3): error TS7031: Binding element 'onRequestConfirm' implicitly has an 'any' type.
src/components/editor/github/GitHubWorkbenchActions.jsx(475,3): error TS7031: Binding element 'onConfirmCancel' implicitly has an 'any' type.
src/components/editor/github/GitHubWorkbenchActions.jsx(478,38): error TS7006: Parameter 'field' implicitly has an 'any' type.
src/components/editor/github/GitHubWorkbenchActions.jsx(483,6): error TS2739: Type '{ children: Element; title: string; icon: LucideIcon; expanded: true; }' is missing the following properties from type '{ title: any; icon: any; count: any; expanded?: boolean | undefined; onToggle: any; action: any; actionLabel: any; actionDisabled?: boolean | undefined; actionTitle: any; children: any; }': count, onToggle, action, actionLabel, actionTitle
src/components/editor/github/GitHubWorkbenchActions.jsx(485,10): error TS2741: Property 'style' is missing in type '{ children: (Element | null)[]; className: string; }' but required in type '{ [x: string]: any; children: any; className?: string | undefined; selected?: boolean | undefined; style: any; }'.
src/components/editor/github/GitHubWorkbenchActions.jsx(522,47): error TS7006: Parameter 'item' implicitly has an 'any' type.
src/components/editor/github/GitHubWorkbenchActions.jsx(522,53): error TS7006: Parameter 'index' implicitly has an 'any' type.
src/components/editor/github/GitHubWorkbenchActions.jsx(528,24): error TS2741: Property 'title' is missing in type '{ children: any; tone: string; }' but required in type '{ children: any; tone?: string | undefined; title: any; }'.
src/components/editor/github/GitHubWorkbenchActions.jsx(545,10): error TS2741: Property 'style' is missing in type '{ children: Element[]; className: string; }' but required in type '{ [x: string]: any; children: any; className?: string | undefined; selected?: boolean | undefined; style: any; }'.
src/components/editor/github/GitHubWorkbenchActions.jsx(553,14): error TS2741: Property 'style' is missing in type '{ children: Element[]; value: any; onChange: (event: any) => any; disabled: boolean; }' but required in type '{ [x: string]: any; children: any; className?: string | undefined; style: any; }'.
src/components/editor/github/GitHubWorkbenchActions.jsx(555,26): error TS7006: Parameter 'event' implicitly has an 'any' type.
src/components/editor/github/GitHubWorkbenchActions.jsx(562,14): error TS2741: Property 'style' is missing in type '{ value: any; onChange: (event: any) => any; placeholder: string; disabled: boolean; }' but required in type '{ [x: string]: any; className?: string | undefined; style: any; }'.
src/components/editor/github/GitHubWorkbenchActions.jsx(564,26): error TS7006: Parameter 'event' implicitly has an 'any' type.
src/components/editor/github/GitHubWorkbenchActions.jsx(568,14): error TS2741: Property 'onClick' is missing in type '{ children: string; type: string; icon: LucideIcon; tone: string; disabled: boolean; className: string; title: string; }' but required in type '{ children: any; icon: any; onClick: any; disabled?: boolean | undefined; tone?: string | undefined; type?: string | undefined; title: any; className?: string | undefined; }'.
src/components/editor/github/GitHubWorkbenchActions.jsx(581,10): error TS2741: Property 'style' is missing in type '{ children: Element[]; className: string; }' but required in type '{ [x: string]: any; children: any; className?: string | undefined; selected?: boolean | undefined; style: any; }'.
src/components/editor/github/GitHubWorkbenchActions.jsx(587,14): error TS2741: Property 'title' is missing in type '{ children: string; tone: string; }' but required in type '{ children: any; tone?: string | undefined; title: any; }'.
src/components/editor/github/GitHubWorkbenchActions.jsx(593,14): error TS2741: Property 'style' is missing in type '{ value: any; onChange: (event: any) => any; placeholder: string; disabled: boolean; }' but required in type '{ [x: string]: any; className?: string | undefined; style: any; }'.
src/components/editor/github/GitHubWorkbenchActions.jsx(595,26): error TS7006: Parameter 'event' implicitly has an 'any' type.
src/components/editor/github/GitHubWorkbenchActions.jsx(600,16): error TS2741: Property 'style' is missing in type '{ children: any[]; value: any; onChange: (event: any) => void; disabled: boolean; }' but required in type '{ [x: string]: any; children: any; className?: string | undefined; style: any; }'.
src/components/editor/github/GitHubWorkbenchActions.jsx(602,28): error TS7006: Parameter 'event' implicitly has an 'any' type.
src/components/editor/github/GitHubWorkbenchActions.jsx(603,46): error TS7006: Parameter 'candidate' implicitly has an 'any' type.
src/components/editor/github/GitHubWorkbenchActions.jsx(613,30): error TS7006: Parameter 'field' implicitly has an 'any' type.
src/components/editor/github/GitHubWorkbenchActions.jsx(620,16): error TS2741: Property 'style' is missing in type '{ value: any; onChange: (event: any) => any; placeholder: string; disabled: boolean; }' but required in type '{ [x: string]: any; className?: string | undefined; style: any; }'.
src/components/editor/github/GitHubWorkbenchActions.jsx(622,28): error TS7006: Parameter 'event' implicitly has an 'any' type.
src/components/editor/github/GitHubWorkbenchActions.jsx(628,16): error TS2741: Property 'style' is missing in type '{ children: Element[]; value: any; onChange: (event: any) => any; disabled: boolean; }' but required in type '{ [x: string]: any; children: any; className?: string | undefined; style: any; }'.
src/components/editor/github/GitHubWorkbenchActions.jsx(630,28): error TS7006: Parameter 'event' implicitly has an 'any' type.
src/components/editor/github/GitHubWorkbenchActions.jsx(639,16): error TS2741: Property 'style' is missing in type '{ value: any; onChange: (event: any) => any; placeholder: string; disabled: boolean; }' but required in type '{ [x: string]: any; className?: string | undefined; style: any; }'.
src/components/editor/github/GitHubWorkbenchActions.jsx(641,28): error TS7006: Parameter 'event' implicitly has an 'any' type.
src/components/editor/github/GitHubWorkbenchActions.jsx(652,57): error TS7006: Parameter 'option' implicitly has an 'any' type.
src/components/editor/github/GitHubWorkbenchActions.jsx(682,14): error TS2741: Property 'onClick' is missing in type '{ children: string; type: string; icon: LucideIcon; tone: string; disabled: boolean; className: string; title: string; }' but required in type '{ children: any; icon: any; onClick: any; disabled?: boolean | undefined; tone?: string | undefined; type?: string | undefined; title: any; className?: string | undefined; }'.
src/components/editor/github/githubWorkbenchData.js(108,45): error TS7006: Parameter 'workspacePath' implicitly has an 'any' type.
src/components/editor/github/githubWorkbenchData.js(123,38): error TS7006: Parameter 'repoDraft' implicitly has an 'any' type.
src/components/editor/github/githubWorkbenchData.js(123,49): error TS7006: Parameter 'accountSession' implicitly has an 'any' type.
src/components/editor/github/githubWorkbenchData.js(128,25): error TS7006: Parameter 'value' implicitly has an 'any' type.
src/components/editor/github/githubWorkbenchData.js(136,35): error TS7006: Parameter 'panelId' implicitly has an 'any' type.
src/components/editor/github/githubWorkbenchData.js(136,44): error TS7006: Parameter 'result' implicitly has an 'any' type.
src/components/editor/github/githubWorkbenchData.js(146,30): error TS7006: Parameter 'value' implicitly has an 'any' type.
src/components/editor/github/githubWorkbenchData.js(153,28): error TS7006: Parameter 'value' implicitly has an 'any' type.
src/components/editor/github/githubWorkbenchData.js(160,30): error TS7006: Parameter 'user' implicitly has an 'any' type.
src/components/editor/github/githubWorkbenchData.js(164,28): error TS7006: Parameter 'item' implicitly has an 'any' type.
src/components/editor/github/githubWorkbenchData.js(164,34): error TS7006: Parameter 'fallback' implicitly has an 'any' type.
src/components/editor/github/githubWorkbenchData.js(168,27): error TS7006: Parameter 'state' implicitly has an 'any' type.
src/components/editor/github/githubWorkbenchData.js(176,40): error TS7006: Parameter 'item' implicitly has an 'any' type.
src/components/editor/github/githubWorkbenchData.js(176,46): error TS7006: Parameter 'nextState' implicitly has an 'any' type.
src/components/editor/github/githubWorkbenchData.js(181,31): error TS7006: Parameter 'result' implicitly has an 'any' type.
src/components/editor/github/githubWorkbenchData.js(181,39): error TS7006: Parameter 'key' implicitly has an 'any' type.
src/components/editor/github/githubWorkbenchData.js(186,3): error TS7031: Binding element 'panelId' implicitly has an 'any' type.
src/components/editor/github/githubWorkbenchData.js(187,3): error TS7031: Binding element 'draftRepoRef' implicitly has an 'any' type.
src/components/editor/github/githubWorkbenchData.js(188,3): error TS7031: Binding element 'appliedRepoRef' implicitly has an 'any' type.
src/components/editor/github/githubWorkbenchData.js(189,3): error TS7031: Binding element 'projectOwnerType' implicitly has an 'any' type.
src/components/editor/github/githubWorkbenchData.js(190,3): error TS7031: Binding element 'draftProjectOwner' implicitly has an 'any' type.
src/components/editor/github/githubWorkbenchData.js(191,3): error TS7031: Binding element 'appliedProjectOwner' implicitly has an 'any' type.
src/components/editor/github/githubWorkbenchData.js(230,40): error TS7006: Parameter 'type' implicitly has an 'any' type.
src/components/editor/github/githubWorkbenchData.js(230,46): error TS7006: Parameter 'rawValue' implicitly has an 'any' type.
src/components/editor/github/githubWorkbenchData.js(238,43): error TS7006: Parameter 'field' implicitly has an 'any' type.
src/components/editor/github/GitHubWorkbenchList.jsx(7,29): error TS7031: Binding element 'items' implicitly has an 'any' type.
src/components/editor/github/GitHubWorkbenchList.jsx(7,36): error TS7031: Binding element 'selectedItem' implicitly has an 'any' type.
src/components/editor/github/GitHubWorkbenchList.jsx(7,50): error TS7031: Binding element 'onSelectItem' implicitly has an 'any' type.
src/components/editor/github/GitHubWorkbenchList.jsx(10,19): error TS7006: Parameter 'issue' implicitly has an 'any' type.
src/components/editor/github/GitHubWorkbenchList.jsx(10,26): error TS7006: Parameter 'index' implicitly has an 'any' type.
src/components/editor/github/GitHubWorkbenchList.jsx(13,12): error TS2741: Property 'style' is missing in type '{ children: (Element | null)[]; key: any; interactive: true; selected: boolean; className: string; }' but required in type '{ [x: string]: any; children: any; className?: string | undefined; selected?: boolean | undefined; style: any; }'.
src/components/editor/github/GitHubWorkbenchList.jsx(26,20): error TS2741: Property 'title' is missing in type '{ children: any[]; tone: string; }' but required in type '{ children: any; tone?: string | undefined; title: any; }'.
src/components/editor/github/GitHubWorkbenchList.jsx(29,20): error TS2741: Property 'title' is missing in type '{ children: any[]; tone: string; }' but required in type '{ children: any; tone?: string | undefined; title: any; }'.
src/components/editor/github/GitHubWorkbenchList.jsx(32,36): error TS2741: Property 'title' is missing in type '{ children: string; tone: string; }' but required in type '{ children: any; tone?: string | undefined; title: any; }'.
src/components/editor/github/GitHubWorkbenchList.jsx(55,48): error TS7006: Parameter 'label' implicitly has an 'any' type.
src/components/editor/github/GitHubWorkbenchList.jsx(72,35): error TS7031: Binding element 'items' implicitly has an 'any' type.
src/components/editor/github/GitHubWorkbenchList.jsx(72,42): error TS7031: Binding element 'selectedItem' implicitly has an 'any' type.
src/components/editor/github/GitHubWorkbenchList.jsx(72,56): error TS7031: Binding element 'onSelectItem' implicitly has an 'any' type.
src/components/editor/github/GitHubWorkbenchList.jsx(75,19): error TS7006: Parameter 'pull' implicitly has an 'any' type.
src/components/editor/github/GitHubWorkbenchList.jsx(75,25): error TS7006: Parameter 'index' implicitly has an 'any' type.
src/components/editor/github/GitHubWorkbenchList.jsx(79,12): error TS2741: Property 'style' is missing in type '{ children: Element; key: any; interactive: true; selected: boolean; className: string; }' but required in type '{ [x: string]: any; children: any; className?: string | undefined; selected?: boolean | undefined; style: any; }'.
src/components/editor/github/GitHubWorkbenchList.jsx(92,20): error TS2741: Property 'title' is missing in type '{ children: any[]; tone: string; }' but required in type '{ children: any; tone?: string | undefined; title: any; }'.
src/components/editor/github/GitHubWorkbenchList.jsx(95,20): error TS2741: Property 'title' is missing in type '{ children: any[]; tone: string; }' but required in type '{ children: any; tone?: string | undefined; title: any; }'.
src/components/editor/github/GitHubWorkbenchList.jsx(98,20): error TS2741: Property 'title' is missing in type '{ children: any[]; tone: string; }' but required in type '{ children: any; tone?: string | undefined; title: any; }'.
src/components/editor/github/GitHubWorkbenchList.jsx(134,3): error TS7031: Binding element 'items' implicitly has an 'any' type.
src/components/editor/github/GitHubWorkbenchList.jsx(135,3): error TS7031: Binding element 'selectedProject' implicitly has an 'any' type.
src/components/editor/github/GitHubWorkbenchList.jsx(136,3): error TS7031: Binding element 'onSelectProject' implicitly has an 'any' type.
src/components/editor/github/GitHubWorkbenchList.jsx(137,3): error TS7031: Binding element 'onLoadProjectItems' implicitly has an 'any' type.
src/components/editor/github/GitHubWorkbenchList.jsx(138,3): error TS7031: Binding element 'loadingItems' implicitly has an 'any' type.
src/components/editor/github/GitHubWorkbenchList.jsx(142,19): error TS7006: Parameter 'project' implicitly has an 'any' type.
src/components/editor/github/GitHubWorkbenchList.jsx(142,28): error TS7006: Parameter 'index' implicitly has an 'any' type.
src/components/editor/github/GitHubWorkbenchList.jsx(145,12): error TS2741: Property 'style' is missing in type '{ children: Element; key: any; interactive: true; selected: boolean; className: string; }' but required in type '{ [x: string]: any; children: any; className?: string | undefined; selected?: boolean | undefined; style: any; }'.
src/components/editor/github/GitHubWorkbenchList.jsx(158,20): error TS2741: Property 'title' is missing in type '{ children: string; tone: string; }' but required in type '{ children: any; tone?: string | undefined; title: any; }'.
src/components/editor/github/GitHubWorkbenchList.jsx(162,22): error TS2741: Property 'title' is missing in type '{ children: any[]; tone: string; }' but required in type '{ children: any; tone?: string | undefined; title: any; }'.
src/components/editor/github/GitHubWorkbenchList.jsx(166,38): error TS2741: Property 'title' is missing in type '{ children: string; tone: string; }' but required in type '{ children: any; tone?: string | undefined; title: any; }'.
src/components/editor/github/GitHubWorkbenchList.jsx(209,3): error TS7031: Binding element 'panelId' implicitly has an 'any' type.
src/components/editor/github/GitHubWorkbenchList.jsx(210,3): error TS7031: Binding element 'definition' implicitly has an 'any' type.
src/components/editor/github/GitHubWorkbenchList.jsx(211,3): error TS7031: Binding element 'state' implicitly has an 'any' type.
src/components/editor/github/GitHubWorkbenchList.jsx(212,3): error TS7031: Binding element 'selectedItem' implicitly has an 'any' type.
src/components/editor/github/GitHubWorkbenchList.jsx(213,3): error TS7031: Binding element 'selectedProject' implicitly has an 'any' type.
src/components/editor/github/GitHubWorkbenchList.jsx(214,3): error TS7031: Binding element 'projectItemsState' implicitly has an 'any' type.
src/components/editor/github/GitHubWorkbenchList.jsx(215,3): error TS7031: Binding element 'setupRequirement' implicitly has an 'any' type.
src/components/editor/github/GitHubWorkbenchList.jsx(216,3): error TS7031: Binding element 'onSelectItem' implicitly has an 'any' type.
src/components/editor/github/GitHubWorkbenchList.jsx(217,3): error TS7031: Binding element 'onSelectProject' implicitly has an 'any' type.
src/components/editor/github/GitHubWorkbenchList.jsx(218,3): error TS7031: Binding element 'onLoadProjectItems' implicitly has an 'any' type.
src/components/editor/github/GitHubWorkbenchList.jsx(219,3): error TS7031: Binding element 'onRefresh' implicitly has an 'any' type.
src/components/editor/github/GitHubWorkbenchList.jsx(223,8): error TS2739: Type '{ icon: LucideIcon; spinning: true; tone: string; title: any; detail: any; }' is missing the following properties from type '{ icon?: LucideIcon | undefined; title: any; detail: any; tone?: string | undefined; actionLabel: any; onAction: any; spinning?: boolean | undefined; }': actionLabel, onAction
src/components/editor/github/GitHubWorkbenchPanel.jsx(59,3): error TS7031: Binding element 'onOpenGit' implicitly has an 'any' type.
src/components/editor/github/GitHubWorkbenchPanel.jsx(60,3): error TS7031: Binding element 'onOpenAccount' implicitly has an 'any' type.
src/components/editor/github/GitHubWorkbenchPanel.jsx(63,3): error TS7031: Binding element 'onActionComplete' implicitly has an 'any' type.
src/components/editor/github/GitHubWorkbenchPanel.jsx(65,29): error TS7053: Element implicitly has an 'any' type because expression of type 'string' can't be used to index type '{ issues: { title: string; subtitle: string; icon: LucideIcon; itemName: string; loadLabel: string; loadingTitle: string; loadingDetail: string; emptyTitle: string; emptyDetail: string; errorTitle: string; repoHelp: string; }; prs: { ...; }; projects: { ...; }; }'.
  No index signature with a parameter of type 'string' was found on type '{ issues: { title: string; subtitle: string; icon: LucideIcon; itemName: string; loadLabel: string; loadingTitle: string; loadingDetail: string; emptyTitle: string; emptyDetail: string; errorTitle: string; repoHelp: string; }; prs: { ...; }; projects: { ...; }; }'.
src/components/editor/github/GitHubWorkbenchPanel.jsx(66,22): error TS7053: Element implicitly has an 'any' type because expression of type 'string' can't be used to index type '{ issues: { title: string; subtitle: string; icon: LucideIcon; itemName: string; loadLabel: string; loadingTitle: string; loadingDetail: string; emptyTitle: string; emptyDetail: string; errorTitle: string; repoHelp: string; }; prs: { ...; }; projects: { ...; }; }'.
  No index signature with a parameter of type 'string' was found on type '{ issues: { title: string; subtitle: string; icon: LucideIcon; itemName: string; loadLabel: string; loadingTitle: string; loadingDetail: string; emptyTitle: string; emptyDetail: string; errorTitle: string; repoHelp: string; }; prs: { ...; }; projects: { ...; }; }'.
src/components/editor/github/GitHubWorkbenchPanel.jsx(67,27): error TS7053: Element implicitly has an 'any' type because expression of type 'string' can't be used to index type '{ issues: string[]; prs: string[]; projects: string[]; }'.
  No index signature with a parameter of type 'string' was found on type '{ issues: string[]; prs: string[]; projects: string[]; }'.
src/components/editor/github/GitHubWorkbenchPanel.jsx(157,62): error TS2339: Property 'fields' does not exist on type 'never'.
src/components/editor/github/GitHubWorkbenchPanel.jsx(159,43): error TS2339: Property 'id' does not exist on type 'never'.
src/components/editor/github/GitHubWorkbenchPanel.jsx(159,64): error TS2339: Property 'fields' does not exist on type 'never'.
src/components/editor/github/GitHubWorkbenchPanel.jsx(164,37): error TS2339: Property 'number' does not exist on type 'never'.
src/components/editor/github/GitHubWorkbenchPanel.jsx(165,29): error TS2339: Property 'title' does not exist on type 'never'.
src/components/editor/github/GitHubWorkbenchPanel.jsx(166,28): error TS2339: Property 'body' does not exist on type 'never'.
src/components/editor/github/GitHubWorkbenchPanel.jsx(167,29): error TS2339: Property 'state' does not exist on type 'never'.
src/components/editor/github/GitHubWorkbenchPanel.jsx(173,37): error TS2339: Property 'number' does not exist on type 'never'.
src/components/editor/github/GitHubWorkbenchPanel.jsx(174,29): error TS2339: Property 'title' does not exist on type 'never'.
src/components/editor/github/GitHubWorkbenchPanel.jsx(175,28): error TS2339: Property 'body' does not exist on type 'never'.
src/components/editor/github/GitHubWorkbenchPanel.jsx(176,29): error TS2339: Property 'state' does not exist on type 'never'.
src/components/editor/github/GitHubWorkbenchPanel.jsx(177,28): error TS2339: Property 'base' does not exist on type 'never'.
src/components/editor/github/GitHubWorkbenchPanel.jsx(181,39): error TS2339: Property 'head' does not exist on type 'never'.
src/components/editor/github/GitHubWorkbenchPanel.jsx(207,19): error TS2339: Property 'number' does not exist on type 'never'.
src/components/editor/github/GitHubWorkbenchPanel.jsx(208,22): error TS2339: Property 'id' does not exist on type 'never'.
src/components/editor/github/GitHubWorkbenchPanel.jsx(212,6): error TS7006: Parameter 'event' implicitly has an 'any' type.
src/components/editor/github/GitHubWorkbenchPanel.jsx(212,13): error TS7006: Parameter 'actionId' implicitly has an 'any' type.
src/components/editor/github/GitHubWorkbenchPanel.jsx(212,23): error TS7006: Parameter 'action' implicitly has an 'any' type.
src/components/editor/github/GitHubWorkbenchPanel.jsx(230,12): error TS7006: Parameter 'busy' implicitly has an 'any' type.
src/components/editor/github/GitHubWorkbenchPanel.jsx(230,18): error TS7006: Parameter 'callback' implicitly has an 'any' type.
src/components/editor/github/GitHubWorkbenchPanel.jsx(230,28): error TS7006: Parameter 'successMessage' implicitly has an 'any' type.
src/components/editor/github/GitHubWorkbenchPanel.jsx(317,19): error TS2339: Property 'owner' does not exist on type '{ ownerType: string; first: number; }'.
src/components/editor/github/GitHubWorkbenchPanel.jsx(318,19): error TS2339: Property 'login' does not exist on type '{ ownerType: string; first: number; }'.
src/components/editor/github/GitHubWorkbenchPanel.jsx(335,32): error TS7006: Parameter 'item' implicitly has an 'any' type.
src/components/editor/github/GitHubWorkbenchPanel.jsx(335,65): error TS2339: Property 'number' does not exist on type 'never'.
src/components/editor/github/GitHubWorkbenchPanel.jsx(335,95): error TS2339: Property 'id' does not exist on type 'never'.
src/components/editor/github/GitHubWorkbenchPanel.jsx(339,32): error TS7006: Parameter 'project' implicitly has an 'any' type.
src/components/editor/github/GitHubWorkbenchPanel.jsx(339,67): error TS2339: Property 'id' does not exist on type 'never'.
src/components/editor/github/GitHubWorkbenchPanel.jsx(366,44): error TS7006: Parameter 'project' implicitly has an 'any' type.
src/components/editor/github/GitHubWorkbenchPanel.jsx(371,47): error TS7006: Parameter 'project' implicitly has an 'any' type.
src/components/editor/github/GitHubWorkbenchPanel.jsx(400,12): error TS7006: Parameter 'event' implicitly has an 'any' type.
src/components/editor/github/GitHubWorkbenchPanel.jsx(428,12): error TS7006: Parameter 'event' implicitly has an 'any' type.
src/components/editor/github/GitHubWorkbenchPanel.jsx(463,12): error TS7006: Parameter 'event' implicitly has an 'any' type.
src/components/editor/github/GitHubWorkbenchPanel.jsx(492,12): error TS7006: Parameter 'event' implicitly has an 'any' type.
src/components/editor/github/GitHubWorkbenchPanel.jsx(515,46): error TS2339: Property 'base' does not exist on type '{ owner: string; repo: string; pullNumber: string; title: string; body: string; state: string; }'.
src/components/editor/github/GitHubWorkbenchPanel.jsx(529,12): error TS7006: Parameter 'event' implicitly has an 'any' type.
src/components/editor/github/GitHubWorkbenchPanel.jsx(536,26): error TS2339: Property 'number' does not exist on type 'never'.
src/components/editor/github/GitHubWorkbenchPanel.jsx(552,34): error TS2339: Property 'number' does not exist on type 'never'.
src/components/editor/github/GitHubWorkbenchPanel.jsx(555,17): error TS2339: Property 'expectedHeadSha' does not exist on type '{ owner: string; repo: string; pullNumber: any; }'.
src/components/editor/github/GitHubWorkbenchPanel.jsx(568,12): error TS7006: Parameter 'event' implicitly has an 'any' type.
src/components/editor/github/GitHubWorkbenchPanel.jsx(575,26): error TS2339: Property 'number' does not exist on type 'never'.
src/components/editor/github/GitHubWorkbenchPanel.jsx(591,34): error TS2339: Property 'number' does not exist on type 'never'.
src/components/editor/github/GitHubWorkbenchPanel.jsx(594,24): error TS2339: Property 'head' does not exist on type 'never'.
src/components/editor/github/GitHubWorkbenchPanel.jsx(594,43): error TS2339: Property 'sha' does not exist on type '{ owner: string; repo: string; pullNumber: any; mergeMethod: string; }'.
src/components/editor/github/GitHubWorkbenchPanel.jsx(594,62): error TS2339: Property 'head' does not exist on type 'never'.
src/components/editor/github/GitHubWorkbenchPanel.jsx(595,55): error TS2339: Property 'commitTitle' does not exist on type '{ owner: string; repo: string; pullNumber: any; mergeMethod: string; }'.
src/components/editor/github/GitHubWorkbenchPanel.jsx(596,57): error TS2339: Property 'commitMessage' does not exist on type '{ owner: string; repo: string; pullNumber: any; mergeMethod: string; }'.
src/components/editor/github/GitHubWorkbenchPanel.jsx(608,12): error TS7006: Parameter 'event' implicitly has an 'any' type.
src/components/editor/github/GitHubWorkbenchPanel.jsx(610,29): error TS2339: Property 'id' does not exist on type 'never'.
src/components/editor/github/GitHubWorkbenchPanel.jsx(618,40): error TS2339: Property 'id' does not exist on type 'never'.
src/components/editor/github/GitHubWorkbenchPanel.jsx(635,12): error TS7006: Parameter 'event' implicitly has an 'any' type.
src/components/editor/github/GitHubWorkbenchPanel.jsx(637,29): error TS2339: Property 'id' does not exist on type 'never'.
src/components/editor/github/GitHubWorkbenchPanel.jsx(654,40): error TS2339: Property 'id' does not exist on type 'never'.
src/components/editor/github/GitHubWorkbenchPanel.jsx(685,6): error TS2741: Property 'style' is missing in type '{ children: Element[]; ariaLabel: any; className: string; }' but required in type '{ children: any; ariaLabel: any; className?: string | undefined; style: any; }'.
src/components/editor/github/GitHubWorkbenchPanel.jsx(689,8): error TS2741: Property 'children' is missing in type '{ icon: any; title: any; subtitle: any; status: Element; actions: Element; }' but required in type '{ icon: any; title: any; subtitle: any; status: any; actions: any; children: any; className?: string | undefined; }'.
src/components/editor/github/GitHubWorkbenchPanel.jsx(694,12): error TS2741: Property 'title' is missing in type '{ children: string; tone: string; }' but required in type '{ children: any; tone?: string | undefined; title: any; }'.
src/components/editor/github/GitHubWorkbenchPanel.jsx(710,8): error TS2322: Type '{ children: (Element | null)[]; className: string; }' is not assignable to type 'IntrinsicAttributes & RefAttributes<any>'.
  Property 'children' does not exist on type 'IntrinsicAttributes & RefAttributes<any>'.
src/components/editor/github/GitHubWorkbenchPanel.jsx(757,12): error TS2741: Property 'title' is missing in type '{ label: string; value: string | number; tone: string; }' but required in type '{ label: any; value: any; tone?: string | undefined; title: any; }'.
src/components/editor/github/githubWorkbenchPrimitives.jsx(63,3): error TS7031: Binding element 'children' implicitly has an 'any' type.
src/components/editor/github/githubWorkbenchPrimitives.jsx(66,3): error TS7031: Binding element 'style' implicitly has an 'any' type.
src/components/editor/github/githubWorkbenchPrimitives.jsx(84,46): error TS7031: Binding element 'style' implicitly has an 'any' type.
src/components/editor/github/githubWorkbenchPrimitives.jsx(87,7): error TS2322: Type '{ className: string; style: any; }' is not assignable to type 'IntrinsicAttributes & RefAttributes<any>'.
  Property 'className' does not exist on type 'IntrinsicAttributes & RefAttributes<any>'.
src/components/editor/github/githubWorkbenchPrimitives.jsx(94,31): error TS7031: Binding element 'children' implicitly has an 'any' type.
src/components/editor/github/githubWorkbenchPrimitives.jsx(94,57): error TS7031: Binding element 'style' implicitly has an 'any' type.
src/components/editor/github/githubWorkbenchPrimitives.jsx(96,6): error TS2322: Type '{ children: any; className: string; style: any; }' is not assignable to type 'IntrinsicAttributes & RefAttributes<any>'.
  Property 'children' does not exist on type 'IntrinsicAttributes & RefAttributes<any>'.
src/components/editor/github/githubWorkbenchPrimitives.jsx(108,6): error TS2739: Type '{ className: string; }' is missing the following properties from type '{ icon?: LucideIcon | undefined; title: any; detail: any; tone?: string | undefined; children: any; actionLabel: any; onAction: any; className?: string | undefined; }': title, detail, children, actionLabel, onAction
src/components/editor/github/githubWorkbenchPrimitives.jsx(117,3): error TS7031: Binding element 'title' implicitly has an 'any' type.
src/components/editor/github/githubWorkbenchPrimitives.jsx(118,3): error TS7031: Binding element 'detail' implicitly has an 'any' type.
src/components/editor/github/githubWorkbenchPrimitives.jsx(120,3): error TS7031: Binding element 'actionLabel' implicitly has an 'any' type.
src/components/editor/github/githubWorkbenchPrimitives.jsx(121,3): error TS7031: Binding element 'onAction' implicitly has an 'any' type.
src/components/editor/github/githubWorkbenchPrimitives.jsx(124,21): error TS7053: Element implicitly has an 'any' type because expression of type 'string' can't be used to index type '{ muted: { icon: string; title: string; detail: string; background: string; border: string; }; accent: { icon: string; title: string; detail: string; background: string; border: string; }; danger: { icon: string; title: string; detail: string; background: string; border: string; }; warning: { ...; }; }'.
  No index signature with a parameter of type 'string' was found on type '{ muted: { icon: string; title: string; detail: string; background: string; border: string; }; accent: { icon: string; title: string; detail: string; background: string; border: string; }; danger: { icon: string; title: string; detail: string; background: string; border: string; }; warning: { ...; }; }'.
src/components/editor/github/githubWorkbenchPrimitives.jsx(160,12): error TS2739: Type '{ children: any; onClick: any; tone: string; className: string; }' is missing the following properties from type '{ children: any; icon: any; onClick: any; disabled?: boolean | undefined; tone?: string | undefined; type?: string | undefined; title: any; className?: string | undefined; }': icon, title
src/components/editor/github/githubWorkbenchPrimitives.jsx(173,28): error TS7006: Parameter 'tone' implicitly has an 'any' type.
src/components/editor/github/githubWorkbenchPrimitives.jsx(179,37): error TS7031: Binding element 'status' implicitly has an 'any' type.
src/components/editor/github/githubWorkbenchPrimitives.jsx(179,45): error TS7031: Binding element 'capability' implicitly has an 'any' type.
src/components/editor/github/githubWorkbenchPrimitives.jsx(179,57): error TS7031: Binding element 'onOpenAccount' implicitly has an 'any' type.
src/components/editor/github/githubWorkbenchPrimitives.jsx(210,10): error TS2741: Property 'title' is missing in type '{ children: string; type: string; tone: string; icon: LucideIcon; onClick: any; disabled: boolean; className: string; }' but required in type '{ children: any; icon: any; onClick: any; disabled?: boolean | undefined; tone?: string | undefined; type?: string | undefined; title: any; className?: string | undefined; }'.
src/components/editor/github/githubWorkbenchPrimitives.jsx(225,40): error TS7031: Binding element 'label' implicitly has an 'any' type.
src/components/editor/github/githubWorkbenchPrimitives.jsx(225,47): error TS7031: Binding element 'value' implicitly has an 'any' type.
src/components/editor/github/githubWorkbenchPrimitives.jsx(225,70): error TS7031: Binding element 'title' implicitly has an 'any' type.
src/components/editor/github/githubWorkbenchPrimitives.jsx(259,33): error TS7031: Binding element 'value' implicitly has an 'any' type.
src/components/editor/github/githubWorkbenchPrimitives.jsx(259,40): error TS7031: Binding element 'onChange' implicitly has an 'any' type.
src/components/editor/github/githubWorkbenchPrimitives.jsx(259,50): error TS7031: Binding element 'placeholder' implicitly has an 'any' type.
src/components/editor/github/githubWorkbenchPrimitives.jsx(274,3): error TS7031: Binding element 'active' implicitly has an 'any' type.
src/components/editor/github/githubWorkbenchPrimitives.jsx(275,3): error TS7031: Binding element 'title' implicitly has an 'any' type.
src/components/editor/github/githubWorkbenchPrimitives.jsx(276,3): error TS7031: Binding element 'detail' implicitly has an 'any' type.
src/components/editor/github/githubWorkbenchPrimitives.jsx(277,3): error TS7031: Binding element 'confirmLabel' implicitly has an 'any' type.
src/components/editor/github/githubWorkbenchPrimitives.jsx(280,3): error TS7031: Binding element 'onConfirm' implicitly has an 'any' type.
src/components/editor/github/githubWorkbenchPrimitives.jsx(281,3): error TS7031: Binding element 'onCancel' implicitly has an 'any' type.
src/components/editor/github/githubWorkbenchPrimitives.jsx(294,10): error TS2739: Type '{ children: any; type: string; tone: string; onClick: any; disabled: boolean; }' is missing the following properties from type '{ children: any; icon: any; onClick: any; disabled?: boolean | undefined; tone?: string | undefined; type?: string | undefined; title: any; className?: string | undefined; }': icon, title
src/components/editor/github/githubWorkbenchPrimitives.jsx(302,10): error TS2741: Property 'title' is missing in type '{ children: string; type: string; tone: string; icon: LucideIcon; onClick: any; disabled: boolean; }' but required in type '{ children: any; icon: any; onClick: any; disabled?: boolean | undefined; tone?: string | undefined; type?: string | undefined; title: any; className?: string | undefined; }'.
src/components/editor/GitPanel.jsx(67,3): error TS7031: Binding element 'title' implicitly has an 'any' type.
src/components/editor/GitPanel.jsx(68,3): error TS7031: Binding element 'count' implicitly has an 'any' type.
src/components/editor/GitPanel.jsx(69,3): error TS7031: Binding element 'expanded' implicitly has an 'any' type.
src/components/editor/GitPanel.jsx(70,3): error TS7031: Binding element 'onToggle' implicitly has an 'any' type.
src/components/editor/GitPanel.jsx(71,3): error TS7031: Binding element 'action' implicitly has an 'any' type.
src/components/editor/GitPanel.jsx(72,3): error TS7031: Binding element 'actionLabel' implicitly has an 'any' type.
src/components/editor/GitPanel.jsx(74,3): error TS7031: Binding element 'actionTitle' implicitly has an 'any' type.
src/components/editor/GitPanel.jsx(97,12): error TS2741: Property 'title' is missing in type '{ children: any; tone: string; }' but required in type '{ children: any; tone?: string | undefined; title: any; }'.
src/components/editor/GitPanel.jsx(101,10): error TS2741: Property 'icon' is missing in type '{ children: any; onClick: any; disabled: boolean; title: any; className: string; }' but required in type '{ children: any; icon: any; onClick: any; disabled?: boolean | undefined; tone?: string | undefined; type?: string | undefined; title: any; className?: string | undefined; }'.
src/components/editor/GitPanel.jsx(114,33): error TS7031: Binding element 'Icon' implicitly has an 'any' type.
src/components/editor/GitPanel.jsx(114,39): error TS7031: Binding element 'label' implicitly has an 'any' type.
src/components/editor/GitPanel.jsx(114,64): error TS7031: Binding element 'title' implicitly has an 'any' type.
src/components/editor/GitPanel.jsx(153,23): error TS7031: Binding element 'title' implicitly has an 'any' type.
src/components/editor/GitPanel.jsx(153,30): error TS7031: Binding element 'detail' implicitly has an 'any' type.
src/components/editor/GitPanel.jsx(156,6): error TS2739: Type '{ icon: LucideIcon; tone: string; title: any; detail: any; className: string; }' is missing the following properties from type '{ icon?: LucideIcon | undefined; title: any; detail: any; tone?: string | undefined; children: any; actionLabel: any; onAction: any; className?: string | undefined; }': children, actionLabel, onAction
src/components/editor/GitPanel.jsx(166,27): error TS7006: Parameter 'syncTone' implicitly has an 'any' type.
src/components/editor/GitPanel.jsx(174,20): error TS7031: Binding element 'file' implicitly has an 'any' type.
src/components/editor/GitPanel.jsx(174,26): error TS7031: Binding element 'staged' implicitly has an 'any' type.
src/components/editor/GitPanel.jsx(174,34): error TS7031: Binding element 'selected' implicitly has an 'any' type.
src/components/editor/GitPanel.jsx(174,44): error TS7031: Binding element 'busy' implicitly has an 'any' type.
src/components/editor/GitPanel.jsx(174,50): error TS7031: Binding element 'onSelect' implicitly has an 'any' type.
src/components/editor/GitPanel.jsx(174,60): error TS7031: Binding element 'onToggle' implicitly has an 'any' type.
src/components/editor/GitPanel.jsx(175,16): error TS7053: Element implicitly has an 'any' type because expression of type 'any' can't be used to index type '{ M: { label: string; color: string; }; A: { label: string; color: string; }; D: { label: string; color: string; }; R: { label: string; color: string; }; C: { label: string; color: string; }; U: { label: string; color: string; }; }'.
src/components/editor/GitPanel.jsx(264,3): error TS7031: Binding element 'selectedFile' implicitly has an 'any' type.
src/components/editor/GitPanel.jsx(265,3): error TS7031: Binding element 'diffText' implicitly has an 'any' type.
src/components/editor/GitPanel.jsx(266,3): error TS7031: Binding element 'diffLoading' implicitly has an 'any' type.
src/components/editor/GitPanel.jsx(267,3): error TS7031: Binding element 'diffError' implicitly has an 'any' type.
src/components/editor/GitPanel.jsx(268,3): error TS7031: Binding element 'canDiff' implicitly has an 'any' type.
src/components/editor/GitPanel.jsx(269,3): error TS7031: Binding element 'hasLocalGit' implicitly has an 'any' type.
src/components/editor/GitPanel.jsx(308,26): error TS7053: Element implicitly has an 'any' type because expression of type 'any' can't be used to index type '{ M: { label: string; color: string; }; A: { label: string; color: string; }; D: { label: string; color: string; }; R: { label: string; color: string; }; C: { label: string; color: string; }; U: { label: string; color: string; }; }'.
src/components/editor/GitPanel.jsx(343,30): error TS7006: Parameter 'line' implicitly has an 'any' type.
src/components/editor/GitPanel.jsx(343,36): error TS7006: Parameter 'index' implicitly has an 'any' type.
src/components/editor/GitPanel.jsx(389,26): error TS7006: Parameter 'repo' implicitly has an 'any' type.
src/components/editor/GitPanel.jsx(393,26): error TS7006: Parameter 'files' implicitly has an 'any' type.
src/components/editor/GitPanel.jsx(395,24): error TS7006: Parameter 'file' implicitly has an 'any' type.
src/components/editor/GitPanel.jsx(399,36): error TS7031: Binding element 'files' implicitly has an 'any' type.
src/components/editor/GitPanel.jsx(471,25): error TS2345: Argument of type 'string' is not assignable to parameter of type 'SetStateAction<null>'.
src/components/editor/GitPanel.jsx(476,35): error TS2339: Property 'upstream' does not exist on type '{ branch: string; ahead: number; behind: number; clean: boolean; files: { id: string; name: any; path: any; status: string; staged: boolean; unstaged: boolean; changeScope: any; indexStatus: any; workingTreeStatus: any; ... 4 more ...; raw: any; }[]; provider: string; providerLabel: string; }'.
src/components/editor/GitPanel.jsx(478,39): error TS2339: Property 'name' does not exist on type 'never'.
src/components/editor/GitPanel.jsx(479,39): error TS2339: Property 'name' does not exist on type 'never'.
src/components/editor/GitPanel.jsx(483,23): error TS2339: Property 'upstream' does not exist on type '{ branch: string; ahead: number; behind: number; clean: boolean; files: { id: string; name: any; path: any; status: string; staged: boolean; unstaged: boolean; changeScope: any; indexStatus: any; workingTreeStatus: any; ... 4 more ...; raw: any; }[]; provider: string; providerLabel: string; }'.
src/components/editor/GitPanel.jsx(486,22): error TS2339: Property 'name' does not exist on type 'never'.
src/components/editor/GitPanel.jsx(486,37): error TS2339: Property 'upstream' does not exist on type '{ branch: string; ahead: number; behind: number; clean: boolean; files: { id: string; name: any; path: any; status: string; staged: boolean; unstaged: boolean; changeScope: any; indexStatus: any; workingTreeStatus: any; ... 4 more ...; raw: any; }[]; provider: string; providerLabel: string; }'.
src/components/editor/GitPanel.jsx(491,16): error TS2339: Property 'upstream' does not exist on type '{ branch: string; ahead: number; behind: number; clean: boolean; files: { id: string; name: any; path: any; status: string; staged: boolean; unstaged: boolean; changeScope: any; indexStatus: any; workingTreeStatus: any; ... 4 more ...; raw: any; }[]; provider: string; providerLabel: string; }'.
src/components/editor/GitPanel.jsx(492,24): error TS2339: Property 'fetchUrl' does not exist on type 'never'.
src/components/editor/GitPanel.jsx(561,20): error TS2345: Argument of type 'any[]' is not assignable to parameter of type 'SetStateAction<never[]>'.
  Type 'any[]' is not assignable to type 'never[]'.
    Type 'any' is not assignable to type 'never'.
src/components/editor/GitPanel.jsx(566,31): error TS2339: Property 'message' does not exist on type '{}'.
src/components/editor/GitPanel.jsx(608,28): error TS2339: Property 'message' does not exist on type '{}'.
src/components/editor/GitPanel.jsx(644,16): error TS2345: Argument of type 'any[]' is not assignable to parameter of type 'SetStateAction<never[]>'.
  Type 'any[]' is not assignable to type 'never[]'.
    Type 'any' is not assignable to type 'never'.
src/components/editor/GitPanel.jsx(650,26): error TS2339: Property 'message' does not exist on type '{}'.
src/components/editor/GitPanel.jsx(668,23): error TS2345: Argument of type '(current: null) => string | null' is not assignable to parameter of type 'SetStateAction<null>'.
  Type 'string | null' is not assignable to type 'null'.
    Type 'string' is not assignable to type 'null'.
src/components/editor/GitPanel.jsx(730,26): error TS7006: Parameter 'key' implicitly has an 'any' type.
src/components/editor/GitPanel.jsx(731,47): error TS7053: Element implicitly has an 'any' type because expression of type 'any' can't be used to index type '{ changes: boolean; staged: boolean; diff: boolean; history: boolean; settings: boolean; }'.
src/components/editor/GitPanel.jsx(733,30): error TS7006: Parameter 'file' implicitly has an 'any' type.
src/components/editor/GitPanel.jsx(762,26): error TS2339: Property 'message' does not exist on type '{}'.
src/components/editor/GitPanel.jsx(798,26): error TS2339: Property 'message' does not exist on type '{}'.
src/components/editor/GitPanel.jsx(821,26): error TS2339: Property 'message' does not exist on type '{}'.
src/components/editor/GitPanel.jsx(828,37): error TS7006: Parameter 'owner' implicitly has an 'any' type.
src/components/editor/GitPanel.jsx(828,44): error TS7006: Parameter 'repo' implicitly has an 'any' type.
src/components/editor/GitPanel.jsx(843,35): error TS7006: Parameter 'value' implicitly has an 'any' type.
src/components/editor/GitPanel.jsx(866,26): error TS2339: Property 'message' does not exist on type '{}'.
src/components/editor/GitPanel.jsx(873,22): error TS2339: Property 'flowId' does not exist on type 'never'.
src/components/editor/GitPanel.jsx(877,70): error TS2339: Property 'flowId' does not exist on type 'never'.
src/components/editor/GitPanel.jsx(886,26): error TS2339: Property 'message' does not exist on type '{}'.
src/components/editor/GitPanel.jsx(904,26): error TS2339: Property 'message' does not exist on type '{}'.
src/components/editor/GitPanel.jsx(926,26): error TS2339: Property 'message' does not exist on type '{}'.
src/components/editor/GitPanel.jsx(948,26): error TS2339: Property 'message' does not exist on type '{}'.
src/components/editor/GitPanel.jsx(984,26): error TS2339: Property 'message' does not exist on type '{}'.
src/components/editor/GitPanel.jsx(1027,19): error TS2339: Property 'login' does not exist on type 'never'.
src/components/editor/GitPanel.jsx(1027,40): error TS2339: Property 'name' does not exist on type 'never'.
src/components/editor/GitPanel.jsx(1037,6): error TS2741: Property 'style' is missing in type '{ children: (false | Element)[]; ariaLabel: string; className: string; }' but required in type '{ children: any; ariaLabel: any; className?: string | undefined; style: any; }'.
src/components/editor/GitPanel.jsx(1038,8): error TS2741: Property 'children' is missing in type '{ icon: LucideIcon; title: string; subtitle: string; status: Element; actions: Element; }' but required in type '{ icon: any; title: any; subtitle: any; status: any; actions: any; children: any; className?: string | undefined; }'.
src/components/editor/GitPanel.jsx(1043,12): error TS2741: Property 'title' is missing in type '{ children: string; tone: string; }' but required in type '{ children: any; tone?: string | undefined; title: any; }'.
src/components/editor/GitPanel.jsx(1086,27): error TS2339: Property 'detached' does not exist on type '{ branch: string; ahead: number; behind: number; clean: boolean; files: { id: string; name: any; path: any; status: string; staged: boolean; unstaged: boolean; changeScope: any; indexStatus: any; workingTreeStatus: any; ... 4 more ...; raw: any; }[]; provider: string; providerLabel: string; }'.
src/components/editor/GitPanel.jsx(1119,8): error TS2322: Type '{ children: (false | "" | Element)[]; className: string; }' is not assignable to type 'IntrinsicAttributes & RefAttributes<any>'.
  Property 'children' does not exist on type 'IntrinsicAttributes & RefAttributes<any>'.
src/components/editor/GitPanel.jsx(1121,12): error TS2741: Property 'children' is missing in type '{ icon: LucideIcon; tone: string; title: string; detail: string; actionLabel: string; onAction: () => void; }' but required in type '{ icon?: LucideIcon | undefined; title: any; detail: any; tone?: string | undefined; actionLabel: any; onAction: any; spinning?: boolean | undefined; compact?: boolean | undefined; children: any; }'.
src/components/editor/GitPanel.jsx(1132,12): error TS2739: Type '{ icon: LucideIcon; tone: string; title: string; detail: string; className: string; }' is missing the following properties from type '{ icon?: LucideIcon | undefined; title: any; detail: any; tone?: string | undefined; children: any; actionLabel: any; onAction: any; className?: string | undefined; }': children, actionLabel, onAction
src/components/editor/GitPanel.jsx(1142,12): error TS2739: Type '{ icon: LucideIcon; tone: string; title: string; detail: string; className: string; }' is missing the following properties from type '{ icon?: LucideIcon | undefined; title: any; detail: any; tone?: string | undefined; children: any; actionLabel: any; onAction: any; className?: string | undefined; }': children, actionLabel, onAction
src/components/editor/GitPanel.jsx(1158,16): error TS2739: Type '{ icon: LucideIcon; tone: string; title: string; detail: string; className: string; }' is missing the following properties from type '{ icon?: LucideIcon | undefined; title: any; detail: any; tone?: string | undefined; children: any; actionLabel: any; onAction: any; className?: string | undefined; }': children, actionLabel, onAction
src/components/editor/GitPanel.jsx(1203,20): error TS2739: Type '{ icon: LucideIcon; tone: string; title: string; detail: string; }' is missing the following properties from type '{ icon?: LucideIcon | undefined; title: any; detail: any; tone?: string | undefined; children: any; actionLabel: any; onAction: any; className?: string | undefined; }': children, actionLabel, onAction
src/components/editor/GitPanel.jsx(1221,22): error TS2741: Property 'title' is missing in type '{ children: string; tone: string; }' but required in type '{ children: any; tone?: string | undefined; title: any; }'.
src/components/editor/GitPanel.jsx(1239,35): error TS2339: Property 'avatar_url' does not exist on type 'never'.
src/components/editor/GitPanel.jsx(1241,43): error TS2339: Property 'avatar_url' does not exist on type 'never'.
src/components/editor/GitPanel.jsx(1242,43): error TS2339: Property 'login' does not exist on type 'never'.
src/components/editor/GitPanel.jsx(1247,37): error TS2339: Property 'login' does not exist on type 'never'.
src/components/editor/GitPanel.jsx(1247,57): error TS2339: Property 'name' does not exist on type 'never'.
src/components/editor/GitPanel.jsx(1255,22): error TS2739: Type '{ children: string; type: string; disabled: boolean; onClick: () => Promise<void>; tone: string; }' is missing the following properties from type '{ children: any; icon: any; onClick: any; disabled?: boolean | undefined; tone?: string | undefined; type?: string | undefined; title: any; className?: string | undefined; }': icon, title
src/components/editor/GitPanel.jsx(1263,22): error TS2739: Type '{ children: string; type: string; disabled: boolean; onClick: () => Promise<void>; }' is missing the following properties from type '{ children: any; icon: any; onClick: any; disabled?: boolean | undefined; tone?: string | undefined; type?: string | undefined; title: any; className?: string | undefined; }': icon, title
src/components/editor/GitPanel.jsx(1277,37): error TS2339: Property 'userCode' does not exist on type 'never'.
src/components/editor/GitPanel.jsx(1285,40): error TS2339: Property 'verificationUriComplete' does not exist on type 'never'.
src/components/editor/GitPanel.jsx(1286,40): error TS2339: Property 'verificationUri' does not exist on type 'never'.
src/components/editor/GitPanel.jsx(1296,26): error TS2739: Type '{ children: string; type: string; disabled: boolean; onClick: () => Promise<void>; }' is missing the following properties from type '{ children: any; icon: any; onClick: any; disabled?: boolean | undefined; tone?: string | undefined; type?: string | undefined; title: any; className?: string | undefined; }': icon, title
src/components/editor/GitPanel.jsx(1346,45): error TS2339: Property 'id' does not exist on type 'never'.
src/components/editor/GitPanel.jsx(1386,20): error TS2739: Type '{ children: string; onClick: () => void; disabled: boolean; tone: string; }' is missing the following properties from type '{ children: any; icon: any; onClick: any; disabled?: boolean | undefined; tone?: string | undefined; type?: string | undefined; title: any; className?: string | undefined; }': icon, title
src/components/editor/GitPanel.jsx(1398,20): error TS2739: Type '{ children: string; onClick: () => Promise<void>; }' is missing the following properties from type '{ children: any; icon: any; onClick: any; disabled?: boolean | undefined; tone?: string | undefined; type?: string | undefined; title: any; className?: string | undefined; }': icon, title
src/components/editor/GitPanel.jsx(1420,10): error TS2741: Property 'actionTitle' is missing in type '{ title: string; count: number; expanded: boolean; onToggle: () => void; action: (() => Promise<void>) | null; actionLabel: string; actionDisabled: boolean; }' but required in type '{ title: any; count: any; expanded: any; onToggle: any; action: any; actionLabel: any; actionDisabled?: boolean | undefined; actionTitle: any; }'.
src/components/editor/GitPanel.jsx(1446,32): error TS7006: Parameter 'nextFile' implicitly has an 'any' type.
src/components/editor/GitPanel.jsx(1466,10): error TS2741: Property 'actionTitle' is missing in type '{ title: string; count: number; expanded: boolean; onToggle: () => void; action: (() => Promise<void>) | null; actionLabel: string; actionDisabled: boolean; }' but required in type '{ title: any; count: any; expanded: any; onToggle: any; action: any; actionLabel: any; actionDisabled?: boolean | undefined; actionTitle: any; }'.
src/components/editor/GitPanel.jsx(1492,32): error TS7006: Parameter 'nextFile' implicitly has an 'any' type.
src/components/editor/GitPanel.jsx(1507,10): error TS2739: Type '{ title: string; count: number | null; expanded: boolean; onToggle: () => void; }' is missing the following properties from type '{ title: any; count: any; expanded: any; onToggle: any; action: any; actionLabel: any; actionDisabled?: boolean | undefined; actionTitle: any; }': action, actionLabel, actionTitle
src/components/editor/GitPanel.jsx(1548,16): error TS2741: Property 'title' is missing in type '{ children: string; tone: string; }' but required in type '{ children: any; tone?: string | undefined; title: any; }'.
src/components/editor/GitPanel.jsx(1712,10): error TS2739: Type '{ title: string; count: number; expanded: boolean; onToggle: () => void; }' is missing the following properties from type '{ title: any; count: any; expanded: any; onToggle: any; action: any; actionLabel: any; actionDisabled?: boolean | undefined; actionTitle: any; }': action, actionLabel, actionTitle
src/components/editor/GitPanel.jsx(1731,35): error TS2339: Property 'hash' does not exist on type 'never'.
src/components/editor/GitPanel.jsx(1748,32): error TS2339: Property 'message' does not exist on type 'never'.
src/components/editor/GitPanel.jsx(1752,34): error TS2339: Property 'hash' does not exist on type 'never'.
src/components/editor/GitPanel.jsx(1755,34): error TS2339: Property 'author' does not exist on type 'never'.
src/components/editor/GitPanel.jsx(1759,34): error TS2339: Property 'time' does not exist on type 'never'.
src/components/editor/panels/PanelChrome.jsx(66,5): error TS2339: Property 'className' does not exist on type '{}'.
src/components/editor/panels/PanelChrome.jsx(66,21): error TS2339: Property 'style' does not exist on type '{}'.
src/components/editor/panels/PanelChrome.jsx(80,5): error TS2339: Property 'children' does not exist on type '{}'.
src/components/editor/panels/PanelChrome.jsx(80,15): error TS2339: Property 'className' does not exist on type '{}'.
src/components/editor/panels/PanelChrome.jsx(80,31): error TS2339: Property 'style' does not exist on type '{}'.
src/components/editor/panels/PanelChrome.jsx(96,3): error TS7031: Binding element 'children' implicitly has an 'any' type.
src/components/editor/panels/PanelChrome.jsx(101,3): error TS7031: Binding element 'style' implicitly has an 'any' type.
src/components/editor/panels/PanelChrome.jsx(104,21): error TS7053: Element implicitly has an 'any' type because expression of type 'string' can't be used to index type '{ muted: { icon: string; title: string; detail: string; background: string; border: string; }; accent: { icon: string; title: string; detail: string; background: string; border: string; }; teal: { icon: string; title: string; detail: string; background: string; border: string; }; success: { ...; }; warning: { ...; }...'.
  No index signature with a parameter of type 'string' was found on type '{ muted: { icon: string; title: string; detail: string; background: string; border: string; }; accent: { icon: string; title: string; detail: string; background: string; border: string; }; teal: { icon: string; title: string; detail: string; background: string; border: string; }; success: { ...; }; warning: { ...; }...'.
src/components/editor/panels/PanelChrome.jsx(108,6): error TS2322: Type '{ children: any; className: string; style: any; }' is not assignable to type 'IntrinsicAttributes'.
  Property 'children' does not exist on type 'IntrinsicAttributes'.
src/components/editor/panels/PanelChrome.jsx(138,30): error TS7031: Binding element 'children' implicitly has an 'any' type.
src/components/editor/panels/PanelChrome.jsx(138,40): error TS7031: Binding element 'ariaLabel' implicitly has an 'any' type.
src/components/editor/panels/PanelChrome.jsx(138,67): error TS7031: Binding element 'style' implicitly has an 'any' type.
src/components/editor/panels/PanelChrome.jsx(176,9): error TS7031: Binding element 'Icon' implicitly has an 'any' type.
src/components/editor/panels/PanelChrome.jsx(177,3): error TS7031: Binding element 'title' implicitly has an 'any' type.
src/components/editor/panels/PanelChrome.jsx(178,3): error TS7031: Binding element 'subtitle' implicitly has an 'any' type.
src/components/editor/panels/PanelChrome.jsx(179,3): error TS7031: Binding element 'status' implicitly has an 'any' type.
src/components/editor/panels/PanelChrome.jsx(180,3): error TS7031: Binding element 'actions' implicitly has an 'any' type.
src/components/editor/panels/PanelChrome.jsx(181,3): error TS7031: Binding element 'children' implicitly has an 'any' type.
src/components/editor/panels/PanelChrome.jsx(258,5): error TS2339: Property 'children' does not exist on type '{}'.
src/components/editor/panels/PanelChrome.jsx(258,15): error TS2339: Property 'className' does not exist on type '{}'.
src/components/editor/panels/PanelChrome.jsx(272,31): error TS7031: Binding element 'children' implicitly has an 'any' type.
src/components/editor/panels/PanelChrome.jsx(289,3): error TS7031: Binding element 'children' implicitly has an 'any' type.
src/components/editor/panels/PanelChrome.jsx(290,3): error TS7031: Binding element 'label' implicitly has an 'any' type.
src/components/editor/panels/PanelChrome.jsx(291,3): error TS7031: Binding element 'onClick' implicitly has an 'any' type.
src/components/editor/panels/PanelChrome.jsx(299,7): error TS2322: Type 'string' is not assignable to type '"reset" | "submit" | "button" | undefined'.
src/components/editor/panels/PanelChrome.jsx(325,3): error TS7031: Binding element 'children' implicitly has an 'any' type.
src/components/editor/panels/PanelChrome.jsx(326,9): error TS7031: Binding element 'Icon' implicitly has an 'any' type.
src/components/editor/panels/PanelChrome.jsx(327,3): error TS7031: Binding element 'onClick' implicitly has an 'any' type.
src/components/editor/panels/PanelChrome.jsx(331,3): error TS7031: Binding element 'title' implicitly has an 'any' type.
src/components/editor/panels/PanelChrome.jsx(334,21): error TS7053: Element implicitly has an 'any' type because expression of type 'string' can't be used to index type '{ muted: { icon: string; title: string; detail: string; background: string; border: string; }; accent: { icon: string; title: string; detail: string; background: string; border: string; }; teal: { icon: string; title: string; detail: string; background: string; border: string; }; success: { ...; }; warning: { ...; }...'.
  No index signature with a parameter of type 'string' was found on type '{ muted: { icon: string; title: string; detail: string; background: string; border: string; }; accent: { icon: string; title: string; detail: string; background: string; border: string; }; teal: { icon: string; title: string; detail: string; background: string; border: string; }; success: { ...; }; warning: { ...; }...'.
src/components/editor/panels/PanelChrome.jsx(337,7): error TS2322: Type 'string' is not assignable to type '"reset" | "submit" | "button" | undefined'.
src/components/editor/panels/PanelChrome.jsx(358,30): error TS7031: Binding element 'children' implicitly has an 'any' type.
src/components/editor/panels/PanelChrome.jsx(358,56): error TS7031: Binding element 'title' implicitly has an 'any' type.
src/components/editor/panels/PanelChrome.jsx(359,21): error TS7053: Element implicitly has an 'any' type because expression of type 'string' can't be used to index type '{ muted: { icon: string; title: string; detail: string; background: string; border: string; }; accent: { icon: string; title: string; detail: string; background: string; border: string; }; teal: { icon: string; title: string; detail: string; background: string; border: string; }; success: { ...; }; warning: { ...; }...'.
  No index signature with a parameter of type 'string' was found on type '{ muted: { icon: string; title: string; detail: string; background: string; border: string; }; accent: { icon: string; title: string; detail: string; background: string; border: string; }; teal: { icon: string; title: string; detail: string; background: string; border: string; }; success: { ...; }; warning: { ...; }...'.
src/components/editor/panels/PanelChrome.jsx(377,31): error TS7031: Binding element 'label' implicitly has an 'any' type.
src/components/editor/panels/PanelChrome.jsx(377,38): error TS7031: Binding element 'value' implicitly has an 'any' type.
src/components/editor/panels/PanelChrome.jsx(377,61): error TS7031: Binding element 'title' implicitly has an 'any' type.
src/components/editor/panels/PanelChrome.jsx(378,21): error TS7053: Element implicitly has an 'any' type because expression of type 'string' can't be used to index type '{ muted: { icon: string; title: string; detail: string; background: string; border: string; }; accent: { icon: string; title: string; detail: string; background: string; border: string; }; teal: { icon: string; title: string; detail: string; background: string; border: string; }; success: { ...; }; warning: { ...; }...'.
  No index signature with a parameter of type 'string' was found on type '{ muted: { icon: string; title: string; detail: string; background: string; border: string; }; accent: { icon: string; title: string; detail: string; background: string; border: string; }; teal: { icon: string; title: string; detail: string; background: string; border: string; }; success: { ...; }; warning: { ...; }...'.
src/components/editor/panels/PanelChrome.jsx(407,3): error TS7031: Binding element 'title' implicitly has an 'any' type.
src/components/editor/panels/PanelChrome.jsx(408,3): error TS7031: Binding element 'detail' implicitly has an 'any' type.
src/components/editor/panels/PanelChrome.jsx(410,3): error TS7031: Binding element 'children' implicitly has an 'any' type.
src/components/editor/panels/PanelChrome.jsx(411,3): error TS7031: Binding element 'actionLabel' implicitly has an 'any' type.
src/components/editor/panels/PanelChrome.jsx(412,3): error TS7031: Binding element 'onAction' implicitly has an 'any' type.
src/components/editor/panels/PanelChrome.jsx(415,21): error TS7053: Element implicitly has an 'any' type because expression of type 'string' can't be used to index type '{ muted: { icon: string; title: string; detail: string; background: string; border: string; }; accent: { icon: string; title: string; detail: string; background: string; border: string; }; teal: { icon: string; title: string; detail: string; background: string; border: string; }; success: { ...; }; warning: { ...; }...'.
  No index signature with a parameter of type 'string' was found on type '{ muted: { icon: string; title: string; detail: string; background: string; border: string; }; accent: { icon: string; title: string; detail: string; background: string; border: string; }; teal: { icon: string; title: string; detail: string; background: string; border: string; }; success: { ...; }; warning: { ...; }...'.
src/components/editor/panels/PanelChrome.jsx(444,12): error TS2739: Type '{ children: any; onClick: any; tone: string; className: string; }' is missing the following properties from type '{ children: any; icon: any; onClick: any; disabled?: boolean | undefined; tone?: string | undefined; type?: string | undefined; title: any; className?: string | undefined; }': icon, title
src/components/editor/panels/PanelChrome.jsx(459,3): error TS7031: Binding element 'title' implicitly has an 'any' type.
src/components/editor/panels/PanelChrome.jsx(460,3): error TS7031: Binding element 'detail' implicitly has an 'any' type.
src/components/editor/panels/PanelChrome.jsx(462,3): error TS7031: Binding element 'actionLabel' implicitly has an 'any' type.
src/components/editor/panels/PanelChrome.jsx(463,3): error TS7031: Binding element 'onAction' implicitly has an 'any' type.
src/components/editor/panels/PanelChrome.jsx(466,3): error TS7031: Binding element 'children' implicitly has an 'any' type.
src/components/editor/panels/PanelChrome.jsx(468,21): error TS7053: Element implicitly has an 'any' type because expression of type 'string' can't be used to index type '{ muted: { icon: string; title: string; detail: string; background: string; border: string; }; accent: { icon: string; title: string; detail: string; background: string; border: string; }; teal: { icon: string; title: string; detail: string; background: string; border: string; }; success: { ...; }; warning: { ...; }...'.
  No index signature with a parameter of type 'string' was found on type '{ muted: { icon: string; title: string; detail: string; background: string; border: string; }; accent: { icon: string; title: string; detail: string; background: string; border: string; }; teal: { icon: string; title: string; detail: string; background: string; border: string; }; success: { ...; }; warning: { ...; }...'.
src/components/editor/panels/PanelChrome.jsx(500,10): error TS2739: Type '{ children: any; onClick: any; tone: string; className: string; }' is missing the following properties from type '{ children: any; icon: any; onClick: any; disabled?: boolean | undefined; tone?: string | undefined; type?: string | undefined; title: any; className?: string | undefined; }': icon, title
src/components/editor/panels/PanelChrome.jsx(513,3): error TS7031: Binding element 'title' implicitly has an 'any' type.
src/components/editor/panels/PanelChrome.jsx(514,9): error TS7031: Binding element 'Icon' implicitly has an 'any' type.
src/components/editor/panels/PanelChrome.jsx(515,3): error TS7031: Binding element 'count' implicitly has an 'any' type.
src/components/editor/panels/PanelChrome.jsx(517,3): error TS7031: Binding element 'onToggle' implicitly has an 'any' type.
src/components/editor/panels/PanelChrome.jsx(518,3): error TS7031: Binding element 'action' implicitly has an 'any' type.
src/components/editor/panels/PanelChrome.jsx(519,3): error TS7031: Binding element 'actionLabel' implicitly has an 'any' type.
src/components/editor/panels/PanelChrome.jsx(521,3): error TS7031: Binding element 'actionTitle' implicitly has an 'any' type.
src/components/editor/panels/PanelChrome.jsx(522,3): error TS7031: Binding element 'children' implicitly has an 'any' type.
src/components/editor/panels/PanelChrome.jsx(549,29): error TS2741: Property 'title' is missing in type '{ children: any; tone: string; }' but required in type '{ children: any; tone?: string | undefined; title: any; }'.
src/components/editor/panels/PanelChrome.jsx(552,12): error TS2741: Property 'icon' is missing in type '{ children: any; onClick: any; disabled: boolean; title: any; className: string; }' but required in type '{ children: any; icon: any; onClick: any; disabled?: boolean | undefined; tone?: string | undefined; type?: string | undefined; title: any; className?: string | undefined; }'.
src/components/editor/ProblemsPanel.jsx(40,26): error TS7006: Parameter 'problem' implicitly has an 'any' type.
src/components/editor/ProblemsPanel.jsx(74,20): error TS7006: Parameter 'problems' implicitly has an 'any' type.
src/components/editor/ProblemsPanel.jsx(76,6): error TS7006: Parameter 'acc' implicitly has an 'any' type.
src/components/editor/ProblemsPanel.jsx(76,11): error TS7006: Parameter 'problem' implicitly has an 'any' type.
src/components/editor/ProblemsPanel.jsx(85,31): error TS7006: Parameter 'problems' implicitly has an 'any' type.
src/components/editor/ProblemsPanel.jsx(89,31): error TS7006: Parameter 'problem' implicitly has an 'any' type.
src/components/editor/ProblemsPanel.jsx(89,40): error TS7006: Parameter 'filter' implicitly has an 'any' type.
src/components/editor/ProblemsPanel.jsx(96,31): error TS7006: Parameter 'fileProblems' implicitly has an 'any' type.
src/components/editor/ProblemsPanel.jsx(98,6): error TS7006: Parameter 'acc' implicitly has an 'any' type.
src/components/editor/ProblemsPanel.jsx(98,11): error TS7006: Parameter 'item' implicitly has an 'any' type.
src/components/editor/ProblemsPanel.jsx(107,22): error TS7006: Parameter 'counts' implicitly has an 'any' type.
src/components/editor/ProblemsPanel.jsx(114,41): error TS7031: Binding element 'problems' implicitly has an 'any' type.
src/components/editor/ProblemsPanel.jsx(114,51): error TS7031: Binding element 'onSelectProblem' implicitly has an 'any' type.
src/components/editor/ProblemsPanel.jsx(164,40): error TS2339: Property 'querySelector' does not exist on type 'never'.
src/components/editor/ProblemsPanel.jsx(169,6): error TS7006: Parameter 'problem' implicitly has an 'any' type.
src/components/editor/ProblemsPanel.jsx(169,15): error TS7006: Parameter 'index' implicitly has an 'any' type.
src/components/editor/ProblemsPanel.jsx(181,6): error TS7006: Parameter 'direction' implicitly has an 'any' type.
src/components/editor/ProblemsPanel.jsx(202,6): error TS7006: Parameter 'event' implicitly has an 'any' type.
src/components/editor/ProblemsPanel.jsx(224,24): error TS7006: Parameter 'file' implicitly has an 'any' type.
src/components/editor/ProblemsPanel.jsx(225,55): error TS7053: Element implicitly has an 'any' type because expression of type 'any' can't be used to index type '{}'.
src/components/editor/ProblemsPanel.jsx(256,6): error TS2741: Property 'style' is missing in type '{ children: Element[]; ariaLabel: string; className: string; }' but required in type '{ children: any; ariaLabel: any; className?: string | undefined; style: any; }'.
src/components/editor/ProblemsPanel.jsx(267,14): error TS2741: Property 'title' is missing in type '{ children: any[]; tone: string; }' but required in type '{ children: any; tone?: string | undefined; title: any; }'.
src/components/editor/ProblemsPanel.jsx(269,14): error TS2741: Property 'title' is missing in type '{ children: any[]; tone: string; }' but required in type '{ children: any; tone?: string | undefined; title: any; }'.
src/components/editor/ProblemsPanel.jsx(271,14): error TS2741: Property 'title' is missing in type '{ children: string; tone: string; }' but required in type '{ children: any; tone?: string | undefined; title: any; }'.
src/components/editor/ProblemsPanel.jsx(356,8): error TS2322: Type '{ children: (Element | Element[] | null)[]; ref: RefObject<null>; className: string; tabIndex: number; role: string; "aria-label": string; onKeyDown: (event: any) => void; }' is not assignable to type 'IntrinsicAttributes & RefAttributes<any>'.
  Property 'children' does not exist on type 'IntrinsicAttributes & RefAttributes<any>'.
src/components/editor/ProblemsPanel.jsx(376,12): error TS2741: Property 'children' is missing in type '{ icon: LucideIcon; title: string; detail: string; tone: string; actionLabel: string | undefined; onAction: (() => void) | undefined; compact: true; }' but required in type '{ icon?: LucideIcon | undefined; title: any; detail: any; tone?: string | undefined; actionLabel: any; onAction: any; spinning?: boolean | undefined; compact?: boolean | undefined; children: any; }'.
src/components/editor/ProblemsPanel.jsx(387,39): error TS7053: Element implicitly has an 'any' type because expression of type 'string' can't be used to index type '{}'.
  No index signature with a parameter of type 'string' was found on type '{}'.
src/components/editor/ProblemsPanel.jsx(425,42): error TS2741: Property 'title' is missing in type '{ children: any; tone: string; }' but required in type '{ children: any; tone?: string | undefined; title: any; }'.
src/components/editor/ProblemsPanel.jsx(426,44): error TS2741: Property 'title' is missing in type '{ children: any; tone: string; }' but required in type '{ children: any; tone?: string | undefined; title: any; }'.
src/components/editor/ProblemsPanel.jsx(427,22): error TS2741: Property 'title' is missing in type '{ children: any; tone: string; }' but required in type '{ children: any; tone?: string | undefined; title: any; }'.
src/components/editor/ProblemsPanel.jsx(433,40): error TS7031: Binding element 'problem' implicitly has an 'any' type.
src/components/editor/ProblemsPanel.jsx(433,49): error TS7031: Binding element 'globalIndex' implicitly has an 'any' type.
src/components/editor/ProblemsPanel.jsx(502,14): error TS2741: Property 'title' is missing in type '{ children: string; icon: LucideIcon; onClick: () => void; tone: string; className: string; }' but required in type '{ children: any; icon: any; onClick: any; disabled?: boolean | undefined; tone?: string | undefined; type?: string | undefined; title: any; className?: string | undefined; }'.
src/components/editor/SearchPanel.jsx(37,28): error TS7031: Binding element 'match' implicitly has an 'any' type.
src/components/editor/SearchPanel.jsx(65,25): error TS7031: Binding element 'active' implicitly has an 'any' type.
src/components/editor/SearchPanel.jsx(65,33): error TS7031: Binding element 'onClick' implicitly has an 'any' type.
src/components/editor/SearchPanel.jsx(65,42): error TS7031: Binding element 'title' implicitly has an 'any' type.
src/components/editor/SearchPanel.jsx(65,55): error TS7031: Binding element 'Icon' implicitly has an 'any' type.
src/components/editor/SearchPanel.jsx(65,61): error TS7031: Binding element 'label' implicitly has an 'any' type.
src/components/editor/SearchPanel.jsx(91,23): error TS7031: Binding element 'label' implicitly has an 'any' type.
src/components/editor/SearchPanel.jsx(91,30): error TS7031: Binding element 'value' implicitly has an 'any' type.
src/components/editor/SearchPanel.jsx(91,37): error TS7031: Binding element 'onChange' implicitly has an 'any' type.
src/components/editor/SearchPanel.jsx(91,47): error TS7031: Binding element 'placeholder' implicitly has an 'any' type.
src/components/editor/SearchPanel.jsx(107,24): error TS7031: Binding element 'state' implicitly has an 'any' type.
src/components/editor/SearchPanel.jsx(107,31): error TS7031: Binding element 'result' implicitly has an 'any' type.
src/components/editor/SearchPanel.jsx(107,39): error TS7031: Binding element 'query' implicitly has an 'any' type.
src/components/editor/SearchPanel.jsx(107,46): error TS7031: Binding element 'fileCount' implicitly has an 'any' type.
src/components/editor/SearchPanel.jsx(107,57): error TS7031: Binding element 'hasScopeFilters' implicitly has an 'any' type.
src/components/editor/SearchPanel.jsx(107,74): error TS7031: Binding element 'onResetScopes' implicitly has an 'any' type.
src/components/editor/SearchPanel.jsx(110,8): error TS2739: Type '{ icon: LucideIcon; tone: string; title: string; detail: string; }' is missing the following properties from type '{ icon?: LucideIcon | undefined; title: any; detail: any; tone?: string | undefined; actionLabel: any; onAction: any; spinning?: boolean | undefined; compact?: boolean | undefined; children: any; }': actionLabel, onAction, children
src/components/editor/SearchPanel.jsx(121,8): error TS2739: Type '{ icon: LucideIcon; spinning: true; tone: string; title: string; detail: string; }' is missing the following properties from type '{ icon?: LucideIcon | undefined; title: any; detail: any; tone?: string | undefined; actionLabel: any; onAction: any; spinning?: boolean | undefined; compact?: boolean | undefined; children: any; }': actionLabel, onAction, children
src/components/editor/SearchPanel.jsx(133,8): error TS2739: Type '{ icon: LucideIcon; tone: string; title: string; detail: any; }' is missing the following properties from type '{ icon?: LucideIcon | undefined; title: any; detail: any; tone?: string | undefined; actionLabel: any; onAction: any; spinning?: boolean | undefined; compact?: boolean | undefined; children: any; }': actionLabel, onAction, children
src/components/editor/SearchPanel.jsx(144,8): error TS2741: Property 'children' is missing in type '{ icon: LucideIcon; title: string; detail: string; actionLabel: string | undefined; onAction: any; compact: true; }' but required in type '{ icon?: LucideIcon | undefined; title: any; detail: any; tone?: string | undefined; actionLabel: any; onAction: any; spinning?: boolean | undefined; compact?: boolean | undefined; children: any; }'.
src/components/editor/SearchPanel.jsx(156,6): error TS2741: Property 'children' is missing in type '{ icon: LucideIcon; title: string; detail: string; actionLabel: string | undefined; onAction: any; }' but required in type '{ icon?: LucideIcon | undefined; title: any; detail: any; tone?: string | undefined; actionLabel: any; onAction: any; spinning?: boolean | undefined; compact?: boolean | undefined; children: any; }'.
src/components/editor/SearchPanel.jsx(166,39): error TS7031: Binding element 'files' implicitly has an 'any[]' type.
src/components/editor/SearchPanel.jsx(166,51): error TS7031: Binding element 'onFileSelect' implicitly has an 'any' type.
src/components/editor/SearchPanel.jsx(186,9): error TS7005: Variable 'groups' implicitly has an 'any[]' type.
src/components/editor/SearchPanel.jsx(195,23): error TS2339: Property 'focus' does not exist on type 'never'.
src/components/editor/SearchPanel.jsx(228,46): error TS7006: Parameter 'file' implicitly has an 'any' type.
src/components/editor/SearchPanel.jsx(230,24): error TS2339: Property 'electronAPI' does not exist on type 'Window & typeof globalThis'.
src/components/editor/SearchPanel.jsx(253,19): error TS2322: Type 'any[]' is not assignable to type 'never[]'.
  Type 'any' is not assignable to type 'never'.
src/components/editor/SearchPanel.jsx(276,24): error TS7006: Parameter 'patch' implicitly has an 'any' type.
src/components/editor/SearchPanel.jsx(280,25): error TS7006: Parameter 'event' implicitly has an 'any' type.
src/components/editor/SearchPanel.jsx(290,23): error TS2339: Property 'focus' does not exist on type 'never'.
src/components/editor/SearchPanel.jsx(298,27): error TS7006: Parameter 'id' implicitly has an 'any' type.
src/components/editor/SearchPanel.jsx(299,47): error TS7053: Element implicitly has an 'any' type because expression of type 'any' can't be used to index type '{}'.
src/components/editor/SearchPanel.jsx(317,34): error TS7006: Parameter 'group' implicitly has an 'any' type.
src/components/editor/SearchPanel.jsx(317,41): error TS7006: Parameter 'match' implicitly has an 'any' type.
src/components/editor/SearchPanel.jsx(335,6): error TS2741: Property 'style' is missing in type '{ children: (false | "" | Element)[]; ariaLabel: string; className: string; }' but required in type '{ children: any; ariaLabel: any; className?: string | undefined; style: any; }'.
src/components/editor/SearchPanel.jsx(336,8): error TS2741: Property 'actions' is missing in type '{ children: Element; icon: LucideIcon; title: string; subtitle: string; status: Element | null; }' but required in type '{ icon: any; title: any; subtitle: any; status: any; actions: any; children: any; className?: string | undefined; }'.
src/components/editor/SearchPanel.jsx(346,14): error TS2741: Property 'title' is missing in type '{ children: string; tone: string; }' but required in type '{ children: any; tone?: string | undefined; title: any; }'.
src/components/editor/SearchPanel.jsx(348,14): error TS2741: Property 'title' is missing in type '{ children: string; tone: string; }' but required in type '{ children: any; tone?: string | undefined; title: any; }'.
src/components/editor/SearchPanel.jsx(401,14): error TS2741: Property 'icon' is missing in type '{ active: boolean; onClick: () => void; label: string; title: string; }' but required in type '{ active: any; onClick: any; title: any; icon: any; label: any; }'.
src/components/editor/SearchPanel.jsx(407,14): error TS2741: Property 'icon' is missing in type '{ active: boolean; onClick: () => void; label: string; title: string; }' but required in type '{ active: any; onClick: any; title: any; icon: any; label: any; }'.
src/components/editor/SearchPanel.jsx(449,32): error TS7006: Parameter 'value' implicitly has an 'any' type.
src/components/editor/SearchPanel.jsx(455,32): error TS7006: Parameter 'value' implicitly has an 'any' type.
src/components/editor/SearchPanel.jsx(477,8): error TS2559: Type '{ children: (false | "" | Element)[]; }' has no properties in common with type 'IntrinsicAttributes & RefAttributes<any>'.
src/components/editor/SearchPanel.jsx(498,20): error TS2741: Property 'title' is missing in type '{ children: string; tone: string; }' but required in type '{ children: any; tone?: string | undefined; title: any; }'.
src/components/editor/SearchPanel.jsx(518,43): error TS7053: Element implicitly has an 'any' type because expression of type 'any' can't be used to index type '{}'.
src/components/editor/SearchPanel.jsx(598,45): error TS7006: Parameter 'match' implicitly has an 'any' type.
src/components/editor/SearchPanel.jsx(598,52): error TS7006: Parameter 'matchIndex' implicitly has an 'any' type.
src/components/editor/settings/KeybindingManager.jsx(11,3): error TS7031: Binding element 'model' implicitly has an 'any' type.
src/components/editor/settings/KeybindingManager.jsx(12,3): error TS7031: Binding element 'overrides' implicitly has an 'any' type.
src/components/editor/settings/KeybindingManager.jsx(13,3): error TS7031: Binding element 'search' implicitly has an 'any' type.
src/components/editor/settings/KeybindingManager.jsx(14,3): error TS7031: Binding element 'category' implicitly has an 'any' type.
src/components/editor/settings/KeybindingManager.jsx(15,3): error TS7031: Binding element 'onSearchChange' implicitly has an 'any' type.
src/components/editor/settings/KeybindingManager.jsx(16,3): error TS7031: Binding element 'onCategoryChange' implicitly has an 'any' type.
src/components/editor/settings/KeybindingManager.jsx(17,3): error TS7031: Binding element 'onSetOverride' implicitly has an 'any' type.
src/components/editor/settings/KeybindingManager.jsx(18,3): error TS7031: Binding element 'onResetBinding' implicitly has an 'any' type.
src/components/editor/settings/KeybindingManager.jsx(19,3): error TS7031: Binding element 'onResetAll' implicitly has an 'any' type.
src/components/editor/settings/KeybindingManager.jsx(26,25): error TS7006: Parameter 'row' implicitly has an 'any' type.
src/components/editor/settings/KeybindingManager.jsx(32,6): error TS7006: Parameter 'row' implicitly has an 'any' type.
src/components/editor/settings/KeybindingManager.jsx(33,53): error TS7053: Element implicitly has an 'any' type because expression of type 'any' can't be used to index type '{}'.
src/components/editor/settings/KeybindingManager.jsx(47,34): error TS7006: Parameter 'row' implicitly has an 'any' type.
src/components/editor/settings/KeybindingManager.jsx(48,37): error TS7006: Parameter 'row' implicitly has an 'any' type.
src/components/editor/settings/KeybindingManager.jsx(49,36): error TS7006: Parameter 'row' implicitly has an 'any' type.
src/components/editor/settings/KeybindingManager.jsx(60,58): error TS7006: Parameter 'row' implicitly has an 'any' type.
src/components/editor/settings/KeybindingManager.jsx(61,61): error TS7006: Parameter 'row' implicitly has an 'any' type.
src/components/editor/settings/KeybindingManager.jsx(62,60): error TS7006: Parameter 'row' implicitly has an 'any' type.
src/components/editor/settings/KeybindingManager.jsx(105,24): error TS7006: Parameter 'event' implicitly has an 'any' type.
src/components/editor/settings/KeybindingManager.jsx(116,34): error TS7006: Parameter 'item' implicitly has an 'any' type.
src/components/editor/settings/KeybindingManager.jsx(175,28): error TS7006: Parameter 'row' implicitly has an 'any' type.
src/components/editor/settings/KeybindingManager.jsx(176,27): error TS7053: Element implicitly has an 'any' type because expression of type 'any' can't be used to index type '{}'.
src/components/editor/settings/KeybindingManager.jsx(240,32): error TS7006: Parameter 'event' implicitly has an 'any' type.
src/components/editor/settings/KeybindingManager.jsx(247,33): error TS7006: Parameter 'event' implicitly has an 'any' type.
src/components/editor/settings/settingsModels.js(11,35): error TS7006: Parameter 'result' implicitly has an 'any' type.
src/components/editor/settings/settingsModels.js(19,33): error TS7006: Parameter 'value' implicitly has an 'any' type.
src/components/editor/settings/settingsModels.js(29,25): error TS7006: Parameter 'query' implicitly has an 'any' type.
src/components/editor/settings/settingsModels.js(36,27): error TS7006: Parameter 'parts' implicitly has an 'any' type.
src/components/editor/settings/settingsModels.js(40,29): error TS7006: Parameter 'text' implicitly has an 'any' type.
src/components/editor/settings/settingsModels.js(40,35): error TS7006: Parameter 'query' implicitly has an 'any' type.
src/components/editor/settings/settingsModels.js(65,16): error TS2339: Property 'visual_performance_profile' does not exist on type '{}'.
src/components/editor/settings/settingsModels.js(66,21): error TS2339: Property 'visual_performance_profile' does not exist on type '{}'.
src/components/editor/settings/settingsModels.js(69,14): error TS2339: Property 'panel_blur_strength' does not exist on type '{}'.
src/components/editor/settings/settingsModels.js(70,14): error TS2339: Property 'smooth_caret' does not exist on type '{}'.
src/components/editor/settings/settingsModels.js(71,14): error TS2339: Property 'cursor_glow' does not exist on type '{}'.
src/components/editor/settings/settingsModels.js(76,14): error TS2339: Property 'panel_background_mode' does not exist on type '{}'.
src/components/editor/settings/settingsModels.js(77,14): error TS2339: Property 'panel_background_mode' does not exist on type '{}'.
src/components/editor/settings/settingsModels.js(78,14): error TS2339: Property 'glow_intensity' does not exist on type '{}'.
src/components/editor/settings/settingsModels.js(79,14): error TS2339: Property 'panel_glow_outline' does not exist on type '{}'.
src/components/editor/settings/settingsModels.js(86,31): error TS7006: Parameter 'settingId' implicitly has an 'any' type.
src/components/editor/settings/settingsModels.js(86,42): error TS7006: Parameter 'sectionId' implicitly has an 'any' type.
src/components/editor/settings/settingsModels.js(86,53): error TS7006: Parameter 'query' implicitly has an 'any' type.
src/components/editor/settings/settingsModels.js(101,31): error TS7006: Parameter 'section' implicitly has an 'any' type.
src/components/editor/settings/settingsModels.js(101,40): error TS7006: Parameter 'query' implicitly has an 'any' type.
src/components/editor/settings/settingsModels.js(114,37): error TS7006: Parameter 'sectionId' implicitly has an 'any' type.
src/components/editor/settings/settingsModels.js(114,48): error TS7006: Parameter 'query' implicitly has an 'any' type.
src/components/editor/settings/settingsModels.js(127,34): error TS7006: Parameter 'settingId' implicitly has an 'any' type.
src/components/editor/settings/settingsModels.js(127,45): error TS7006: Parameter 'sectionId' implicitly has an 'any' type.
src/components/editor/settings/settingsModels.js(127,56): error TS7006: Parameter 'query' implicitly has an 'any' type.
src/components/editor/settings/settingsModels.js(133,34): error TS7006: Parameter 'settings' implicitly has an 'any' type.
src/components/editor/settings/settingsModels.js(133,44): error TS7006: Parameter 'key' implicitly has an 'any' type.
src/components/editor/settings/settingsModels.js(133,49): error TS7006: Parameter 'fallback' implicitly has an 'any' type.
src/components/editor/settings/settingsModels.js(138,29): error TS7006: Parameter 'value' implicitly has an 'any' type.
src/components/editor/settings/settingsModels.js(138,36): error TS7006: Parameter 'min' implicitly has an 'any' type.
src/components/editor/settings/settingsModels.js(138,41): error TS7006: Parameter 'max' implicitly has an 'any' type.
src/components/editor/settings/settingsModels.js(138,46): error TS7006: Parameter 'fallback' implicitly has an 'any' type.
src/components/editor/settings/settingsModels.js(144,37): error TS7006: Parameter 'value' implicitly has an 'any' type.
src/components/editor/settings/settingsModels.js(150,26): error TS7006: Parameter 'sectionId' implicitly has an 'any' type.
src/components/editor/settings/settingsModels.js(154,34): error TS7006: Parameter 'query' implicitly has an 'any' type.
src/components/editor/settings/settingsModels.js(181,38): error TS7006: Parameter 'resolvedTheme' implicitly has an 'any' type.
src/components/editor/settings/settingsModels.js(216,27): error TS7053: Element implicitly has an 'any' type because expression of type 'string' can't be used to index type '{}'.
  No index signature with a parameter of type 'string' was found on type '{}'.
src/components/editor/settings/settingsModels.js(224,27): error TS7053: Element implicitly has an 'any' type because expression of type 'string' can't be used to index type '{ theme: string; background: null; visual_performance_profile: string; panel_background_mode: string; glow_renderer: string; panel_blur_strength: number; panel_glow_outline: boolean; glow_intensity: number; ... 55 more ...; keybinding_overrides: {}; }'.
  No index signature with a parameter of type 'string' was found on type '{ theme: string; background: null; visual_performance_profile: string; panel_background_mode: string; glow_renderer: string; panel_blur_strength: number; panel_glow_outline: boolean; glow_intensity: number; ... 55 more ...; keybinding_overrides: {}; }'.
src/components/editor/settings/settingsModels.js(231,63): error TS7053: Element implicitly has an 'any' type because expression of type 'string' can't be used to index type '{}'.
  No index signature with a parameter of type 'string' was found on type '{}'.
src/components/editor/settings/settingsModels.js(236,42): error TS7006: Parameter 'settings' implicitly has an 'any' type.
src/components/editor/settings/settingsModels.js(236,52): error TS7006: Parameter 'resolvedTheme' implicitly has an 'any' type.
src/components/editor/settings/settingsModels.js(236,67): error TS7006: Parameter 'visualBudgetSummary' implicitly has an 'any' type.
src/components/editor/settings/settingsModels.js(267,55): error TS7006: Parameter 'category' implicitly has an 'any' type.
src/components/editor/settings/settingsModels.js(277,32): error TS7006: Parameter 'payload' implicitly has an 'any' type.
src/components/editor/settings/settingsModels.js(282,31): error TS7006: Parameter 'id' implicitly has an 'any' type.
src/components/editor/settings/settingsModels.js(282,35): error TS7006: Parameter 'label' implicitly has an 'any' type.
src/components/editor/settings/settingsModels.js(282,42): error TS7006: Parameter 'rating' implicitly has an 'any' type.
src/components/editor/settings/settingsModels.js(282,50): error TS7006: Parameter 'value' implicitly has an 'any' type.
src/components/editor/settings/settingsModels.js(282,57): error TS7006: Parameter 'score' implicitly has an 'any' type.
src/components/editor/settings/settingsModels.js(282,64): error TS7006: Parameter 'detail' implicitly has an 'any' type.
src/components/editor/settings/settingsModels.js(294,57): error TS7006: Parameter 'visualProfileId' implicitly has an 'any' type.
src/components/editor/settings/settingsModels.js(294,74): error TS7006: Parameter 'shouldReduceMotion' implicitly has an 'any' type.
src/components/editor/settings/settingsModels.js(295,42): error TS2339: Property 'panel_blur_strength' does not exist on type '{}'.
src/components/editor/settings/settingsModels.js(296,46): error TS2339: Property 'glow_intensity' does not exist on type '{}'.
src/components/editor/settings/settingsModels.js(297,43): error TS2339: Property 'glow_radius' does not exist on type '{}'.
src/components/editor/settings/settingsModels.js(298,47): error TS2339: Property 'animation_speed' does not exist on type '{}'.
src/components/editor/settings/settingsModels.js(299,30): error TS2339: Property 'panel_background_mode' does not exist on type '{}'.
src/components/editor/settings/settingsModels.js(300,38): error TS2339: Property 'animations_enabled' does not exist on type '{}'.
src/components/editor/settings/settingsModels.js(301,33): error TS2339: Property 'glow_renderer' does not exist on type '{}'.
src/components/editor/settings/settingsModels.js(308,15): error TS2339: Property 'panel_glow_outline' does not exist on type '{}'.
src/components/editor/settings/settingsModels.js(309,15): error TS2339: Property 'cursor_glow' does not exist on type '{}'.
src/components/editor/settings/settingsModels.js(310,15): error TS2339: Property 'icon_glow' does not exist on type '{}'.
src/components/editor/settings/settingsModels.js(311,15): error TS2339: Property 'minimap' does not exist on type '{}'.
src/components/editor/settings/settingsModels.js(312,15): error TS2339: Property 'autocomplete_enabled' does not exist on type '{}'.
src/components/editor/settings/settingsModels.js(313,15): error TS2339: Property 'autocomplete_lsp' does not exist on type '{}'.
src/components/editor/settings/settingsModels.js(313,54): error TS2339: Property 'lsp_enabled' does not exist on type '{}'.
src/components/editor/settings/settingsModels.js(319,15): error TS2339: Property 'panel_glow_outline' does not exist on type '{}'.
src/components/editor/settings/settingsModels.js(320,15): error TS2339: Property 'cursor_glow' does not exist on type '{}'.
src/components/editor/settings/settingsModels.js(321,15): error TS2339: Property 'icon_glow' does not exist on type '{}'.
src/components/editor/settings/settingsModels.js(324,61): error TS2339: Property 'smooth_caret' does not exist on type '{}'.
src/components/editor/settings/settingsModels.js(370,16): error TS2339: Property 'glow_renderer' does not exist on type '{}'.
src/components/editor/settings/settingsModels.js(408,16): error TS2339: Property 'glow_renderer' does not exist on type '{}'.
src/components/editor/settings/settingsModels.js(412,14): error TS2339: Property 'minimap' does not exist on type '{}'.
src/components/editor/settings/settingsModels.js(413,14): error TS2339: Property 'validation_decorations' does not exist on type '{}'.
src/components/editor/settings/settingsModels.js(414,14): error TS2339: Property 'lsp_enabled' does not exist on type '{}'.
src/components/editor/settings/settingsModels.js(415,14): error TS2339: Property 'autocomplete_lsp' does not exist on type '{}'.
src/components/editor/settings/settingsModels.js(433,51): error TS7006: Parameter 'visualProfileId' implicitly has an 'any' type.
src/components/editor/settings/settingsModels.js(433,68): error TS7006: Parameter 'prefersReducedMotion' implicitly has an 'any' type.
src/components/editor/settings/settingsModels.js(433,90): error TS7006: Parameter 'shouldReduceMotion' implicitly has an 'any' type.
src/components/editor/settings/settingsModels.js(436,16): error TS2339: Property 'reduce_motion' does not exist on type '{}'.
src/components/editor/settings/settingsModels.js(437,16): error TS2339: Property 'animations_enabled' does not exist on type '{}'.
src/components/editor/settings/settingsModels.js(439,16): error TS2339: Property 'smooth_caret' does not exist on type '{}'.
src/components/editor/settings/settingsModels.js(459,54): error TS7006: Parameter 'visualProfileId' implicitly has an 'any' type.
src/components/editor/settings/settingsModels.js(459,71): error TS7006: Parameter 'lspServers' implicitly has an 'any[]' type.
src/components/editor/settings/settingsModels.js(464,47): error TS2339: Property 'animation_speed' does not exist on type '{}'.
src/components/editor/settings/settingsModels.js(465,30): error TS2339: Property 'panel_background_mode' does not exist on type '{}'.
src/components/editor/settings/settingsModels.js(503,16): error TS2339: Property 'glow_renderer' does not exist on type '{}'.
src/components/editor/settings/settingsModels.js(510,16): error TS2339: Property 'panel_glow_outline' does not exist on type '{}'.
src/components/editor/settings/settingsModels.js(525,14): error TS2339: Property 'autocomplete_enabled' does not exist on type '{}'.
src/components/editor/settings/settingsModels.js(526,14): error TS2339: Property 'autocomplete_lsp' does not exist on type '{}'.
src/components/editor/settings/settingsModels.js(527,14): error TS2339: Property 'lsp_enabled' does not exist on type '{}'.
src/components/editor/settings/settingsModels.js(537,14): error TS2339: Property 'autocomplete_enabled' does not exist on type '{}'.
src/components/editor/settings/settingsModels.js(538,14): error TS2339: Property 'autocomplete_local_words' does not exist on type '{}'.
src/components/editor/settings/settingsModels.js(539,14): error TS2339: Property 'autocomplete_language_hints' does not exist on type '{}'.
src/components/editor/settings/settingsModels.js(548,14): error TS2339: Property 'minimap' does not exist on type '{}'.
src/components/editor/settings/settingsModels.js(549,14): error TS2339: Property 'validation_decorations' does not exist on type '{}'.
src/components/editor/settings/settingsModels.js(550,14): error TS2339: Property 'lsp_enabled' does not exist on type '{}'.
src/components/editor/settings/settingsModels.js(551,14): error TS2339: Property 'autocomplete_lsp' does not exist on type '{}'.
src/components/editor/settings/SettingsNavigation.jsx(7,3): error TS7031: Binding element 'activeSection' implicitly has an 'any' type.
src/components/editor/settings/SettingsNavigation.jsx(8,3): error TS7031: Binding element 'sectionMatchCounts' implicitly has an 'any' type.
src/components/editor/settings/SettingsNavigation.jsx(9,3): error TS7031: Binding element 'searchQuery' implicitly has an 'any' type.
src/components/editor/settings/SettingsNavigation.jsx(10,3): error TS7031: Binding element 'searchTerm' implicitly has an 'any' type.
src/components/editor/settings/SettingsNavigation.jsx(11,3): error TS7031: Binding element 'totalMatches' implicitly has an 'any' type.
src/components/editor/settings/SettingsNavigation.jsx(12,3): error TS7031: Binding element 'visibleSectionIds' implicitly has an 'any' type.
src/components/editor/settings/SettingsNavigation.jsx(13,3): error TS7031: Binding element 'shouldReduceMotion' implicitly has an 'any' type.
src/components/editor/settings/SettingsNavigation.jsx(14,3): error TS7031: Binding element 'motionTransition' implicitly has an 'any' type.
src/components/editor/settings/SettingsNavigation.jsx(15,3): error TS7031: Binding element 'onActiveSectionChange' implicitly has an 'any' type.
src/components/editor/settings/SettingsNavigation.jsx(16,3): error TS7031: Binding element 'onClose' implicitly has an 'any' type.
src/components/editor/settings/SettingsNavigation.jsx(17,3): error TS7031: Binding element 'onResetSettings' implicitly has an 'any' type.
src/components/editor/settings/SettingsNavigation.jsx(18,3): error TS7031: Binding element 'onSearchQueryChange' implicitly has an 'any' type.
src/components/editor/settings/SettingsPrimitives.jsx(6,34): error TS7031: Binding element 'title' implicitly has an 'any' type.
src/components/editor/settings/SettingsPrimitives.jsx(6,41): error TS7031: Binding element 'eyebrow' implicitly has an 'any' type.
src/components/editor/settings/SettingsPrimitives.jsx(6,50): error TS7031: Binding element 'description' implicitly has an 'any' type.
src/components/editor/settings/SettingsPrimitives.jsx(6,69): error TS7031: Binding element 'Icon' implicitly has an 'any' type.
src/components/editor/settings/SettingsPrimitives.jsx(25,33): error TS7031: Binding element 'title' implicitly has an 'any' type.
src/components/editor/settings/SettingsPrimitives.jsx(25,40): error TS7031: Binding element 'description' implicitly has an 'any' type.
src/components/editor/settings/SettingsPrimitives.jsx(25,53): error TS7031: Binding element 'children' implicitly has an 'any' type.
src/components/editor/settings/SettingsPrimitives.jsx(49,3): error TS7031: Binding element 'id' implicitly has an 'any' type.
src/components/editor/settings/SettingsPrimitives.jsx(50,3): error TS7031: Binding element 'sectionId' implicitly has an 'any' type.
src/components/editor/settings/SettingsPrimitives.jsx(51,3): error TS7031: Binding element 'searchQuery' implicitly has an 'any' type.
src/components/editor/settings/SettingsPrimitives.jsx(52,3): error TS7031: Binding element 'title' implicitly has an 'any' type.
src/components/editor/settings/SettingsPrimitives.jsx(53,3): error TS7031: Binding element 'description' implicitly has an 'any' type.
src/components/editor/settings/SettingsPrimitives.jsx(54,3): error TS7031: Binding element 'children' implicitly has an 'any' type.
src/components/editor/settings/SettingsPrimitives.jsx(85,30): error TS7031: Binding element 'children' implicitly has an 'any' type.
src/components/editor/settings/SettingsPrimitives.jsx(100,3): error TS7031: Binding element 'query' implicitly has an 'any' type.
src/components/editor/settings/SettingsPrimitives.jsx(101,3): error TS7031: Binding element 'totalMatches' implicitly has an 'any' type.
src/components/editor/settings/SettingsPrimitives.jsx(102,3): error TS7031: Binding element 'sectionMatchCounts' implicitly has an 'any' type.
src/components/editor/settings/SettingsPrimitives.jsx(103,3): error TS7031: Binding element 'results' implicitly has an 'any' type.
src/components/editor/settings/SettingsPrimitives.jsx(104,3): error TS7031: Binding element 'onOpenSetting' implicitly has an 'any' type.
src/components/editor/settings/SettingsPrimitives.jsx(148,23): error TS7006: Parameter 'result' implicitly has an 'any' type.
src/components/editor/settings/SettingsPrimitives.jsx(177,34): error TS7031: Binding element 'tokens' implicitly has an 'any' type.
src/components/editor/settings/SettingsPrimitives.jsx(180,20): error TS7006: Parameter 'token' implicitly has an 'any' type.
src/components/editor/settings/SettingsPrimitives.jsx(210,39): error TS7031: Binding element 'hints' implicitly has an 'any' type.
src/components/editor/settings/SettingsPrimitives.jsx(213,19): error TS7006: Parameter 'hint' implicitly has an 'any' type.
src/components/editor/settings/SettingsWidgets.jsx(33,26): error TS7006: Parameter 'tone' implicitly has an 'any' type.
src/components/editor/settings/SettingsWidgets.jsx(41,30): error TS7006: Parameter 'tone' implicitly has an 'any' type.
src/components/editor/settings/SettingsWidgets.jsx(66,27): error TS7006: Parameter 'tone' implicitly has an 'any' type.
src/components/editor/settings/SettingsWidgets.jsx(72,33): error TS7031: Binding element 'model' implicitly has an 'any' type.
src/components/editor/settings/SettingsWidgets.jsx(72,40): error TS7031: Binding element 'isRefreshing' implicitly has an 'any' type.
src/components/editor/settings/SettingsWidgets.jsx(72,54): error TS7031: Binding element 'onRefresh' implicitly has an 'any' type.
src/components/editor/settings/SettingsWidgets.jsx(112,26): error TS7006: Parameter 'row' implicitly has an 'any' type.
src/components/editor/settings/SettingsWidgets.jsx(145,35): error TS7006: Parameter 'detail' implicitly has an 'any' type.
src/components/editor/settings/SettingsWidgets.jsx(145,43): error TS7006: Parameter 'index' implicitly has an 'any' type.
src/components/editor/settings/SettingsWidgets.jsx(185,36): error TS7031: Binding element 'summary' implicitly has an 'any' type.
src/components/editor/settings/SettingsWidgets.jsx(238,34): error TS7006: Parameter 'category' implicitly has an 'any' type.
src/components/editor/settings/SettingsWidgets.jsx(257,39): error TS7006: Parameter 'recommendation' implicitly has an 'any' type.
src/components/editor/settings/SettingsWidgets.jsx(271,41): error TS7031: Binding element 'state' implicitly has an 'any' type.
src/components/editor/settings/SettingsWidgets.jsx(271,48): error TS7031: Binding element 'onApply' implicitly has an 'any' type.
src/components/editor/settings/SettingsWidgets.jsx(271,57): error TS7031: Binding element 'onRestore' implicitly has an 'any' type.
src/components/editor/settings/SettingsWidgets.jsx(321,29): error TS7006: Parameter 'reason' implicitly has an 'any' type.
src/components/editor/settings/SettingsWidgets.jsx(331,29): error TS7006: Parameter 'action' implicitly has an 'any' type.
src/components/editor/settings/SettingsWidgets.jsx(344,32): error TS7031: Binding element 'value' implicitly has an 'any' type.
src/components/editor/settings/SettingsWidgets.jsx(344,39): error TS7031: Binding element 'fallback' implicitly has an 'any' type.
src/components/editor/settings/SettingsWidgets.jsx(344,49): error TS7031: Binding element 'onChange' implicitly has an 'any' type.
src/components/editor/settings/SettingsWidgets.jsx(344,59): error TS7031: Binding element 'label' implicitly has an 'any' type.
src/components/editor/settings/SettingsWidgets.jsx(362,20): error TS7006: Parameter 'event' implicitly has an 'any' type.
src/components/editor/settings/SettingsWidgets.jsx(383,34): error TS7031: Binding element 'settings' implicitly has an 'any' type.
src/components/editor/settings/SettingsWidgets.jsx(383,44): error TS7031: Binding element 'onApplyPreset' implicitly has an 'any' type.
src/components/editor/settings/SettingsWidgets.jsx(383,59): error TS7031: Binding element 'shouldReduceMotion' implicitly has an 'any' type.
src/components/editor/settings/SettingsWidgets.jsx(388,10): error TS2741: Property 'badge' is missing in type '{ key: string; active: boolean; title: string; description: string; shouldReduceMotion: any; onClick: () => any; }' but required in type '{ active: any; title: any; description: any; badge: any; colors?: never[] | undefined; onClick: any; shouldReduceMotion: any; disabled?: boolean | undefined; }'.
src/components/editor/settings/SettingsWidgets.jsx(402,3): error TS7031: Binding element 'activeRecipeId' implicitly has an 'any' type.
src/components/editor/settings/SettingsWidgets.jsx(403,3): error TS7031: Binding element 'copyStatus' implicitly has an 'any' type.
src/components/editor/settings/SettingsWidgets.jsx(404,3): error TS7031: Binding element 'exportSize' implicitly has an 'any' type.
src/components/editor/settings/SettingsWidgets.jsx(405,3): error TS7031: Binding element 'primaryAccent' implicitly has an 'any' type.
src/components/editor/settings/SettingsWidgets.jsx(406,3): error TS7031: Binding element 'secondaryAccent' implicitly has an 'any' type.
src/components/editor/settings/SettingsWidgets.jsx(407,3): error TS7031: Binding element 'shouldReduceMotion' implicitly has an 'any' type.
src/components/editor/settings/SettingsWidgets.jsx(408,3): error TS7031: Binding element 'onApplyRecipe' implicitly has an 'any' type.
src/components/editor/settings/SettingsWidgets.jsx(409,3): error TS7031: Binding element 'onApplyBalancedVisuals' implicitly has an 'any' type.
src/components/editor/settings/SettingsWidgets.jsx(410,3): error TS7031: Binding element 'onApplyLowPower' implicitly has an 'any' type.
src/components/editor/settings/SettingsWidgets.jsx(411,3): error TS7031: Binding element 'onCopyJson' implicitly has an 'any' type.
src/components/editor/settings/SettingsWidgets.jsx(412,3): error TS7031: Binding element 'onResetThemeEditor' implicitly has an 'any' type.
src/components/editor/settings/SettingsWidgets.jsx(427,15): error TS2322: Type 'string[]' is not assignable to type 'never[]'.
  Type 'string' is not assignable to type 'never'.
src/components/editor/settings/SettingsWidgets.jsx(482,3): error TS7031: Binding element 'active' implicitly has an 'any' type.
src/components/editor/settings/SettingsWidgets.jsx(483,3): error TS7031: Binding element 'title' implicitly has an 'any' type.
src/components/editor/settings/SettingsWidgets.jsx(484,3): error TS7031: Binding element 'description' implicitly has an 'any' type.
src/components/editor/settings/SettingsWidgets.jsx(485,3): error TS7031: Binding element 'badge' implicitly has an 'any' type.
src/components/editor/settings/SettingsWidgets.jsx(486,3): error TS7031: Binding element 'colors' implicitly has an 'any[]' type.
src/components/editor/settings/SettingsWidgets.jsx(487,3): error TS7031: Binding element 'onClick' implicitly has an 'any' type.
src/components/editor/settings/SettingsWidgets.jsx(488,3): error TS7031: Binding element 'shouldReduceMotion' implicitly has an 'any' type.
src/components/editor/settings/SettingsWidgets.jsx(545,3): error TS7031: Binding element 'label' implicitly has an 'any' type.
src/components/editor/settings/SettingsWidgets.jsx(546,3): error TS7031: Binding element 'options' implicitly has an 'any' type.
src/components/editor/settings/SettingsWidgets.jsx(547,3): error TS7031: Binding element 'value' implicitly has an 'any' type.
src/components/editor/settings/SettingsWidgets.jsx(548,3): error TS7031: Binding element 'onChange' implicitly has an 'any' type.
src/components/editor/settings/SettingsWidgets.jsx(549,21): error TS7006: Parameter 'option' implicitly has an 'any' type.
src/components/editor/settings/SettingsWidgets.jsx(563,23): error TS7006: Parameter 'option' implicitly has an 'any' type.
src/components/editor/settings/SettingsWidgets.jsx(588,30): error TS7006: Parameter 'layout' implicitly has an 'any' type.
src/components/editor/settings/SettingsWidgets.jsx(588,38): error TS7006: Parameter 'zone' implicitly has an 'any' type.
src/components/editor/settings/SettingsWidgets.jsx(595,3): error TS7031: Binding element 'layout' implicitly has an 'any' type.
src/components/editor/settings/SettingsWidgets.jsx(596,3): error TS7031: Binding element 'activePanelId' implicitly has an 'any' type.
src/components/editor/settings/SettingsWidgets.jsx(597,3): error TS7031: Binding element 'activePanelLabel' implicitly has an 'any' type.
src/components/editor/settings/SettingsWidgets.jsx(598,3): error TS7031: Binding element 'onApplyPreset' implicitly has an 'any' type.
src/components/editor/settings/SettingsWidgets.jsx(599,3): error TS7031: Binding element 'onSetSidePanelSize' implicitly has an 'any' type.
src/components/editor/settings/SettingsWidgets.jsx(600,3): error TS7031: Binding element 'onSetBottomPanelSize' implicitly has an 'any' type.
src/components/editor/settings/SettingsWidgets.jsx(601,3): error TS7031: Binding element 'onDockActivePanel' implicitly has an 'any' type.
src/components/editor/settings/SettingsWidgets.jsx(602,3): error TS7031: Binding element 'onResetLayout' implicitly has an 'any' type.
src/components/editor/settings/SettingsWidgets.jsx(606,7): error TS7053: Element implicitly has an 'any' type because expression of type 'any' can't be used to index type '{}'.
src/components/editor/settings/SettingsWidgets.jsx(701,3): error TS7031: Binding element 'settings' implicitly has an 'any' type.
src/components/editor/settings/SettingsWidgets.jsx(702,3): error TS7031: Binding element 'resolvedTheme' implicitly has an 'any' type.
src/components/editor/settings/SettingsWidgets.jsx(703,3): error TS7031: Binding element 'visualBudgetSummary' implicitly has an 'any' type.
src/components/editor/settings/SettingsWidgets.jsx(704,3): error TS7031: Binding element 'themeName' implicitly has an 'any' type.
src/components/editor/settings/SettingsWidgets.jsx(705,3): error TS7031: Binding element 'primaryAccent' implicitly has an 'any' type.
src/components/editor/settings/SettingsWidgets.jsx(706,3): error TS7031: Binding element 'secondaryAccent' implicitly has an 'any' type.
src/components/editor/settings/SettingsWidgets.jsx(707,3): error TS7031: Binding element 'radius' implicitly has an 'any' type.
src/components/editor/settings/SettingsWidgets.jsx(708,3): error TS7031: Binding element 'animationSpeed' implicitly has an 'any' type.
src/components/editor/settings/SettingsWidgets.jsx(709,3): error TS7031: Binding element 'shouldReduceMotion' implicitly has an 'any' type.
src/components/editor/settings/SettingsWidgets.jsx(838,52): error TS7006: Parameter 'category' implicitly has an 'any' type.
src/components/editor/settings/useLspSetupState.js(18,56): error TS2339: Property 'electronAPI' does not exist on type 'Window & typeof globalThis'.
src/components/editor/settings/useLspSetupState.js(25,9): error TS2322: Type 'false' is not assignable to type 'null'.
src/components/editor/settings/useLspSetupState.js(32,16): error TS2345: Argument of type '(current: { loading: boolean; error: null; bridgeAvailable: null; checkedAt: null; }) => { loading: true; error: null; bridgeAvailable: boolean; checkedAt: null; }' is not assignable to parameter of type 'SetStateAction<{ loading: boolean; error: null; bridgeAvailable: null; checkedAt: null; }>'.
  Type '(current: { loading: boolean; error: null; bridgeAvailable: null; checkedAt: null; }) => { loading: true; error: null; bridgeAvailable: boolean; checkedAt: null; }' is not assignable to type '(prevState: { loading: boolean; error: null; bridgeAvailable: null; checkedAt: null; }) => { loading: boolean; error: null; bridgeAvailable: null; checkedAt: null; }'.
    Call signature return types '{ loading: true; error: null; bridgeAvailable: boolean; checkedAt: null; }' and '{ loading: boolean; error: null; bridgeAvailable: null; checkedAt: null; }' are incompatible.
      The types of 'bridgeAvailable' are incompatible between these types.
        Type 'boolean' is not assignable to type 'null'.
src/components/editor/settings/useLspSetupState.js(44,18): error TS2345: Argument of type 'any[]' is not assignable to parameter of type 'SetStateAction<never[]>'.
  Type 'any[]' is not assignable to type 'never[]'.
    Type 'any' is not assignable to type 'never'.
src/components/editor/settings/useLspSetupState.js(48,9): error TS2322: Type 'true' is not assignable to type 'null'.
src/components/editor/settings/useLspSetupState.js(49,9): error TS2322: Type 'string' is not assignable to type 'null'.
src/components/editor/settings/useLspSetupState.js(56,23): error TS2339: Property 'message' does not exist on type '{}'.
src/components/editor/settings/useLspSetupState.js(57,9): error TS2322: Type 'true' is not assignable to type 'null'.
src/components/editor/settings/useLspSetupState.js(58,9): error TS2322: Type 'string' is not assignable to type 'null'.
src/components/editor/SettingsPanel.jsx(100,3): error TS7031: Binding element 'settings' implicitly has an 'any' type.
src/components/editor/SettingsPanel.jsx(101,3): error TS7031: Binding element 'onSettingsChange' implicitly has an 'any' type.
src/components/editor/SettingsPanel.jsx(102,3): error TS7031: Binding element 'onResetSettings' implicitly has an 'any' type.
src/components/editor/SettingsPanel.jsx(103,3): error TS7031: Binding element 'onClose' implicitly has an 'any' type.
src/components/editor/SettingsPanel.jsx(104,3): error TS7031: Binding element 'themeOptionsModel' implicitly has an 'any' type.
src/components/editor/SettingsPanel.jsx(105,3): error TS7031: Binding element 'workbenchLayout' implicitly has an 'any' type.
src/components/editor/SettingsPanel.jsx(108,3): error TS7031: Binding element 'onApplyWorkbenchLayoutPreset' implicitly has an 'any' type.
src/components/editor/SettingsPanel.jsx(109,3): error TS7031: Binding element 'onSetSidePanelSize' implicitly has an 'any' type.
src/components/editor/SettingsPanel.jsx(110,3): error TS7031: Binding element 'onSetBottomPanelSize' implicitly has an 'any' type.
src/components/editor/SettingsPanel.jsx(111,3): error TS7031: Binding element 'onDockActivePanel' implicitly has an 'any' type.
src/components/editor/SettingsPanel.jsx(112,3): error TS7031: Binding element 'onResetWorkbenchLayout' implicitly has an 'any' type.
src/components/editor/SettingsPanel.jsx(150,6): error TS7006: Parameter 'theme' implicitly has an 'any' type.
src/components/editor/SettingsPanel.jsx(305,6): error TS7006: Parameter 'key' implicitly has an 'any' type.
src/components/editor/SettingsPanel.jsx(305,11): error TS7006: Parameter 'value' implicitly has an 'any' type.
src/components/editor/SettingsPanel.jsx(321,6): error TS7006: Parameter 'patch' implicitly has an 'any' type.
src/components/editor/SettingsPanel.jsx(338,6): error TS7006: Parameter 'nextOverrides' implicitly has an 'any' type.
src/components/editor/SettingsPanel.jsx(345,6): error TS7006: Parameter 'bindingId' implicitly has an 'any' type.
src/components/editor/SettingsPanel.jsx(345,17): error TS7006: Parameter 'value' implicitly has an 'any' type.
src/components/editor/SettingsPanel.jsx(359,6): error TS7006: Parameter 'bindingId' implicitly has an 'any' type.
src/components/editor/SettingsPanel.jsx(368,6): error TS7006: Parameter 'theme' implicitly has an 'any' type.
src/components/editor/SettingsPanel.jsx(377,62): error TS7006: Parameter 'records' implicitly has an 'any' type.
src/components/editor/SettingsPanel.jsx(377,71): error TS7006: Parameter 'diagnostics' implicitly has an 'any[]' type.
src/components/editor/SettingsPanel.jsx(387,6): error TS7006: Parameter 'theme' implicitly has an 'any' type.
src/components/editor/SettingsPanel.jsx(409,6): error TS7006: Parameter 'profile' implicitly has an 'any' type.
src/components/editor/SettingsPanel.jsx(416,6): error TS7006: Parameter 'preset' implicitly has an 'any' type.
src/components/editor/SettingsPanel.jsx(460,6): error TS7006: Parameter 'recipe' implicitly has an 'any' type.
src/components/editor/SettingsPanel.jsx(488,28): error TS7006: Parameter 'sectionId' implicitly has an 'any' type.
src/components/editor/SettingsPanel.jsx(488,39): error TS7006: Parameter 'render' implicitly has an 'any' type.
src/components/editor/SettingsPanel.jsx(509,7): error TS2322: Type '{ duration: number; ease?: undefined; } | { duration: number; ease: number[]; }' is not assignable to type 'Transition<any> | undefined'.
  Type '{ duration: number; ease: number[]; }' is not assignable to type 'Transition<any> | undefined'.
    Type '{ duration: number; ease: number[]; }' is not assignable to type 'TransitionWithValueOverrides<any>'.
      Type '{ duration: number; ease: number[]; }' is not assignable to type 'ValueAnimationTransition<any>'.
        Types of property 'ease' are incompatible.
          Type 'number[]' is not assignable to type 'Easing | Easing[] | undefined'.
            Type 'number[]' is not assignable to type 'EasingFunction | Easing[]'.
              Type 'number[]' is not assignable to type 'Easing[]'.
                Type 'number' is not assignable to type 'Easing'.
src/components/editor/SettingsPanel.jsx(541,9): error TS2322: Type '{ duration: number; ease?: undefined; } | { duration: number; ease: number[]; }' is not assignable to type 'Transition<any> | undefined'.
  Type '{ duration: number; ease: number[]; }' is not assignable to type 'Transition<any> | undefined'.
    Type '{ duration: number; ease: number[]; }' is not assignable to type 'TransitionWithValueOverrides<any>'.
      Type '{ duration: number; ease: number[]; }' is not assignable to type 'ValueAnimationTransition<any>'.
        Types of property 'ease' are incompatible.
          Type 'number[]' is not assignable to type 'Easing | Easing[] | undefined'.
            Type 'number[]' is not assignable to type 'EasingFunction | Easing[]'.
              Type 'number[]' is not assignable to type 'Easing[]'.
                Type 'number' is not assignable to type 'Easing'.
src/components/editor/SettingsPanel.jsx(581,33): error TS7006: Parameter 'result' implicitly has an 'any' type.
src/components/editor/SettingsPanel.jsx(646,36): error TS7006: Parameter 'value' implicitly has an 'any' type.
src/components/editor/SettingsPanel.jsx(660,36): error TS7006: Parameter 'value' implicitly has an 'any' type.
src/components/editor/SettingsPanel.jsx(674,36): error TS7006: Parameter 'value' implicitly has an 'any' type.
src/components/editor/SettingsPanel.jsx(688,36): error TS7006: Parameter 'value' implicitly has an 'any' type.
src/components/editor/SettingsPanel.jsx(702,44): error TS7031: Binding element 'value' implicitly has an 'any' type.
src/components/editor/SettingsPanel.jsx(726,44): error TS7031: Binding element 'value' implicitly has an 'any' type.
src/components/editor/SettingsPanel.jsx(744,44): error TS7031: Binding element 'value' implicitly has an 'any' type.
src/components/editor/SettingsPanel.jsx(762,44): error TS7031: Binding element 'value' implicitly has an 'any' type.
src/components/editor/SettingsPanel.jsx(794,41): error TS7006: Parameter 'value' implicitly has an 'any' type.
src/components/editor/SettingsPanel.jsx(814,44): error TS7031: Binding element 'value' implicitly has an 'any' type.
src/components/editor/SettingsPanel.jsx(832,44): error TS7031: Binding element 'value' implicitly has an 'any' type.
src/components/editor/SettingsPanel.jsx(850,44): error TS7031: Binding element 'value' implicitly has an 'any' type.
src/components/editor/SettingsPanel.jsx(868,43): error TS7006: Parameter 'value' implicitly has an 'any' type.
src/components/editor/SettingsPanel.jsx(881,43): error TS7006: Parameter 'value' implicitly has an 'any' type.
src/components/editor/SettingsPanel.jsx(894,43): error TS7006: Parameter 'value' implicitly has an 'any' type.
src/components/editor/SettingsPanel.jsx(909,43): error TS7006: Parameter 'value' implicitly has an 'any' type.
src/components/editor/SettingsPanel.jsx(922,43): error TS7006: Parameter 'value' implicitly has an 'any' type.
src/components/editor/SettingsPanel.jsx(961,41): error TS7006: Parameter 'value' implicitly has an 'any' type.
src/components/editor/SettingsPanel.jsx(971,22): error TS2741: Property 'description' is missing in type '{ children: Element; id: string; sectionId: string; searchQuery: string; title: string; }' but required in type '{ id: any; sectionId: any; searchQuery: any; title: any; description: any; children: any; compact?: boolean | undefined; }'.
src/components/editor/SettingsPanel.jsx(980,44): error TS7031: Binding element 'value' implicitly has an 'any' type.
src/components/editor/SettingsPanel.jsx(988,22): error TS2741: Property 'description' is missing in type '{ children: Element; id: string; sectionId: string; searchQuery: string; title: string; }' but required in type '{ id: any; sectionId: any; searchQuery: any; title: any; description: any; children: any; compact?: boolean | undefined; }'.
src/components/editor/SettingsPanel.jsx(997,44): error TS7031: Binding element 'value' implicitly has an 'any' type.
src/components/editor/SettingsPanel.jsx(1015,44): error TS7031: Binding element 'value' implicitly has an 'any' type.
src/components/editor/SettingsPanel.jsx(1032,41): error TS7006: Parameter 'value' implicitly has an 'any' type.
src/components/editor/SettingsPanel.jsx(1054,43): error TS7006: Parameter 'value' implicitly has an 'any' type.
src/components/editor/SettingsPanel.jsx(1067,43): error TS7006: Parameter 'value' implicitly has an 'any' type.
src/components/editor/SettingsPanel.jsx(1080,43): error TS7006: Parameter 'value' implicitly has an 'any' type.
src/components/editor/SettingsPanel.jsx(1093,43): error TS7006: Parameter 'value' implicitly has an 'any' type.
src/components/editor/SettingsPanel.jsx(1106,43): error TS7006: Parameter 'value' implicitly has an 'any' type.
src/components/editor/SettingsPanel.jsx(1121,43): error TS7006: Parameter 'value' implicitly has an 'any' type.
src/components/editor/SettingsPanel.jsx(1134,44): error TS7031: Binding element 'value' implicitly has an 'any' type.
src/components/editor/SettingsPanel.jsx(1152,44): error TS7031: Binding element 'value' implicitly has an 'any' type.
src/components/editor/SettingsPanel.jsx(1173,43): error TS7006: Parameter 'value' implicitly has an 'any' type.
src/components/editor/SettingsPanel.jsx(1186,43): error TS7006: Parameter 'value' implicitly has an 'any' type.
src/components/editor/SettingsPanel.jsx(1199,43): error TS7006: Parameter 'value' implicitly has an 'any' type.
src/components/editor/SettingsPanel.jsx(1214,44): error TS7031: Binding element 'value' implicitly has an 'any' type.
src/components/editor/SettingsPanel.jsx(1231,41): error TS7006: Parameter 'value' implicitly has an 'any' type.
src/components/editor/SettingsPanel.jsx(1249,43): error TS7006: Parameter 'value' implicitly has an 'any' type.
src/components/editor/SettingsPanel.jsx(1264,43): error TS7006: Parameter 'value' implicitly has an 'any' type.
src/components/editor/SettingsPanel.jsx(1277,43): error TS7006: Parameter 'value' implicitly has an 'any' type.
src/components/editor/SettingsPanel.jsx(1290,43): error TS7006: Parameter 'value' implicitly has an 'any' type.
src/components/editor/SettingsPanel.jsx(1337,41): error TS7006: Parameter 'value' implicitly has an 'any' type.
src/components/editor/SettingsPanel.jsx(1354,43): error TS7006: Parameter 'value' implicitly has an 'any' type.
src/components/editor/SettingsPanel.jsx(1367,43): error TS7006: Parameter 'value' implicitly has an 'any' type.
src/components/editor/SettingsPanel.jsx(1382,43): error TS7006: Parameter 'value' implicitly has an 'any' type.
src/components/editor/SettingsPanel.jsx(1395,43): error TS7006: Parameter 'value' implicitly has an 'any' type.
src/components/editor/SettingsPanel.jsx(1410,41): error TS7006: Parameter 'value' implicitly has an 'any' type.
src/components/editor/SettingsPanel.jsx(1428,44): error TS7031: Binding element 'value' implicitly has an 'any' type.
src/components/editor/SettingsPanel.jsx(1498,39): error TS7006: Parameter 'value' implicitly has an 'any' type.
src/components/editor/SettingsPanel.jsx(1517,41): error TS7006: Parameter 'value' implicitly has an 'any' type.
src/components/editor/SettingsPanel.jsx(1545,41): error TS7006: Parameter 'value' implicitly has an 'any' type.
src/components/editor/SettingsPanel.jsx(1558,41): error TS7006: Parameter 'value' implicitly has an 'any' type.
src/components/editor/SettingsPanel.jsx(1571,41): error TS7006: Parameter 'value' implicitly has an 'any' type.
src/components/editor/SettingsPanel.jsx(1599,41): error TS7006: Parameter 'value' implicitly has an 'any' type.
src/components/editor/SettingsPanel.jsx(1612,41): error TS7006: Parameter 'value' implicitly has an 'any' type.
src/components/editor/SettingsPanel.jsx(1633,65): error TS7006: Parameter 'theme' implicitly has an 'any' type.
src/components/editor/SettingsPanel.jsx(1648,68): error TS7006: Parameter 'theme' implicitly has an 'any' type.
src/components/editor/SettingsPanel.jsx(1684,32): error TS2322: Type 'any' is not assignable to type 'never'.
src/components/editor/SettingsPanel.jsx(1684,47): error TS2322: Type 'any' is not assignable to type 'never'.
src/components/editor/SettingsPanel.jsx(1684,64): error TS2322: Type 'any' is not assignable to type 'never'.
src/components/editor/SettingsPanel.jsx(1689,24): error TS2739: Type '{ key: string; active: boolean; title: any; colors: any; shouldReduceMotion: boolean; onClick: () => void; }' is missing the following properties from type '{ active: any; title: any; description: any; badge: any; colors?: never[] | undefined; onClick: any; shouldReduceMotion: any; disabled?: boolean | undefined; }': description, badge
src/components/editor/SettingsPanel.jsx(1730,36): error TS2322: Type 'any' is not assignable to type 'never'.
src/components/editor/SettingsPanel.jsx(1730,51): error TS2322: Type 'any' is not assignable to type 'never'.
src/components/editor/SettingsPanel.jsx(1745,41): error TS7006: Parameter 'value' implicitly has an 'any' type.
src/components/editor/SettingsPanel.jsx(1762,43): error TS7006: Parameter 'value' implicitly has an 'any' type.
src/components/editor/SettingsPanel.jsx(1765,22): error TS2741: Property 'description' is missing in type '{ children: Element; id: string; sectionId: string; searchQuery: string; title: string; }' but required in type '{ id: any; sectionId: any; searchQuery: any; title: any; description: any; children: any; compact?: boolean | undefined; }'.
src/components/editor/SettingsPanel.jsx(1774,44): error TS7031: Binding element 'value' implicitly has an 'any' type.
src/components/editor/SettingsPanel.jsx(1795,43): error TS7006: Parameter 'value' implicitly has an 'any' type.
src/components/editor/SettingsPanel.jsx(1808,43): error TS7006: Parameter 'value' implicitly has an 'any' type.
src/components/editor/SettingsPanel.jsx(1821,43): error TS7006: Parameter 'value' implicitly has an 'any' type.
src/components/editor/SettingsPanel.jsx(1834,43): error TS7006: Parameter 'value' implicitly has an 'any' type.
src/components/editor/SettingsPanel.jsx(1849,43): error TS7006: Parameter 'value' implicitly has an 'any' type.
src/components/editor/SettingsPanel.jsx(1885,43): error TS7006: Parameter 'value' implicitly has an 'any' type.
src/components/editor/SettingsPanel.jsx(1903,43): error TS7006: Parameter 'value' implicitly has an 'any' type.
src/components/editor/SettingsPanel.jsx(1916,44): error TS7031: Binding element 'value' implicitly has an 'any' type.
src/components/editor/SettingsPanel.jsx(1934,43): error TS7006: Parameter 'value' implicitly has an 'any' type.
src/components/editor/SettingsPanel.jsx(1947,43): error TS7006: Parameter 'value' implicitly has an 'any' type.
src/components/editor/SettingsPanel.jsx(1959,41): error TS7006: Parameter 'value' implicitly has an 'any' type.
src/components/editor/SettingsPanel.jsx(1978,43): error TS7006: Parameter 'value' implicitly has an 'any' type.
src/components/editor/SettingsPanel.jsx(1991,43): error TS7006: Parameter 'value' implicitly has an 'any' type.
src/components/editor/SettingsPanel.jsx(1997,22): error TS2741: Property 'description' is missing in type '{ children: Element; id: string; sectionId: string; searchQuery: string; title: string; }' but required in type '{ id: any; sectionId: any; searchQuery: any; title: any; description: any; children: any; compact?: boolean | undefined; }'.
src/components/editor/SettingsPanel.jsx(2005,41): error TS7006: Parameter 'value' implicitly has an 'any' type.
src/components/editor/SettingsPanel.jsx(2014,22): error TS2741: Property 'description' is missing in type '{ children: Element; id: string; sectionId: string; searchQuery: string; title: string; }' but required in type '{ id: any; sectionId: any; searchQuery: any; title: any; description: any; children: any; compact?: boolean | undefined; }'.
src/components/editor/SettingsPanel.jsx(2022,41): error TS7006: Parameter 'value' implicitly has an 'any' type.
src/components/editor/SettingsPanel.jsx(2040,43): error TS7006: Parameter 'value' implicitly has an 'any' type.
src/components/editor/SettingsPanel.jsx(2053,43): error TS7006: Parameter 'value' implicitly has an 'any' type.
src/components/editor/settingsShared.jsx(8,31): error TS7031: Binding element 'children' implicitly has an 'any' type.
src/components/editor/settingsShared.jsx(19,3): error TS7031: Binding element 'value' implicitly has an 'any' type.
src/components/editor/settingsShared.jsx(20,3): error TS7031: Binding element 'onChange' implicitly has an 'any' type.
src/components/editor/settingsShared.jsx(48,3): error TS7031: Binding element 'value' implicitly has an 'any' type.
src/components/editor/settingsShared.jsx(49,3): error TS7031: Binding element 'onValueChange' implicitly has an 'any' type.
src/components/editor/settingsShared.jsx(50,3): error TS7031: Binding element 'min' implicitly has an 'any' type.
src/components/editor/settingsShared.jsx(51,3): error TS7031: Binding element 'max' implicitly has an 'any' type.
src/components/editor/settingsShared.jsx(52,3): error TS7031: Binding element 'step' implicitly has an 'any' type.
src/components/editor/settingsShared.jsx(75,32): error TS7031: Binding element 'checked' implicitly has an 'any' type.
src/components/editor/settingsShared.jsx(75,41): error TS7031: Binding element 'onCheckedChange' implicitly has an 'any' type.
src/components/editor/settingsShared.jsx(106,32): error TS7031: Binding element 'value' implicitly has an 'any' type.
src/components/editor/settingsShared.jsx(106,39): error TS7031: Binding element 'onValueChange' implicitly has an 'any' type.
src/components/editor/settingsShared.jsx(106,54): error TS7031: Binding element 'children' implicitly has an 'any' type.
src/components/editor/Sidebar.jsx(34,27): error TS7006: Parameter 'value' implicitly has an 'any' type.
src/components/editor/Sidebar.jsx(41,3): error TS7031: Binding element 'item' implicitly has an 'any' type.
src/components/editor/Sidebar.jsx(42,3): error TS7031: Binding element 'isActive' implicitly has an 'any' type.
src/components/editor/Sidebar.jsx(43,3): error TS7031: Binding element 'onClick' implicitly has an 'any' type.
src/components/editor/Sidebar.jsx(44,3): error TS7031: Binding element 'gitCapability' implicitly has an 'any' type.
src/components/editor/Sidebar.jsx(45,3): error TS7031: Binding element 'problemCount' implicitly has an 'any' type.
src/components/editor/Sidebar.jsx(46,3): error TS7031: Binding element 'extensionStats' implicitly has an 'any' type.
src/components/editor/Sidebar.jsx(47,3): error TS7031: Binding element 'controlStatus' implicitly has an 'any' type.
src/components/editor/Sidebar.jsx(48,3): error TS7031: Binding element 'side' implicitly has an 'any' type.
src/components/editor/Sidebar.jsx(177,3): error TS7031: Binding element 'activePanel' implicitly has an 'any' type.
src/components/editor/Sidebar.jsx(178,3): error TS7031: Binding element 'setActivePanel' implicitly has an 'any' type.
src/components/editor/Sidebar.jsx(179,3): error TS7031: Binding element 'onOpenSettings' implicitly has an 'any' type.
src/components/editor/Sidebar.jsx(200,33): error TS7006: Parameter 'event' implicitly has an 'any' type.
src/components/editor/SpotlightSearch.jsx(14,7): error TS4104: The type 'readonly never[]' is 'readonly' and cannot be assigned to the mutable type 'any[]'.
src/components/editor/SpotlightSearch.jsx(14,7): error TS7005: Variable 'EMPTY_FILES' implicitly has an 'any[]' type.
src/components/editor/SpotlightSearch.jsx(15,7): error TS4104: The type 'readonly never[]' is 'readonly' and cannot be assigned to the mutable type 'any[]'.
src/components/editor/SpotlightSearch.jsx(15,7): error TS7005: Variable 'EMPTY_EXTENSION_COMMANDS' implicitly has an 'any[]' type.
src/components/editor/SpotlightSearch.jsx(26,30): error TS7006: Parameter 'count' implicitly has an 'any' type.
src/components/editor/SpotlightSearch.jsx(30,25): error TS7031: Binding element 'label' implicitly has an 'any' type.
src/components/editor/SpotlightSearch.jsx(38,37): error TS7031: Binding element 'children' implicitly has an 'any' type.
src/components/editor/SpotlightSearch.jsx(48,29): error TS7031: Binding element 'label' implicitly has an 'any' type.
src/components/editor/SpotlightSearch.jsx(48,36): error TS7031: Binding element 'onPick' implicitly has an 'any' type.
src/components/editor/SpotlightSearch.jsx(61,23): error TS7031: Binding element 'query' implicitly has an 'any' type.
src/components/editor/SpotlightSearch.jsx(61,30): error TS7031: Binding element 'onPickSuggestion' implicitly has an 'any' type.
src/components/editor/SpotlightSearch.jsx(95,29): error TS7006: Parameter 'result' implicitly has an 'any' type.
src/components/editor/SpotlightSearch.jsx(111,34): error TS7006: Parameter 'state' implicitly has an 'any' type.
src/components/editor/SpotlightSearch.jsx(111,41): error TS7006: Parameter 'normalizedQuery' implicitly has an 'any' type.
src/components/editor/SpotlightSearch.jsx(127,3): error TS7031: Binding element 'isOpen' implicitly has an 'any' type.
src/components/editor/SpotlightSearch.jsx(128,3): error TS7031: Binding element 'onClose' implicitly has an 'any' type.
src/components/editor/SpotlightSearch.jsx(129,3): error TS7031: Binding element 'onAction' implicitly has an 'any' type.
src/components/editor/SpotlightSearch.jsx(147,9): error TS2322: Type 'any[]' is not assignable to type 'never[]'.
  Type 'any' is not assignable to type 'never'.
src/components/editor/SpotlightSearch.jsx(149,9): error TS2322: Type 'any[]' is not assignable to type 'never[]'.
  Type 'any' is not assignable to type 'never'.
src/components/editor/SpotlightSearch.jsx(156,38): error TS2339: Property 'results' does not exist on type 'never'.
src/components/editor/SpotlightSearch.jsx(161,9): error TS2322: Type 'any[]' is not assignable to type 'never[]'.
  Type 'any' is not assignable to type 'never'.
src/components/editor/SpotlightSearch.jsx(179,66): error TS2339: Property 'focus' does not exist on type 'never'.
src/components/editor/SpotlightSearch.jsx(203,9): error TS2322: Type 'any[]' is not assignable to type 'never[]'.
  Type 'any' is not assignable to type 'never'.
src/components/editor/SpotlightSearch.jsx(212,13): error TS2322: Type '{ status: { kind: string; canSearchWorkspace: boolean; message: string; hasWorkspace: false; hasReadDir: boolean; hasReadFile: boolean; loadedFileCount: number; } | { kind: string; canSearchWorkspace: boolean; ... 4 more ...; loadedFileCount: number; }; files: never[]; results: never[]; warnings: never[]; stats: { ....' is not assignable to type 'null'.
  Type '{ status: { kind: string; canSearchWorkspace: boolean; message: string; hasWorkspace: false; hasReadDir: boolean; hasReadFile: boolean; loadedFileCount: number; } | { kind: string; canSearchWorkspace: boolean; ... 4 more ...; loadedFileCount: number; }; files: never[]; results: never[]; warnings: never[]; stats: { ....' is not assignable to type 'null'.
src/components/editor/SpotlightSearch.jsx(240,40): error TS2339: Property 'scrollIntoView' does not exist on type 'never'.
src/components/editor/SpotlightSearch.jsx(249,26): error TS7006: Parameter 'delta' implicitly has an 'any' type.
src/components/editor/SpotlightSearch.jsx(254,27): error TS7006: Parameter 'value' implicitly has an 'any' type.
src/components/editor/SpotlightSearch.jsx(257,58): error TS2339: Property 'focus' does not exist on type 'never'.
src/components/editor/SpotlightSearch.jsx(260,22): error TS7006: Parameter 'selected' implicitly has an 'any' type.
src/components/editor/SpotlightSearch.jsx(270,26): error TS7006: Parameter 'event' implicitly has an 'any' type.
src/components/editor/SpotlightSearch.jsx(389,45): error TS7006: Parameter 'result' implicitly has an 'any' type.
src/components/editor/SpotlightSearch.jsx(417,35): error TS2322: Type 'HTMLButtonElement | null' is not assignable to type 'never'.
  Type 'null' is not assignable to type 'never'.
src/components/editor/TabBar.jsx(36,17): error TS7006: Parameter 'name' implicitly has an 'any' type.
src/components/editor/TabBar.jsx(42,25): error TS7031: Binding element 'title' implicitly has an 'any' type.
src/components/editor/TabBar.jsx(42,32): error TS7031: Binding element 'onClick' implicitly has an 'any' type.
src/components/editor/TabBar.jsx(42,57): error TS7031: Binding element 'children' implicitly has an 'any' type.
src/components/editor/TabBar.jsx(67,30): error TS7031: Binding element 'item' implicitly has an 'any' type.
src/components/editor/TabBar.jsx(67,36): error TS7031: Binding element 'onSelect' implicitly has an 'any' type.
src/components/editor/TabBar.jsx(94,3): error TS7031: Binding element 'tabs' implicitly has an 'any' type.
src/components/editor/TabBar.jsx(95,3): error TS7031: Binding element 'activeTabId' implicitly has an 'any' type.
src/components/editor/TabBar.jsx(96,3): error TS7031: Binding element 'onTabSelect' implicitly has an 'any' type.
src/components/editor/TabBar.jsx(97,3): error TS7031: Binding element 'onTabClose' implicitly has an 'any' type.
src/components/editor/TabBar.jsx(98,3): error TS7031: Binding element 'onCreateFile' implicitly has an 'any' type.
src/components/editor/TabBar.jsx(99,3): error TS7031: Binding element 'onSaveAll' implicitly has an 'any' type.
src/components/editor/TabBar.jsx(100,3): error TS7031: Binding element 'onToggleTerminal' implicitly has an 'any' type.
src/components/editor/TabBar.jsx(101,3): error TS7031: Binding element 'onOpenCommandPalette' implicitly has an 'any' type.
src/components/editor/TabBar.jsx(120,28): error TS7006: Parameter 'event' implicitly has an 'any' type.
src/components/editor/TabBar.jsx(124,27): error TS2339: Property 'contains' does not exist on type 'never'.
src/components/editor/TabBar.jsx(124,71): error TS2339: Property 'contains' does not exist on type 'never'.
src/components/editor/TabBar.jsx(131,24): error TS7006: Parameter 'event' implicitly has an 'any' type.
src/components/editor/TabBar.jsx(331,29): error TS7053: Element implicitly has an 'any' type because expression of type 'any' can't be used to index type '{ js: string; jsx: string; ts: string; tsx: string; py: string; java: string; html: string; css: string; json: string; md: string; cpp: string; c: string; rs: string; go: string; rb: string; php: string; }'.
src/components/editor/Terminal.jsx(184,22): error TS7006: Parameter 'cmd' implicitly has an 'any' type.
src/components/editor/Terminal.jsx(191,7): error TS7053: Element implicitly has an 'any' type because expression of type 'any' can't be used to index type '{ help: { type: string; text: string; }[]; ls: { type: string; text: string; }[]; "ls -la": { type: string; text: string; }[]; pwd: { type: string; text: string; }[]; version: { type: string; text: string; }[]; "git status": { type: string; text: string; }[]; ... 11 more ...; uname: { ...; }[]; }'.
src/components/editor/Terminal.jsx(191,44): error TS7053: Element implicitly has an 'any' type because expression of type 'any' can't be used to index type '{ help: { type: string; text: string; }[]; ls: { type: string; text: string; }[]; "ls -la": { type: string; text: string; }[]; pwd: { type: string; text: string; }[]; version: { type: string; text: string; }[]; "git status": { type: string; text: string; }[]; ... 11 more ...; uname: { ...; }[]; }'.
src/components/editor/Terminal.jsx(242,24): error TS7006: Parameter 'entries' implicitly has an 'any' type.
src/components/editor/Terminal.jsx(244,24): error TS7006: Parameter 'entry' implicitly has an 'any' type.
src/components/editor/Terminal.jsx(247,26): error TS7006: Parameter 'payload' implicitly has an 'any' type.
src/components/editor/Terminal.jsx(256,21): error TS7006: Parameter 'value' implicitly has an 'any' type.
src/components/editor/Terminal.jsx(269,25): error TS7006: Parameter 'session' implicitly has an 'any' type.
src/components/editor/Terminal.jsx(269,34): error TS7006: Parameter 'isRunning' implicitly has an 'any' type.
src/components/editor/Terminal.jsx(279,24): error TS7006: Parameter 'type' implicitly has an 'any' type.
src/components/editor/Terminal.jsx(280,10): error TS7053: Element implicitly has an 'any' type because expression of type 'any' can't be used to index type '{ system: string; input: string; output: string; success: string; warn: string; error: string; status: string; }'.
src/components/editor/Terminal.jsx(283,25): error TS7006: Parameter 'tone' implicitly has an 'any' type.
src/components/editor/Terminal.jsx(284,10): error TS7053: Element implicitly has an 'any' type because expression of type 'any' can't be used to index type '{ running: { color: string; background: string; border: string; }; success: { color: string; background: string; border: string; }; error: { color: string; background: string; border: string; }; warning: { ...; }; task: { ...; }; idle: { ...; }; }'.
src/components/editor/Terminal.jsx(287,67): error TS2339: Property 'entry' does not exist on type '{}'.
src/components/editor/Terminal.jsx(348,36): error TS7031: Binding element 'isOpen' implicitly has an 'any' type.
src/components/editor/Terminal.jsx(348,44): error TS7031: Binding element 'onToggle' implicitly has an 'any' type.
src/components/editor/Terminal.jsx(348,54): error TS7031: Binding element 'activeFile' implicitly has an 'any' type.
src/components/editor/Terminal.jsx(348,66): error TS7031: Binding element 'workspacePath' implicitly has an 'any' type.
src/components/editor/Terminal.jsx(351,5): error TS2322: Type '{ id: any; name: any; kind: any; cwd: any; taskId: any; status: any; lastExitCode: any; lastCommand: any; lastStartedAt: any; lastEndedAt: any; createdAt: any; }' is not assignable to type 'null'.
src/components/editor/Terminal.jsx(358,11): error TS18047: 'initialSessionRef.current' is possibly 'null'.
src/components/editor/Terminal.jsx(361,6): error TS18047: 'initialSessionRef.current' is possibly 'null'.
src/components/editor/Terminal.jsx(364,6): error TS18047: 'initialSessionRef.current' is possibly 'null'.
src/components/editor/Terminal.jsx(367,6): error TS18047: 'initialSessionRef.current' is possibly 'null'.
src/components/editor/Terminal.jsx(371,6): error TS18047: 'initialSessionRef.current' is possibly 'null'.
src/components/editor/Terminal.jsx(382,32): error TS18047: 'session' is possibly 'null'.
src/components/editor/Terminal.jsx(385,9): error TS7005: Variable 'currentCommandHistory' implicitly has an 'any[]' type.
src/components/editor/Terminal.jsx(386,29): error TS7053: Element implicitly has an 'any' type because expression of type 'any' can't be used to index type '{}'.
src/components/editor/Terminal.jsx(388,36): error TS2339: Property 'cwd' does not exist on type 'never'.
src/components/editor/Terminal.jsx(395,9): error TS2322: Type 'any[]' is not assignable to type 'never[]'.
  Type 'any' is not assignable to type 'never'.
src/components/editor/Terminal.jsx(401,37): error TS18047: 'session' is possibly 'null'.
src/components/editor/Terminal.jsx(406,66): error TS2339: Property 'lastCommand' does not exist on type 'never'.
src/components/editor/Terminal.jsx(412,25): error TS2339: Property 'scrollTo' does not exist on type 'never'.
src/components/editor/Terminal.jsx(413,32): error TS2339: Property 'scrollHeight' does not exist on type 'never'.
src/components/editor/Terminal.jsx(419,38): error TS7006: Parameter 'sessionId' implicitly has an 'any' type.
src/components/editor/Terminal.jsx(419,49): error TS7006: Parameter 'enabled' implicitly has an 'any' type.
src/components/editor/Terminal.jsx(434,49): error TS2339: Property 'focus' does not exist on type 'never'.
src/components/editor/Terminal.jsx(443,9): error TS18047: 'session' is possibly 'null'.
src/components/editor/Terminal.jsx(443,35): error TS2698: Spread types may only be created from object types.
src/components/editor/Terminal.jsx(448,33): error TS7006: Parameter 'sessionId' implicitly has an 'any' type.
src/components/editor/Terminal.jsx(448,44): error TS7006: Parameter 'value' implicitly has an 'any' type.
src/components/editor/Terminal.jsx(452,35): error TS7006: Parameter 'sessionId' implicitly has an 'any' type.
src/components/editor/Terminal.jsx(452,46): error TS7006: Parameter 'entries' implicitly has an 'any' type.
src/components/editor/Terminal.jsx(466,10): error TS7006: Parameter 'omitted' implicitly has an 'any' type.
src/components/editor/Terminal.jsx(479,42): error TS7006: Parameter 'sessionId' implicitly has an 'any' type.
src/components/editor/Terminal.jsx(479,53): error TS7006: Parameter 'cmd' implicitly has an 'any' type.
src/components/editor/Terminal.jsx(480,21): error TS2345: Argument of type '(prev: { [x: number]: never[]; }) => { [x: number]: any[] | never[]; }' is not assignable to parameter of type 'SetStateAction<{ [x: number]: never[]; }>'.
  Type '(prev: { [x: number]: never[]; }) => { [x: number]: any[] | never[]; }' is not assignable to type '(prevState: { [x: number]: never[]; }) => { [x: number]: never[]; }'.
    Type '{ [x: number]: any[] | never[]; }' is not assignable to type '{ [x: number]: never[]; }'.
      'number' index signatures are incompatible.
        Type 'any[] | never[]' is not assignable to type 'never[]'.
          Type 'any[]' is not assignable to type 'never[]'.
            Type 'any' is not assignable to type 'never'.
src/components/editor/Terminal.jsx(481,13): error TS7005: Variable 'current' implicitly has an 'any[]' type.
src/components/editor/Terminal.jsx(488,42): error TS7006: Parameter 'sessionId' implicitly has an 'any' type.
src/components/editor/Terminal.jsx(488,53): error TS7006: Parameter 'running' implicitly has an 'any' type.
src/components/editor/Terminal.jsx(502,57): error TS7006: Parameter 'data' implicitly has an 'any' type.
src/components/editor/Terminal.jsx(505,53): error TS7006: Parameter 'payload' implicitly has an 'any' type.
src/components/editor/Terminal.jsx(532,6): error TS7006: Parameter 'sessionId' implicitly has an 'any' type.
src/components/editor/Terminal.jsx(532,17): error TS7006: Parameter 'rawInput' implicitly has an 'any' type.
src/components/editor/Terminal.jsx(535,38): error TS7053: Element implicitly has an 'any' type because expression of type 'any' can't be used to index type '{}'.
src/components/editor/Terminal.jsx(550,28): error TS2339: Property 'taskId' does not exist on type '{}'.
src/components/editor/Terminal.jsx(573,30): error TS2339: Property 'taskId' does not exist on type '{}'.
src/components/editor/Terminal.jsx(575,34): error TS7006: Parameter 'error' implicitly has an 'any' type.
src/components/editor/Terminal.jsx(590,43): error TS2339: Property 'message' does not exist on type '{}'.
src/components/editor/Terminal.jsx(630,6): error TS7006: Parameter 'rawInput' implicitly has an 'any' type.
src/components/editor/Terminal.jsx(640,19): error TS2345: Argument of type '(prev: null[]) => ({ id: any; name: any; kind: any; cwd: any; taskId: any; status: any; lastExitCode: any; lastCommand: any; lastStartedAt: any; lastEndedAt: any; createdAt: any; } | null)[]' is not assignable to parameter of type 'SetStateAction<null[]>'.
  Type '(prev: null[]) => ({ id: any; name: any; kind: any; cwd: any; taskId: any; status: any; lastExitCode: any; lastCommand: any; lastStartedAt: any; lastEndedAt: any; createdAt: any; } | null)[]' is not assignable to type '(prevState: null[]) => null[]'.
    Type '({ id: any; name: any; kind: any; cwd: any; taskId: any; status: any; lastExitCode: any; lastCommand: any; lastStartedAt: any; lastEndedAt: any; createdAt: any; } | null)[]' is not assignable to type 'null[]'.
      Type '{ id: any; name: any; kind: any; cwd: any; taskId: any; status: any; lastExitCode: any; lastCommand: any; lastStartedAt: any; lastEndedAt: any; createdAt: any; } | null' is not assignable to type 'null'.
        Type '{ id: any; name: any; kind: any; cwd: any; taskId: any; status: any; lastExitCode: any; lastCommand: any; lastStartedAt: any; lastEndedAt: any; createdAt: any; }' is not assignable to type 'null'.
src/components/editor/Terminal.jsx(658,6): error TS7006: Parameter 'task' implicitly has an 'any' type.
src/components/editor/Terminal.jsx(721,23): error TS2339: Property 'focus' does not exist on type 'never'.
src/components/editor/Terminal.jsx(725,6): error TS7006: Parameter 'event' implicitly has an 'any' type.
src/components/editor/Terminal.jsx(732,13): error TS7005: Variable 'hist' implicitly has an 'any[]' type.
src/components/editor/Terminal.jsx(733,19): error TS7053: Element implicitly has an 'any' type because expression of type 'any' can't be used to index type '{}'.
src/components/editor/Terminal.jsx(809,33): error TS2339: Property 'trimMarker' does not exist on type '{ id: number; type: string; text: string; status?: undefined; } | { id: number; type: string; status: string; text: string; }'.
  Property 'trimMarker' does not exist on type '{ id: number; type: string; text: string; status?: undefined; }'.
src/components/editor/Terminal.jsx(821,23): error TS2339: Property 'focus' does not exist on type 'never'.
src/components/editor/Terminal.jsx(833,37): error TS2339: Property 'scrollHeight' does not exist on type 'never'.
src/components/editor/Terminal.jsx(833,57): error TS2339: Property 'scrollTop' does not exist on type 'never'.
src/components/editor/Terminal.jsx(833,74): error TS2339: Property 'clientHeight' does not exist on type 'never'.
src/components/editor/Terminal.jsx(871,74): error TS2339: Property 'message' does not exist on type '{}'.
src/components/editor/Terminal.jsx(883,25): error TS7006: Parameter 'sessionId' implicitly has an 'any' type.
src/components/editor/Terminal.jsx(886,9): error TS7053: Element implicitly has an 'any' type because expression of type 'any' can't be used to index type '{}'.
src/components/editor/Terminal.jsx(892,14): error TS7053: Element implicitly has an 'any' type because expression of type 'any' can't be used to index type '{}'.
src/components/editor/Terminal.jsx(917,50): error TS18047: 'session' is possibly 'null'.
src/components/editor/Terminal.jsx(919,28): error TS2531: Object is possibly 'null'.
src/components/editor/Terminal.jsx(946,32): error TS7053: Element implicitly has an 'any' type because expression of type 'string' can't be used to index type '{ running: string; success: string; error: string; warning: string; task: string; idle: string; }'.
  No index signature with a parameter of type 'string' was found on type '{ running: string; success: string; error: string; warning: string; task: string; idle: string; }'.
src/components/editor/Terminal.jsx(949,27): error TS2339: Property 'name' does not exist on type 'never'.
src/components/editor/Terminal.jsx(978,30): error TS18047: 'session' is possibly 'null'.
src/components/editor/Terminal.jsx(979,44): error TS7053: Element implicitly has an 'any' type because expression of type 'any' can't be used to index type '{}'.
src/components/editor/Terminal.jsx(979,61): error TS18047: 'session' is possibly 'null'.
src/components/editor/Terminal.jsx(984,22): error TS18047: 'session' is possibly 'null'.
src/components/editor/Terminal.jsx(986,51): error TS18047: 'session' is possibly 'null'.
src/components/editor/Terminal.jsx(1004,33): error TS7053: Element implicitly has an 'any' type because expression of type 'string' can't be used to index type '{ running: string; success: string; error: string; warning: string; task: string; idle: string; }'.
  No index signature with a parameter of type 'string' was found on type '{ running: string; success: string; error: string; warning: string; task: string; idle: string; }'.
src/components/editor/Terminal.jsx(1014,22): error TS18047: 'session' is possibly 'null'.
src/components/editor/Terminal.jsx(1029,36): error TS18047: 'session' is possibly 'null'.
src/components/editor/Terminal.jsx(1094,32): error TS7053: Element implicitly has an 'any' type because expression of type 'string' can't be used to index type '{ running: string; success: string; error: string; warning: string; task: string; idle: string; }'.
  No index signature with a parameter of type 'string' was found on type '{ running: string; success: string; error: string; warning: string; task: string; idle: string; }'.
src/components/editor/Terminal.jsx(1190,42): error TS2339: Property 'focus' does not exist on type 'never'.
src/components/editor/Terminal.jsx(1205,49): error TS2322: Type '{ key: number; entry: { id: number; type: string; text: string; status?: undefined; } | { id: number; type: string; status: string; text: string; }; }' is not assignable to type 'IntrinsicAttributes & object'.
  Property 'entry' does not exist on type 'IntrinsicAttributes & object'.
src/components/editor/TitleBar.jsx(32,27): error TS7031: Binding element 'item' implicitly has an 'any' type.
src/components/editor/TitleBar.jsx(32,33): error TS7031: Binding element 'onSelect' implicitly has an 'any' type.
src/components/editor/TitleBar.jsx(65,23): error TS7031: Binding element 'label' implicitly has an 'any' type.
src/components/editor/TitleBar.jsx(65,30): error TS7031: Binding element 'items' implicitly has an 'any' type.
src/components/editor/TitleBar.jsx(65,37): error TS7031: Binding element 'activeMenu' implicitly has an 'any' type.
src/components/editor/TitleBar.jsx(65,49): error TS7031: Binding element 'setActiveMenu' implicitly has an 'any' type.
src/components/editor/TitleBar.jsx(102,27): error TS7006: Parameter 'item' implicitly has an 'any' type.
src/components/editor/TitleBar.jsx(102,33): error TS7006: Parameter 'idx' implicitly has an 'any' type.
src/components/editor/TitleBar.jsx(117,30): error TS7031: Binding element 'menus' implicitly has an 'any' type.
src/components/editor/TitleBar.jsx(117,37): error TS7031: Binding element 'activeMenu' implicitly has an 'any' type.
src/components/editor/TitleBar.jsx(117,49): error TS7031: Binding element 'setActiveMenu' implicitly has an 'any' type.
src/components/editor/TitleBar.jsx(160,27): error TS7006: Parameter 'menu' implicitly has an 'any' type.
src/components/editor/TitleBar.jsx(160,33): error TS7006: Parameter 'menuIndex' implicitly has an 'any' type.
src/components/editor/TitleBar.jsx(168,36): error TS7006: Parameter 'item' implicitly has an 'any' type.
src/components/editor/TitleBar.jsx(168,42): error TS7006: Parameter 'itemIndex' implicitly has an 'any' type.
src/components/editor/TitleBar.jsx(185,35): error TS7031: Binding element 'items' implicitly has an 'any' type.
src/components/editor/TitleBar.jsx(185,42): error TS7031: Binding element 'activeMenu' implicitly has an 'any' type.
src/components/editor/TitleBar.jsx(185,54): error TS7031: Binding element 'setActiveMenu' implicitly has an 'any' type.
src/components/editor/TitleBar.jsx(227,27): error TS7006: Parameter 'item' implicitly has an 'any' type.
src/components/editor/TitleBar.jsx(227,33): error TS7006: Parameter 'idx' implicitly has an 'any' type.
src/components/editor/TitleBar.jsx(249,32): error TS7031: Binding element 'Icon' implicitly has an 'any' type.
src/components/editor/TitleBar.jsx(249,38): error TS7031: Binding element 'label' implicitly has an 'any' type.
src/components/editor/TitleBar.jsx(249,45): error TS7031: Binding element 'active' implicitly has an 'any' type.
src/components/editor/TitleBar.jsx(249,53): error TS7031: Binding element 'onClick' implicitly has an 'any' type.
src/components/editor/TitleBar.jsx(249,62): error TS7031: Binding element 'title' implicitly has an 'any' type.
src/components/editor/TitleBar.jsx(285,3): error TS7031: Binding element 'onNewFile' implicitly has an 'any' type.
src/components/editor/TitleBar.jsx(286,3): error TS7031: Binding element 'onSaveAll' implicitly has an 'any' type.
src/components/editor/TitleBar.jsx(287,3): error TS7031: Binding element 'onOpenFolder' implicitly has an 'any' type.
src/components/editor/TitleBar.jsx(288,3): error TS7031: Binding element 'onToggleSidebar' implicitly has an 'any' type.
src/components/editor/TitleBar.jsx(289,3): error TS7031: Binding element 'onToggleSidebarVisibility' implicitly has an 'any' type.
src/components/editor/TitleBar.jsx(290,3): error TS7031: Binding element 'onToggleZenMode' implicitly has an 'any' type.
src/components/editor/TitleBar.jsx(291,3): error TS7031: Binding element 'onToggleTerminal' implicitly has an 'any' type.
src/components/editor/TitleBar.jsx(292,3): error TS7031: Binding element 'onOpenCommandPalette' implicitly has an 'any' type.
src/components/editor/TitleBar.jsx(293,3): error TS7031: Binding element 'onOpenSettings' implicitly has an 'any' type.
src/components/editor/TitleBar.jsx(294,3): error TS7031: Binding element 'onFocusEditor' implicitly has an 'any' type.
src/components/editor/TitleBar.jsx(300,3): error TS7031: Binding element 'workspaceName' implicitly has an 'any' type.
src/components/editor/TitleBar.jsx(318,35): error TS7006: Parameter 'event' implicitly has an 'any' type.
src/components/editor/TitleBar.jsx(325,42): error TS2339: Property 'contains' does not exist on type 'never'.
src/components/editor/TitleBar.jsx(328,24): error TS7006: Parameter 'event' implicitly has an 'any' type.
src/components/editor/TitleBar.jsx(485,26): error TS2353: Object literal may only specify known properties, and '"--window-accent"' does not exist in type 'MotionStyle'.
src/components/editor/TitleBar.jsx(591,11): error TS2353: Object literal may only specify known properties, and 'WebkitAppRegion' does not exist in type 'MotionStyle'.
src/components/editor/WelcomeScreen.jsx(125,22): error TS7031: Binding element 'children' implicitly has an 'any' type.
src/components/editor/WelcomeScreen.jsx(128,7): error TS2322: Type 'ForwardRefComponent<HTMLElement, HTMLMotionProps<"section">>' is not assignable to type 'string | undefined'.
src/components/editor/WelcomeScreen.jsx(146,31): error TS7031: Binding element 'Icon' implicitly has an 'any' type.
src/components/editor/WelcomeScreen.jsx(146,37): error TS7031: Binding element 'title' implicitly has an 'any' type.
src/components/editor/WelcomeScreen.jsx(146,44): error TS7031: Binding element 'end' implicitly has an 'any' type.
src/components/editor/WelcomeScreen.jsx(149,7): error TS2322: Type '{ hidden: { opacity: number; y: number; }; visible: { opacity: number; y: number; transition: { duration: number; ease: number[]; }; }; }' is not assignable to type 'Variants'.
  Property 'visible' is incompatible with index signature.
    Type '{ opacity: number; y: number; transition: { duration: number; ease: number[]; }; }' is not assignable to type 'Variant'.
      Type '{ opacity: number; y: number; transition: { duration: number; ease: number[]; }; }' is not assignable to type 'TargetAndTransition'.
        Type '{ opacity: number; y: number; transition: { duration: number; ease: number[]; }; }' is not assignable to type '{ transition?: Transition<any> | undefined; transitionEnd?: ResolvedValues$1 | undefined; }'.
          Types of property 'transition' are incompatible.
            Type '{ duration: number; ease: number[]; }' is not assignable to type 'Transition<any> | undefined'.
              Type '{ duration: number; ease: number[]; }' is not assignable to type 'TransitionWithValueOverrides<any>'.
                Type '{ duration: number; ease: number[]; }' is not assignable to type 'ValueAnimationTransition<any>'.
                  Types of property 'ease' are incompatible.
                    Type 'number[]' is not assignable to type 'Easing | Easing[] | undefined'.
                      Type 'number[]' is not assignable to type 'EasingFunction | Easing[]'.
                        Type 'number[]' is not assignable to type 'Easing[]'.
                          Type 'number' is not assignable to type 'Easing'.
src/components/editor/WelcomeScreen.jsx(166,9): error TS7031: Binding element 'Icon' implicitly has an 'any' type.
src/components/editor/WelcomeScreen.jsx(172,21): error TS7053: Element implicitly has an 'any' type because expression of type 'string' can't be used to index type '{ primary: { border: string; bg: string; iconBg: string; iconBorder: string; iconColor: string; glow: string; }; blue: { border: string; bg: string; iconBg: string; iconBorder: string; iconColor: string; glow: string; }; neutral: { ...; }; }'.
  No index signature with a parameter of type 'string' was found on type '{ primary: { border: string; bg: string; iconBg: string; iconBorder: string; iconColor: string; glow: string; }; blue: { border: string; bg: string; iconBg: string; iconBorder: string; iconColor: string; glow: string; }; neutral: { ...; }; }'.
src/components/editor/WelcomeScreen.jsx(192,9): error TS7031: Binding element 'Icon' implicitly has an 'any' type.
src/components/editor/WelcomeScreen.jsx(193,3): error TS7031: Binding element 'label' implicitly has an 'any' type.
src/components/editor/WelcomeScreen.jsx(194,3): error TS7031: Binding element 'detail' implicitly has an 'any' type.
src/components/editor/WelcomeScreen.jsx(195,3): error TS7031: Binding element 'onClick' implicitly has an 'any' type.
src/components/editor/WelcomeScreen.jsx(199,21): error TS7053: Element implicitly has an 'any' type because expression of type 'string' can't be used to index type '{ primary: { border: string; bg: string; iconBg: string; iconBorder: string; iconColor: string; glow: string; }; blue: { border: string; bg: string; iconBg: string; iconBorder: string; iconColor: string; glow: string; }; neutral: { ...; }; }'.
  No index signature with a parameter of type 'string' was found on type '{ primary: { border: string; bg: string; iconBg: string; iconBorder: string; iconColor: string; glow: string; }; blue: { border: string; bg: string; iconBg: string; iconBorder: string; iconColor: string; glow: string; }; neutral: { ...; }; }'.
src/components/editor/WelcomeScreen.jsx(204,7): error TS2322: Type '{ hidden: { opacity: number; y: number; }; visible: { opacity: number; y: number; transition: { duration: number; ease: number[]; }; }; }' is not assignable to type 'Variants'.
  Property 'visible' is incompatible with index signature.
    Type '{ opacity: number; y: number; transition: { duration: number; ease: number[]; }; }' is not assignable to type 'Variant'.
      Type '{ opacity: number; y: number; transition: { duration: number; ease: number[]; }; }' is not assignable to type 'TargetAndTransition'.
        Type '{ opacity: number; y: number; transition: { duration: number; ease: number[]; }; }' is not assignable to type '{ transition?: Transition<any> | undefined; transitionEnd?: ResolvedValues$1 | undefined; }'.
          Types of property 'transition' are incompatible.
            Type '{ duration: number; ease: number[]; }' is not assignable to type 'Transition<any> | undefined'.
              Type '{ duration: number; ease: number[]; }' is not assignable to type 'TransitionWithValueOverrides<any>'.
                Type '{ duration: number; ease: number[]; }' is not assignable to type 'ValueAnimationTransition<any>'.
                  Types of property 'ease' are incompatible.
                    Type 'number[]' is not assignable to type 'Easing | Easing[] | undefined'.
                      Type 'number[]' is not assignable to type 'EasingFunction | Easing[]'.
                        Type 'number[]' is not assignable to type 'Easing[]'.
                          Type 'number' is not assignable to type 'Easing'.
src/components/editor/WelcomeScreen.jsx(232,11): error TS2322: Type '{ overflowWrap: string; wordBreak: string; hyphens: string; }' is not assignable to type 'Properties<string | number, string & {}>'.
  Types of property 'hyphens' are incompatible.
    Type 'string' is not assignable to type 'Hyphens | undefined'.
src/components/editor/WelcomeScreen.jsx(250,27): error TS7031: Binding element 'Icon' implicitly has an 'any' type.
src/components/editor/WelcomeScreen.jsx(250,33): error TS7031: Binding element 'title' implicitly has an 'any' type.
src/components/editor/WelcomeScreen.jsx(250,40): error TS7031: Binding element 'detail' implicitly has an 'any' type.
src/components/editor/WelcomeScreen.jsx(257,11): error TS2322: Type '{ overflowWrap: string; wordBreak: string; hyphens: string; }' is not assignable to type 'Properties<string | number, string & {}>'.
  Types of property 'hyphens' are incompatible.
    Type 'string' is not assignable to type 'Hyphens | undefined'.
src/components/editor/WelcomeScreen.jsx(263,11): error TS2322: Type '{ overflowWrap: string; wordBreak: string; hyphens: string; display: string; overflow: string; maxWidth: string; }' is not assignable to type 'Properties<string | number, string & {}>'.
  Types of property 'hyphens' are incompatible.
    Type 'string' is not assignable to type 'Hyphens | undefined'.
src/components/editor/WelcomeScreen.jsx(272,24): error TS7031: Binding element 'files' implicitly has an 'any' type.
src/components/editor/WelcomeScreen.jsx(295,13): error TS2322: Type '{ overflowWrap: string; wordBreak: string; hyphens: string; }' is not assignable to type 'Properties<string | number, string & {}>'.
  Types of property 'hyphens' are incompatible.
    Type 'string' is not assignable to type 'Hyphens | undefined'.
src/components/editor/WelcomeScreen.jsx(300,10): error TS2741: Property 'title' is missing in type '{ children: any; tone: string; }' but required in type '{ children: any; tone?: string | undefined; title: any; }'.
src/components/editor/WelcomeScreen.jsx(303,20): error TS7006: Parameter 'file' implicitly has an 'any' type.
src/components/editor/WelcomeScreen.jsx(306,13): error TS2322: Type '{ hidden: { opacity: number; y: number; }; visible: { opacity: number; y: number; transition: { duration: number; ease: number[]; }; }; }' is not assignable to type 'Variants'.
  Property 'visible' is incompatible with index signature.
    Type '{ opacity: number; y: number; transition: { duration: number; ease: number[]; }; }' is not assignable to type 'Variant'.
      Type '{ opacity: number; y: number; transition: { duration: number; ease: number[]; }; }' is not assignable to type 'TargetAndTransition'.
        Type '{ opacity: number; y: number; transition: { duration: number; ease: number[]; }; }' is not assignable to type '{ transition?: Transition<any> | undefined; transitionEnd?: ResolvedValues$1 | undefined; }'.
          Types of property 'transition' are incompatible.
            Type '{ duration: number; ease: number[]; }' is not assignable to type 'Transition<any> | undefined'.
              Type '{ duration: number; ease: number[]; }' is not assignable to type 'TransitionWithValueOverrides<any>'.
                Type '{ duration: number; ease: number[]; }' is not assignable to type 'ValueAnimationTransition<any>'.
                  Types of property 'ease' are incompatible.
                    Type 'number[]' is not assignable to type 'Easing | Easing[] | undefined'.
                      Type 'number[]' is not assignable to type 'EasingFunction | Easing[]'.
                        Type 'number[]' is not assignable to type 'Easing[]'.
                          Type 'number' is not assignable to type 'Easing'.
src/components/editor/WelcomeScreen.jsx(333,17): error TS2322: Type '{ overflowWrap: string; wordBreak: string; hyphens: string; }' is not assignable to type 'Properties<string | number, string & {}>'.
  Types of property 'hyphens' are incompatible.
    Type 'string' is not assignable to type 'Hyphens | undefined'.
src/components/editor/WelcomeScreen.jsx(339,17): error TS2322: Type '{ overflowWrap: string; wordBreak: string; hyphens: string; WebkitLineClamp: number; display: string; overflow: string; maxWidth: string; }' is not assignable to type 'Properties<string | number, string & {}>'.
  Types of property 'hyphens' are incompatible.
    Type 'string' is not assignable to type 'Hyphens | undefined'.
src/components/editor/WelcomeScreen.jsx(375,3): error TS7031: Binding element 'onNewFile' implicitly has an 'any' type.
src/components/editor/WelcomeScreen.jsx(376,3): error TS7031: Binding element 'onOpenFolder' implicitly has an 'any' type.
src/components/editor/WelcomeScreen.jsx(377,3): error TS7031: Binding element 'onOpenSettings' implicitly has an 'any' type.
src/components/editor/WelcomeScreen.jsx(382,25): error TS7006: Parameter 'action' implicitly has an 'any' type.
src/components/editor/WelcomeScreen.jsx(417,13): error TS2322: Type '{ hidden: { opacity: number; y: number; }; visible: { opacity: number; y: number; transition: { duration: number; ease: number[]; }; }; }' is not assignable to type 'Variants'.
  Property 'visible' is incompatible with index signature.
    Type '{ opacity: number; y: number; transition: { duration: number; ease: number[]; }; }' is not assignable to type 'Variant'.
      Type '{ opacity: number; y: number; transition: { duration: number; ease: number[]; }; }' is not assignable to type 'TargetAndTransition'.
        Type '{ opacity: number; y: number; transition: { duration: number; ease: number[]; }; }' is not assignable to type '{ transition?: Transition<any> | undefined; transitionEnd?: ResolvedValues$1 | undefined; }'.
          Types of property 'transition' are incompatible.
            Type '{ duration: number; ease: number[]; }' is not assignable to type 'Transition<any> | undefined'.
              Type '{ duration: number; ease: number[]; }' is not assignable to type 'TransitionWithValueOverrides<any>'.
                Type '{ duration: number; ease: number[]; }' is not assignable to type 'ValueAnimationTransition<any>'.
                  Types of property 'ease' are incompatible.
                    Type 'number[]' is not assignable to type 'Easing | Easing[] | undefined'.
                      Type 'number[]' is not assignable to type 'EasingFunction | Easing[]'.
                        Type 'number[]' is not assignable to type 'Easing[]'.
                          Type 'number' is not assignable to type 'Easing'.
src/components/editor/WelcomeScreen.jsx(445,19): error TS2322: Type '{ overflowWrap: string; wordBreak: string; hyphens: string; }' is not assignable to type 'Properties<string | number, string & {}>'.
  Types of property 'hyphens' are incompatible.
    Type 'string' is not assignable to type 'Hyphens | undefined'.
src/components/editor/WelcomeScreen.jsx(451,19): error TS2322: Type '{ overflowWrap: string; wordBreak: string; hyphens: string; }' is not assignable to type 'Properties<string | number, string & {}>'.
  Types of property 'hyphens' are incompatible.
    Type 'string' is not assignable to type 'Hyphens | undefined'.
src/components/editor/WelcomeScreen.jsx(460,14): error TS2741: Property 'icon' is missing in type '{ title: string; end: Element; }' but required in type '{ icon: any; title: any; end: any; }'.
src/components/editor/WelcomeScreen.jsx(496,13): error TS2322: Type '{ hidden: { opacity: number; y: number; }; visible: { opacity: number; y: number; transition: { duration: number; ease: number[]; }; }; }' is not assignable to type 'Variants'.
  Property 'visible' is incompatible with index signature.
    Type '{ opacity: number; y: number; transition: { duration: number; ease: number[]; }; }' is not assignable to type 'Variant'.
      Type '{ opacity: number; y: number; transition: { duration: number; ease: number[]; }; }' is not assignable to type 'TargetAndTransition'.
        Type '{ opacity: number; y: number; transition: { duration: number; ease: number[]; }; }' is not assignable to type '{ transition?: Transition<any> | undefined; transitionEnd?: ResolvedValues$1 | undefined; }'.
          Types of property 'transition' are incompatible.
            Type '{ duration: number; ease: number[]; }' is not assignable to type 'Transition<any> | undefined'.
              Type '{ duration: number; ease: number[]; }' is not assignable to type 'TransitionWithValueOverrides<any>'.
                Type '{ duration: number; ease: number[]; }' is not assignable to type 'ValueAnimationTransition<any>'.
                  Types of property 'ease' are incompatible.
                    Type 'number[]' is not assignable to type 'Easing | Easing[] | undefined'.
                      Type 'number[]' is not assignable to type 'EasingFunction | Easing[]'.
                        Type 'number[]' is not assignable to type 'Easing[]'.
                          Type 'number' is not assignable to type 'Easing'.
src/ide/ecosystem/ideCapabilityBridge.js(29,26): error TS7006: Parameter 'left' implicitly has an 'any' type.
src/ide/ecosystem/ideCapabilityBridge.js(29,32): error TS7006: Parameter 'right' implicitly has an 'any' type.
src/ide/ecosystem/ideCapabilityBridge.js(30,21): error TS7053: Element implicitly has an 'any' type because expression of type 'any' can't be used to index type 'Readonly<{ planned: 0; external: 1; foundation: 2; preview: 3; stable: 4; }>'.
src/ide/ecosystem/ideCapabilityBridge.js(31,22): error TS7053: Element implicitly has an 'any' type because expression of type 'any' can't be used to index type 'Readonly<{ planned: 0; external: 1; foundation: 2; preview: 3; stable: 4; }>'.
src/ide/ecosystem/ideCapabilityBridge.js(36,27): error TS7006: Parameter 'items' implicitly has an 'any' type.
src/ide/ecosystem/ideCapabilityBridge.js(36,34): error TS7006: Parameter 'field' implicitly has an 'any' type.
src/ide/ecosystem/ideCapabilityBridge.js(37,24): error TS7006: Parameter 'acc' implicitly has an 'any' type.
src/ide/ecosystem/ideCapabilityBridge.js(37,29): error TS7006: Parameter 'item' implicitly has an 'any' type.
src/ide/editor/documentUri.js(5,27): error TS7006: Parameter 'value' implicitly has an 'any' type.
src/ide/editor/documentUri.js(12,29): error TS7006: Parameter 'value' implicitly has an 'any' type.
src/ide/editor/documentUri.js(16,21): error TS7006: Parameter 'pathValue' implicitly has an 'any' type.
src/ide/editor/documentUri.js(27,20): error TS7006: Parameter 'uri' implicitly has an 'any' type.
src/ide/editor/documentUri.js(32,28): error TS7006: Parameter 'pathValue' implicitly has an 'any' type.
src/ide/editor/documentUri.js(32,39): error TS7006: Parameter 'rootValue' implicitly has an 'any' type.
src/ide/editor/documentUri.js(39,23): error TS7006: Parameter 'value' implicitly has an 'any' type.
src/ide/editor/documentUri.js(44,34): error TS7006: Parameter 'value' implicitly has an 'any' type.
src/ide/editor/documentUri.js(54,39): error TS7006: Parameter 'value' implicitly has an 'any' type.
src/ide/editor/documentUri.js(60,41): error TS7006: Parameter 'resourcePath' implicitly has an 'any' type.
src/ide/editor/documentUri.js(60,55): error TS7006: Parameter 'workspacePath' implicitly has an 'any' type.
src/ide/editor/documentUri.js(70,37): error TS7006: Parameter 'fsPath' implicitly has an 'any' type.
src/ide/editor/documentUri.js(87,42): error TS7006: Parameter 'relativePath' implicitly has an 'any' type.
src/ide/editor/documentUri.js(153,35): error TS7006: Parameter 'modelOrDescriptor' implicitly has an 'any' type.
src/ide/editor/editorEngine.js(53,27): error TS7006: Parameter 'uri' implicitly has an 'any' type.
src/ide/editor/editorEngine.js(57,15): error TS7006: Parameter 'listeners' implicitly has an 'any' type.
src/ide/editor/editorEngine.js(57,26): error TS7006: Parameter 'eventName' implicitly has an 'any' type.
src/ide/editor/editorEngine.js(57,37): error TS7006: Parameter 'payload' implicitly has an 'any' type.
src/ide/editor/editorEngine.js(108,30): error TS2339: Property 'lspService' does not exist on type '{}'.
src/ide/editor/editorEngine.js(108,69): error TS2339: Property 'lsp' does not exist on type '{}'.
src/ide/editor/editorEngine.js(110,28): error TS7006: Parameter 'documentOrUri' implicitly has an 'any' type.
src/ide/editor/editorEngine.js(126,13): error TS7006: Parameter 'listener' implicitly has an 'any' type.
src/ide/editor/editorEngine.js(131,24): error TS7006: Parameter 'input' implicitly has an 'any' type.
src/ide/editor/editorEngine.js(139,26): error TS7006: Parameter 'documentOrUri' implicitly has an 'any' type.
src/ide/editor/editorEngine.js(139,41): error TS7006: Parameter 'value' implicitly has an 'any' type.
src/ide/editor/editorEngine.js(146,40): error TS2339: Property 'version' does not exist on type '{}'.
src/ide/editor/editorEngine.js(146,64): error TS2339: Property 'version' does not exist on type '{}'.
src/ide/editor/editorEngine.js(147,22): error TS2339: Property 'dirty' does not exist on type '{}'.
src/ide/editor/editorEngine.js(155,25): error TS7006: Parameter 'documentOrUri' implicitly has an 'any' type.
src/ide/editor/editorEngine.js(164,17): error TS7006: Parameter 'documentOrUri' implicitly has an 'any' type.
src/ide/editor/editorEngine.js(172,27): error TS7006: Parameter 'languageId' implicitly has an 'any' type.
src/ide/editor/editorEngine.js(176,26): error TS7006: Parameter 'resourcePath' implicitly has an 'any' type.
src/ide/editor/editorEngine.js(180,24): error TS7006: Parameter 'languageId' implicitly has an 'any' type.
src/ide/editor/editorEngine.js(184,26): error TS7006: Parameter 'documentOrUri' implicitly has an 'any' type.
src/ide/editor/editorEngine.js(184,41): error TS7006: Parameter 'position' implicitly has an 'any' type.
src/ide/editor/editorEngine.js(190,20): error TS7006: Parameter 'documentOrUri' implicitly has an 'any' type.
src/ide/editor/editorEngine.js(190,35): error TS7006: Parameter 'position' implicitly has an 'any' type.
src/ide/editor/editorEngine.js(196,26): error TS7006: Parameter 'documentOrUri' implicitly has an 'any' type.
src/ide/editor/editorEngine.js(202,25): error TS7006: Parameter 'documentOrUri' implicitly has an 'any' type.
src/ide/editor/editorEngine.js(202,40): error TS7006: Parameter 'position' implicitly has an 'any' type.
src/ide/editor/editorEngine.js(208,26): error TS7006: Parameter 'documentOrUri' implicitly has an 'any' type.
src/ide/editor/editorEngine.js(214,26): error TS7006: Parameter 'documentOrUri' implicitly has an 'any' type.
src/ide/editor/editorEngine.js(220,24): error TS7006: Parameter 'documentOrUri' implicitly has an 'any' type.
src/ide/editor/editorEngine.js(220,39): error TS7006: Parameter 'position' implicitly has an 'any' type.
src/ide/editor/editorEngine.js(220,49): error TS7006: Parameter 'newName' implicitly has an 'any' type.
src/ide/languages/codeMirrorLanguages.js(9,7): error TS4104: The type 'readonly never[]' is 'readonly' and cannot be assigned to the mutable type 'any[]'.
src/ide/languages/codeMirrorLanguages.js(9,7): error TS7005: Variable 'EMPTY_EXTENSION' implicitly has an 'any[]' type.
src/ide/languages/codeMirrorLanguages.js(12,28): error TS7006: Parameter 'fileName' implicitly has an 'any' type.
src/ide/languages/codeMirrorLanguages.js(18,31): error TS7006: Parameter 'fileName' implicitly has an 'any' type.
src/ide/languages/codeMirrorLanguages.js(18,41): error TS7006: Parameter 'extensions' implicitly has an 'any' type.
src/ide/languages/codeMirrorLanguages.js(20,27): error TS7006: Parameter 'extension' implicitly has an 'any' type.
src/ide/languages/codeMirrorLanguages.js(23,30): error TS7006: Parameter 'fileName' implicitly has an 'any' type.
src/ide/languages/codeMirrorLanguages.js(27,30): error TS7006: Parameter 'fileName' implicitly has an 'any' type.
src/ide/languages/codeMirrorLanguages.js(31,24): error TS7006: Parameter 'parser' implicitly has an 'any' type.
src/ide/languages/codeMirrorLanguages.js(35,29): error TS7006: Parameter 'extension' implicitly has an 'any' type.
src/ide/languages/codeMirrorLanguages.js(54,7): error TS2322: Type 'string | string[]' is not assignable to type 'string'.
  Type 'string[]' is not assignable to type 'string'.
src/ide/languages/codeMirrorLanguages.js(55,7): error TS2322: Type 'string | string[]' is not assignable to type 'readonly string[] | undefined'.
  Type 'string' is not assignable to type 'readonly string[]'.
src/ide/languages/codeMirrorLanguages.js(56,7): error TS2322: Type 'string | string[]' is not assignable to type 'readonly string[] | undefined'.
  Type 'string' is not assignable to type 'readonly string[]'.
src/ide/languages/codeMirrorLanguages.js(66,39): error TS7031: Binding element 'fileName' implicitly has an 'any' type.
src/ide/languages/codeMirrorLanguages.js(70,39): error TS7031: Binding element 'fileName' implicitly has an 'any' type.
src/ide/languages/codeMirrorLanguages.js(125,40): error TS7031: Binding element 'fileName' implicitly has an 'any' type.
src/ide/languages/codeMirrorLanguages.js(229,37): error TS7031: Binding element 'fileName' implicitly has an 'any' type.
src/ide/languages/codeMirrorLanguages.js(281,32): error TS7031: Binding element 'fileName' implicitly has an 'any' type.
src/ide/languages/codeMirrorLanguages.js(370,33): error TS7031: Binding element 'fileName' implicitly has an 'any' type.
src/ide/languages/codeMirrorLanguages.js(497,27): error TS7006: Parameter 'languageId' implicitly has an 'any' type.
src/ide/languages/codeMirrorLanguages.js(503,10): error TS7053: Element implicitly has an 'any' type because expression of type 'any' can't be used to index type 'Readonly<{ jsonc: "json"; vue: "html"; svelte: "html"; astro: "html"; mdx: "markdown"; c: "cpp"; bat: "shell"; dotenv: "shell"; makefile: "shell"; verilog: "systemverilog"; }>'.
src/ide/languages/codeMirrorLanguages.js(506,32): error TS7006: Parameter 'grammarId' implicitly has an 'any' type.
src/ide/languages/codeMirrorLanguages.js(507,7): error TS7053: Element implicitly has an 'any' type because expression of type 'any' can't be used to index type 'Readonly<{ javascript: ({ fileName }: { fileName: any; }) => Promise<LanguageSupport>; typescript: ({ fileName }: { fileName: any; }) => Promise<LanguageSupport>; ... 99 more ...; log: () => Promise<...>; }>'.
src/ide/languages/codeMirrorLanguages.js(511,28): error TS7006: Parameter 'grammarId' implicitly has an 'any' type.
src/ide/languages/codeMirrorLanguages.js(511,39): error TS7006: Parameter 'fileName' implicitly has an 'any' type.
src/ide/languages/codeMirrorLanguages.js(527,42): error TS7031: Binding element 'languageId' implicitly has an 'any' type.
src/ide/languages/codeMirrorLanguages.js(527,54): error TS7031: Binding element 'grammarId' implicitly has an 'any' type.
src/ide/languages/codeMirrorLanguages.js(527,65): error TS7031: Binding element 'hasLoader' implicitly has an 'any' type.
src/ide/languages/codeMirrorLanguages.js(570,56): error TS7006: Parameter 'languageId' implicitly has an 'any' type.
src/ide/languages/codeMirrorLanguages.js(573,18): error TS7053: Element implicitly has an 'any' type because expression of type 'any' can't be used to index type 'Readonly<{ javascript: ({ fileName }: { fileName: any; }) => Promise<LanguageSupport>; typescript: ({ fileName }: { fileName: any; }) => Promise<LanguageSupport>; ... 99 more ...; log: () => Promise<...>; }>'.
src/ide/languages/codeMirrorLanguages.js(594,50): error TS7006: Parameter 'languageId' implicitly has an 'any' type.
src/ide/languages/codeMirrorLanguages.js(598,55): error TS7006: Parameter 'languageId' implicitly has an 'any' type.
src/ide/languages/codeMirrorLanguages.js(600,18): error TS7053: Element implicitly has an 'any' type because expression of type 'any' can't be used to index type 'Readonly<{ javascript: ({ fileName }: { fileName: any; }) => Promise<LanguageSupport>; typescript: ({ fileName }: { fileName: any; }) => Promise<LanguageSupport>; ... 99 more ...; log: () => Promise<...>; }>'.
src/ide/languages/codeMirrorLanguages.js(615,16): error TS7006: Parameter 'extension' implicitly has an 'any' type.
src/ide/languages/codeMirrorLanguages.js(621,17): error TS7006: Parameter 'error' implicitly has an 'any' type.
src/ide/languages/languageIds.js(1175,22): error TS7006: Parameter 'value' implicitly has an 'any' type.
src/ide/languages/languageIds.js(1182,33): error TS7006: Parameter 'resourcePath' implicitly has an 'any' type.
src/ide/languages/languageIds.js(1189,34): error TS7006: Parameter 'resourcePath' implicitly has an 'any' type.
src/ide/languages/languageIds.js(1199,37): error TS7006: Parameter 'languageId' implicitly has an 'any' type.
src/ide/languages/languageIds.js(1205,39): error TS7006: Parameter 'languageId' implicitly has an 'any' type.
src/ide/languages/languageIds.js(1209,40): error TS7006: Parameter 'languageId' implicitly has an 'any' type.
src/ide/languages/languageIds.js(1213,36): error TS7006: Parameter 'languageId' implicitly has an 'any' type.
src/ide/languages/languageIds.js(1218,36): error TS7006: Parameter 'languageId' implicitly has an 'any' type.
src/ide/languages/languageIds.js(1222,41): error TS7006: Parameter 'languageId' implicitly has an 'any' type.
src/ide/languages/languageIds.js(1242,42): error TS7006: Parameter 'resourcePath' implicitly has an 'any' type.
src/ide/languages/languageIds.js(1268,34): error TS7006: Parameter 'resourcePath' implicitly has an 'any' type.
src/ide/languages/languageIds.js(1272,39): error TS7006: Parameter 'resourcePath' implicitly has an 'any' type.
src/ide/lsp/electronLspTransport.js(68,17): error TS2339: Property 'electronAPI' does not exist on type 'Window & typeof globalThis'.
src/ide/lsp/electronLspTransport.js(71,28): error TS7006: Parameter 'result' implicitly has an 'any' type.
src/ide/lsp/electronLspTransport.js(75,13): error TS2339: Property 'details' does not exist on type 'Error'.
src/ide/lsp/electronLspTransport.js(76,13): error TS2339: Property 'lspStatus' does not exist on type 'Error'.
src/ide/lsp/electronLspTransport.js(84,25): error TS7006: Parameter 'workspacePath' implicitly has an 'any' type.
src/ide/lsp/electronLspTransport.js(88,30): error TS7006: Parameter 'value' implicitly has an 'any' type.
src/ide/lsp/electronLspTransport.js(101,50): error TS2339: Property 'languageId' does not exist on type '{}'.
src/ide/lsp/electronLspTransport.js(102,33): error TS2339: Property 'workspacePath' does not exist on type '{}'.
src/ide/lsp/electronLspTransport.js(105,7): error TS7034: Variable 'sessionId' implicitly has type 'any' in some locations where its type cannot be determined.
src/ide/lsp/electronLspTransport.js(106,7): error TS7034: Variable 'startPromise' implicitly has type 'any' in some locations where its type cannot be determined.
src/ide/lsp/electronLspTransport.js(109,23): error TS7006: Parameter 'status' implicitly has an 'any' type.
src/ide/lsp/electronLspTransport.js(111,15): error TS2339: Property 'onStatus' does not exist on type '{}'.
src/ide/lsp/electronLspTransport.js(115,31): error TS7006: Parameter 'payload' implicitly has an 'any' type.
src/ide/lsp/electronLspTransport.js(117,15): error TS2339: Property 'onNotification' does not exist on type '{}'.
src/ide/lsp/electronLspTransport.js(119,17): error TS2339: Property 'onDiagnostics' does not exist on type '{}'.
src/ide/lsp/electronLspTransport.js(128,9): error TS7005: Variable 'sessionId' implicitly has an 'any' type.
src/ide/lsp/electronLspTransport.js(129,9): error TS7005: Variable 'startPromise' implicitly has an 'any' type.
src/ide/lsp/electronLspTransport.js(133,14): error TS7006: Parameter 'result' implicitly has an 'any' type.
src/ide/lsp/electronLspTransport.js(134,14): error TS7006: Parameter 'session' implicitly has an 'any' type.
src/ide/lsp/electronLspTransport.js(147,15): error TS7006: Parameter 'error' implicitly has an 'any' type.
src/ide/lsp/electronLspTransport.js(178,19): error TS7006: Parameter 'method' implicitly has an 'any' type.
src/ide/lsp/electronLspTransport.js(188,18): error TS7006: Parameter 'method' implicitly has an 'any' type.
src/ide/lsp/electronLspTransport.js(194,12): error TS7005: Variable 'sessionId' implicitly has an 'any' type.
src/ide/lsp/electronLspTransport.js(206,11): error TS7005: Variable 'sessionId' implicitly has an 'any' type.
src/ide/lsp/lspClient.js(21,28): error TS7006: Parameter 'transport' implicitly has an 'any' type.
src/ide/lsp/lspClient.js(21,39): error TS7006: Parameter 'method' implicitly has an 'any' type.
src/ide/lsp/lspClient.js(21,47): error TS7006: Parameter 'params' implicitly has an 'any' type.
src/ide/lsp/lspClient.js(21,55): error TS7006: Parameter 'fallback' implicitly has an 'any' type.
src/ide/lsp/lspClient.js(31,27): error TS7006: Parameter 'transport' implicitly has an 'any' type.
src/ide/lsp/lspClient.js(31,38): error TS7006: Parameter 'method' implicitly has an 'any' type.
src/ide/lsp/lspClient.js(31,46): error TS7006: Parameter 'params' implicitly has an 'any' type.
src/ide/lsp/lspClient.js(41,30): error TS2339: Property 'languageId' does not exist on type '{}'.
src/ide/lsp/lspClient.js(42,29): error TS2339: Property 'transport' does not exist on type '{}'.
src/ide/lsp/lspClient.js(45,64): error TS2339: Property 'capabilities' does not exist on type '{}'.
src/ide/lsp/lspClient.js(59,21): error TS2339: Property 'initializeParams' does not exist on type '{}'.
src/ide/lsp/lspClient.js(72,24): error TS7006: Parameter 'document' implicitly has an 'any' type.
src/ide/lsp/lspClient.js(80,26): error TS7006: Parameter 'document' implicitly has an 'any' type.
src/ide/lsp/lspClient.js(92,25): error TS7006: Parameter 'uri' implicitly has an 'any' type.
src/ide/lsp/lspClient.js(100,17): error TS7006: Parameter 'uri' implicitly has an 'any' type.
src/ide/lsp/lspClient.js(112,26): error TS7006: Parameter 'document' implicitly has an 'any' type.
src/ide/lsp/lspClient.js(112,36): error TS7006: Parameter 'position' implicitly has an 'any' type.
src/ide/lsp/lspClient.js(127,20): error TS7006: Parameter 'document' implicitly has an 'any' type.
src/ide/lsp/lspClient.js(127,30): error TS7006: Parameter 'position' implicitly has an 'any' type.
src/ide/lsp/lspClient.js(142,25): error TS7006: Parameter 'document' implicitly has an 'any' type.
src/ide/lsp/lspClient.js(142,35): error TS7006: Parameter 'position' implicitly has an 'any' type.
src/ide/lsp/lspClient.js(156,26): error TS7006: Parameter 'document' implicitly has an 'any' type.
src/ide/lsp/lspClient.js(170,26): error TS7006: Parameter 'document' implicitly has an 'any' type.
src/ide/lsp/lspClient.js(179,48): error TS2339: Property 'diagnostics' does not exist on type '{}'.
src/ide/lsp/lspClient.js(179,71): error TS2339: Property 'diagnostics' does not exist on type '{}'.
src/ide/lsp/lspClient.js(180,25): error TS2339: Property 'only' does not exist on type '{}'.
src/ide/lsp/lspClient.js(180,48): error TS2339: Property 'only' does not exist on type '{}'.
src/ide/lsp/lspClient.js(181,25): error TS2339: Property 'triggerKind' does not exist on type '{}'.
src/ide/lsp/lspClient.js(181,62): error TS2339: Property 'triggerKind' does not exist on type '{}'.
src/ide/lsp/lspClient.js(189,24): error TS7006: Parameter 'document' implicitly has an 'any' type.
src/ide/lsp/lspClient.js(189,34): error TS7006: Parameter 'position' implicitly has an 'any' type.
src/ide/lsp/lspClient.js(189,44): error TS7006: Parameter 'newName' implicitly has an 'any' type.
src/ide/lsp/lspClient.js(206,26): error TS7006: Parameter 'document' implicitly has an 'any' type.
src/ide/lsp/lspClient.js(218,38): error TS2339: Property 'previousDiagnostics' does not exist on type '{}'.
src/ide/lsp/lspClient.js(219,21): error TS2339: Property 'previousDiagnostics' does not exist on type '{}'.
src/ide/lsp/lspClient.js(228,64): error TS2339: Property 'capabilities' does not exist on type '{}'.
src/ide/lsp/lspService.js(16,21): error TS7006: Parameter 'documentOrUri' implicitly has an 'any' type.
src/ide/lsp/lspService.js(29,34): error TS7006: Parameter 'client' implicitly has an 'any' type.
src/ide/lsp/lspService.js(29,42): error TS7006: Parameter 'method' implicitly has an 'any' type.
src/ide/lsp/lspService.js(29,50): error TS7006: Parameter 'args' implicitly has an 'any' type.
src/ide/lsp/lspService.js(29,56): error TS7006: Parameter 'fallback' implicitly has an 'any' type.
src/ide/lsp/lspService.js(46,13): error TS2339: Property 'clientFactory' does not exist on type '{}'.
src/ide/lsp/lspService.js(47,7): error TS7006: Parameter 'languageId' implicitly has an 'any' type.
src/ide/lsp/lspService.js(50,28): error TS2339: Property 'transports' does not exist on type '{}'.
src/ide/lsp/lspService.js(53,30): error TS7006: Parameter 'uri' implicitly has an 'any' type.
src/ide/lsp/lspService.js(53,35): error TS7006: Parameter 'diagnostics' implicitly has an 'any' type.
src/ide/lsp/lspService.js(64,32): error TS7006: Parameter 'uri' implicitly has an 'any' type.
src/ide/lsp/lspService.js(64,37): error TS7006: Parameter 'diagnostics' implicitly has an 'any' type.
src/ide/lsp/lspService.js(71,28): error TS7006: Parameter 'documentOrUri' implicitly has an 'any' type.
src/ide/lsp/lspService.js(80,25): error TS7006: Parameter 'languageId' implicitly has an 'any' type.
src/ide/lsp/lspService.js(82,52): error TS2339: Property 'allowUnsupportedLanguages' does not exist on type '{}'.
src/ide/lsp/lspService.js(92,20): error TS7006: Parameter 'languageId' implicitly has an 'any' type.
src/ide/lsp/lspService.js(92,32): error TS7006: Parameter 'client' implicitly has an 'any' type.
src/ide/lsp/lspService.js(98,15): error TS7006: Parameter 'languageId' implicitly has an 'any' type.
src/ide/lsp/lspService.js(104,27): error TS7006: Parameter 'languageId' implicitly has an 'any' type.
src/ide/lsp/lspService.js(112,23): error TS7006: Parameter 'languageId' implicitly has an 'any' type.
src/ide/lsp/lspService.js(124,24): error TS7006: Parameter 'document' implicitly has an 'any' type.
src/ide/lsp/lspService.js(132,26): error TS7006: Parameter 'document' implicitly has an 'any' type.
src/ide/lsp/lspService.js(139,25): error TS7006: Parameter 'documentOrUri' implicitly has an 'any' type.
src/ide/lsp/lspService.js(149,17): error TS7006: Parameter 'documentOrUri' implicitly has an 'any' type.
src/ide/lsp/lspService.js(157,20): error TS7006: Parameter 'documentOrUri' implicitly has an 'any' type.
src/ide/lsp/lspService.js(157,35): error TS7006: Parameter 'diagnostics' implicitly has an 'any' type.
src/ide/lsp/lspService.js(163,26): error TS7006: Parameter 'documentOrUri' implicitly has an 'any' type.
src/ide/lsp/lspService.js(179,26): error TS7006: Parameter 'documentOrUri' implicitly has an 'any' type.
src/ide/lsp/lspService.js(179,41): error TS7006: Parameter 'position' implicitly has an 'any' type.
src/ide/lsp/lspService.js(194,20): error TS7006: Parameter 'documentOrUri' implicitly has an 'any' type.
src/ide/lsp/lspService.js(194,35): error TS7006: Parameter 'position' implicitly has an 'any' type.
src/ide/lsp/lspService.js(204,25): error TS7006: Parameter 'documentOrUri' implicitly has an 'any' type.
src/ide/lsp/lspService.js(204,40): error TS7006: Parameter 'position' implicitly has an 'any' type.
src/ide/lsp/lspService.js(214,26): error TS7006: Parameter 'documentOrUri' implicitly has an 'any' type.
src/ide/lsp/lspService.js(224,26): error TS7006: Parameter 'documentOrUri' implicitly has an 'any' type.
src/ide/lsp/lspService.js(234,24): error TS7006: Parameter 'documentOrUri' implicitly has an 'any' type.
src/ide/lsp/lspService.js(234,39): error TS7006: Parameter 'position' implicitly has an 'any' type.
src/ide/lsp/lspService.js(234,49): error TS7006: Parameter 'newName' implicitly has an 'any' type.
src/ide/lsp/lspService.js(249,19): error TS7006: Parameter 'listener' implicitly has an 'any' type.
src/ide/lsp/protocol.js(32,28): error TS7006: Parameter 'value' implicitly has an 'any' type.
src/ide/lsp/protocol.js(37,38): error TS2339: Property 'lineNumber' does not exist on type '{}'.
src/ide/lsp/protocol.js(37,61): error TS2339: Property 'line' does not exist on type '{}'.
src/ide/lsp/protocol.js(38,34): error TS2339: Property 'column' does not exist on type '{}'.
src/ide/lsp/protocol.js(38,53): error TS2339: Property 'character' does not exist on type '{}'.
src/ide/lsp/protocol.js(46,32): error TS2339: Property 'line' does not exist on type '{}'.
src/ide/lsp/protocol.js(47,37): error TS2339: Property 'character' does not exist on type '{}'.
src/ide/lsp/protocol.js(55,14): error TS2339: Property 'start' does not exist on type '{}'.
src/ide/lsp/protocol.js(55,30): error TS2339: Property 'end' does not exist on type '{}'.
src/ide/lsp/protocol.js(56,36): error TS2339: Property 'start' does not exist on type '{}'.
src/ide/lsp/protocol.js(57,41): error TS2339: Property 'start' does not exist on type '{}'.
src/ide/lsp/protocol.js(58,34): error TS2339: Property 'end' does not exist on type '{}'.
src/ide/lsp/protocol.js(59,39): error TS2339: Property 'end' does not exist on type '{}'.
src/ide/lsp/protocol.js(74,25): error TS2339: Property 'startLineNumber' does not exist on type '{}'.
src/ide/lsp/protocol.js(75,21): error TS2339: Property 'startColumn' does not exist on type '{}'.
src/ide/lsp/protocol.js(78,25): error TS2339: Property 'endLineNumber' does not exist on type '{}'.
src/ide/lsp/protocol.js(78,48): error TS2339: Property 'startLineNumber' does not exist on type '{}'.
src/ide/lsp/protocol.js(79,21): error TS2339: Property 'endColumn' does not exist on type '{}'.
src/ide/lsp/protocol.js(79,40): error TS2339: Property 'startColumn' does not exist on type '{}'.
src/ide/lsp/protocol.js(85,39): error TS2339: Property 'start' does not exist on type '{}'.
src/ide/lsp/protocol.js(86,37): error TS2339: Property 'end' does not exist on type '{}'.
src/ide/lsp/protocol.js(86,50): error TS2339: Property 'start' does not exist on type '{}'.
src/ide/lsp/protocol.js(95,42): error TS7006: Parameter 'document' implicitly has an 'any' type.
src/ide/lsp/protocol.js(101,36): error TS7006: Parameter 'document' implicitly has an 'any' type.
src/ide/lsp/protocol.js(110,41): error TS7006: Parameter 'result' implicitly has an 'any' type.
src/ide/lsp/protocol.js(124,32): error TS7006: Parameter 'result' implicitly has an 'any' type.
src/ide/lsp/protocol.js(138,37): error TS7006: Parameter 'result' implicitly has an 'any' type.
src/ide/lsp/protocol.js(144,36): error TS7006: Parameter 'result' implicitly has an 'any' type.
src/ide/lsp/protocol.js(152,38): error TS7006: Parameter 'result' implicitly has an 'any' type.
src/ide/lsp/protocol.js(161,40): error TS7006: Parameter 'result' implicitly has an 'any' type.
src/ide/lsp/protocol.js(176,38): error TS7006: Parameter 'result' implicitly has an 'any' type.
src/ide/lsp/protocol.js(184,45): error TS7006: Parameter 'result' implicitly has an 'any' type.
src/ide/lsp/protocol.js(206,34): error TS2339: Property 'tabSize' does not exist on type '{}'.
src/ide/lsp/protocol.js(209,27): error TS2339: Property 'insertSpaces' does not exist on type '{}'.
src/ide/lsp/protocol.js(210,24): error TS2339: Property 'trimTrailingWhitespace' does not exist on type '{}'.
src/ide/lsp/protocol.js(211,43): error TS2339: Property 'trimTrailingWhitespace' does not exist on type '{}'.
src/ide/lsp/protocol.js(213,24): error TS2339: Property 'insertFinalNewline' does not exist on type '{}'.
src/ide/lsp/protocol.js(214,39): error TS2339: Property 'insertFinalNewline' does not exist on type '{}'.
src/ide/lsp/protocol.js(216,24): error TS2339: Property 'trimFinalNewlines' does not exist on type '{}'.
src/ide/lsp/protocol.js(217,38): error TS2339: Property 'trimFinalNewlines' does not exist on type '{}'.
src/lib/perfMetrics.js(15,17): error TS7015: Element implicitly has an 'any' type because index expression is not of type 'number'.
src/lib/perfMetrics.js(23,24): error TS7006: Parameter 'metricName' implicitly has an 'any' type.
src/lib/perfMetrics.js(23,36): error TS7006: Parameter 'valueMs' implicitly has an 'any' type.
src/lib/perfMetrics.js(39,33): error TS7006: Parameter 'metricName' implicitly has an 'any' type.
src/lib/perfMetrics.js(44,32): error TS7006: Parameter 'metricName' implicitly has an 'any' type.
src/lib/perfMetrics.js(44,44): error TS7006: Parameter 'valueMs' implicitly has an 'any' type.
src/lib/perfMetrics.js(67,31): error TS7006: Parameter 'metricName' implicitly has an 'any' type.
src/pages/Editor.jsx(134,3): error TS2339: Property 'onSaveAccountSession' does not exist on type '{ accountSession?: null | undefined; controlStatus?: null | undefined; }'.
src/pages/Editor.jsx(135,3): error TS2339: Property 'onClearAccountSession' does not exist on type '{ accountSession?: null | undefined; controlStatus?: null | undefined; }'.
src/pages/Editor.jsx(136,3): error TS2339: Property 'onTestAccountConnection' does not exist on type '{ accountSession?: null | undefined; controlStatus?: null | undefined; }'.
src/pages/Editor.jsx(167,53): error TS2339: Property 'theme' does not exist on type '{ keybinding_overrides: { [k: string]: string; }; }'.
src/pages/Editor.jsx(179,35): error TS2322: Type 'Dispatch<SetStateAction<never[]>>' is not assignable to type '(update: (tabs: Tab[]) => Tab[]) => void'.
  Types of parameters 'value' and 'update' are incompatible.
    Type '(tabs: Tab[]) => Tab[]' is not assignable to type 'SetStateAction<never[]>'.
      Type '(tabs: Tab[]) => Tab[]' is not assignable to type '(prevState: never[]) => never[]'.
        Type 'Tab[]' is not assignable to type 'never[]'.
          Type 'Tab' is not assignable to type 'never'.
src/pages/Editor.jsx(179,82): error TS2339: Property 'auto_save' does not exist on type '{ keybinding_overrides: { [k: string]: string; }; }'.
src/pages/Editor.jsx(180,42): error TS2339: Property 'electronAPI' does not exist on type 'Window & typeof globalThis'.
src/pages/Editor.jsx(237,34): error TS7006: Parameter 'event' implicitly has an 'any' type.
src/pages/Editor.jsx(256,44): error TS2339: Property 'extensions_installed' does not exist on type '{ keybinding_overrides: { [k: string]: string; }; }'.
src/pages/Editor.jsx(257,18): error TS2339: Property 'extensions_installed' does not exist on type '{ keybinding_overrides: { [k: string]: string; }; }'.
src/pages/Editor.jsx(260,44): error TS2339: Property 'theme' does not exist on type '{ keybinding_overrides: { [k: string]: string; }; }'.
src/pages/Editor.jsx(261,18): error TS2339: Property 'theme' does not exist on type '{ keybinding_overrides: { [k: string]: string; }; }'.
src/pages/Editor.jsx(264,26): error TS7006: Parameter 'entry' implicitly has an 'any' type.
src/pages/Editor.jsx(264,33): error TS7006: Parameter 'index' implicitly has an 'any' type.
src/pages/Editor.jsx(265,36): error TS2339: Property 'theme' does not exist on type '{ keybinding_overrides: { [k: string]: string; }; }'.
src/pages/Editor.jsx(285,5): error TS2322: Type 'number' is not assignable to type 'null'.
src/pages/Editor.jsx(306,55): error TS2339: Property 'zen_mode' does not exist on type '{ keybinding_overrides: { [k: string]: string; }; }'.
src/pages/Editor.jsx(313,30): error TS2339: Property 'sidebar_visible' does not exist on type '{ keybinding_overrides: { [k: string]: string; }; }'.
src/pages/Editor.jsx(314,22): error TS2339: Property 'sidebar_visible' does not exist on type '{ keybinding_overrides: { [k: string]: string; }; }'.
src/pages/Editor.jsx(314,45): error TS2339: Property 'zen_mode' does not exist on type '{ keybinding_overrides: { [k: string]: string; }; }'.
src/pages/Editor.jsx(321,12): error TS2339: Property 'sidebar_visible' does not exist on type '{ keybinding_overrides: { [k: string]: string; }; }'.
src/pages/Editor.jsx(329,20): error TS2345: Argument of type '(prev: string) => "explorer" | null' is not assignable to parameter of type 'SetStateAction<string>'.
  Type '(prev: string) => "explorer" | null' is not assignable to type '(prevState: string) => string'.
    Type 'string | null' is not assignable to type 'string'.
      Type 'null' is not assignable to type 'string'.
src/pages/Editor.jsx(342,30): error TS2339: Property 'activePanel' does not exist on type '{}'.
src/pages/Editor.jsx(343,28): error TS2339: Property 'bottomTab' does not exist on type '{}'.
src/pages/Editor.jsx(344,39): error TS2339: Property 'bottomPanelOpen' does not exist on type '{}'.
src/pages/Editor.jsx(347,46): error TS7006: Parameter 'nextState' implicitly has an 'any' type.
src/pages/Editor.jsx(415,47): error TS7006: Parameter 'sizeId' implicitly has an 'any' type.
src/pages/Editor.jsx(427,49): error TS7006: Parameter 'sizeId' implicitly has an 'any' type.
src/pages/Editor.jsx(439,57): error TS7006: Parameter 'event' implicitly has an 'any' type.
src/pages/Editor.jsx(439,64): error TS7006: Parameter 'dockId' implicitly has an 'any' type.
src/pages/Editor.jsx(455,32): error TS7006: Parameter 'moveEvent' implicitly has an 'any' type.
src/pages/Editor.jsx(477,57): error TS7006: Parameter 'presetId' implicitly has an 'any' type.
src/pages/Editor.jsx(481,51): error TS7006: Parameter 'panelId' implicitly has an 'any' type.
src/pages/Editor.jsx(481,60): error TS7006: Parameter 'snapZone' implicitly has an 'any' type.
src/pages/Editor.jsx(483,28): error TS7053: Element implicitly has an 'any' type because expression of type 'any' can't be used to index type 'Readonly<{ left: "left"; right: "right"; bottom: "bottom"; hidden: "hidden"; }>'.
src/pages/Editor.jsx(487,22): error TS2345: Argument of type 'null' is not assignable to parameter of type 'SetStateAction<string>'.
src/pages/Editor.jsx(506,22): error TS2345: Argument of type '(prev: string) => string | null' is not assignable to parameter of type 'SetStateAction<string>'.
  Type '(prev: string) => string | null' is not assignable to type '(prevState: string) => string'.
    Type 'string | null' is not assignable to type 'string'.
      Type 'null' is not assignable to type 'string'.
src/pages/Editor.jsx(511,49): error TS7006: Parameter 'panelId' implicitly has an 'any' type.
src/pages/Editor.jsx(511,58): error TS7006: Parameter 'snapZone' implicitly has an 'any' type.
src/pages/Editor.jsx(512,28): error TS7053: Element implicitly has an 'any' type because expression of type 'any' can't be used to index type 'Readonly<{ left: "left"; right: "right"; bottom: "bottom"; hidden: "hidden"; }>'.
src/pages/Editor.jsx(537,7): error TS2353: Object literal may only specify known properties, and 'layout' does not exist in type '{ state?: {} | undefined; panelId?: null | undefined; snapZone?: null | undefined; direction?: number | undefined; wrap?: boolean | undefined; fallback?: string | undefined; }'.
src/pages/Editor.jsx(544,46): error TS7006: Parameter 'snapZone' implicitly has an 'any' type.
src/pages/Editor.jsx(551,7): error TS2353: Object literal may only specify known properties, and 'layout' does not exist in type '{ state?: {} | undefined; panelId?: null | undefined; snapZone?: null | undefined; direction?: number | undefined; wrap?: boolean | undefined; fallback?: string | undefined; }'.
src/pages/Editor.jsx(567,54): error TS7006: Parameter 'event' implicitly has an 'any' type.
src/pages/Editor.jsx(567,61): error TS7006: Parameter 'panelId' implicitly has an 'any' type.
src/pages/Editor.jsx(570,24): error TS2353: Object literal may only specify known properties, and 'panelId' does not exist in type '(prevState: null) => null'.
src/pages/Editor.jsx(586,52): error TS7006: Parameter 'event' implicitly has an 'any' type.
src/pages/Editor.jsx(586,59): error TS7006: Parameter 'snapZone' implicitly has an 'any' type.
src/pages/Editor.jsx(600,22): error TS2345: Argument of type '(prev: null) => { panelId: any; } | null' is not assignable to parameter of type 'SetStateAction<null>'.
  Type '{ panelId: any; } | null' is not assignable to type 'null'.
    Type '{ panelId: any; }' is not assignable to type 'null'.
src/pages/Editor.jsx(601,13): error TS2339: Property 'panelId' does not exist on type 'never'.
src/pages/Editor.jsx(603,24): error TS2345: Argument of type '(prev: null) => { canDrop: boolean; reason: string; layout: { version: number; presetId: any; sidePanelSize: any; bottomPanelSize: any; customSidePanelWidth: number | null; customBottomPanelHeight: number | null; bottomPanelPlacement: "bottom"; panelZones: {}; zonePanelIds: {}; panelPlacements: {}; }; ... 8 more ......' is not assignable to parameter of type 'SetStateAction<null>'.
  Type '{ canDrop: boolean; reason: string; layout: { version: number; presetId: any; sidePanelSize: any; bottomPanelSize: any; customSidePanelWidth: number | null; customBottomPanelHeight: number | null; bottomPanelPlacement: "bottom"; panelZones: {}; zonePanelIds: {}; panelPlacements: {}; }; ... 8 more ...; targetPanelIds...' is not assignable to type 'null'.
    Type '{ canDrop: boolean; reason: string; layout: { version: number; presetId: any; sidePanelSize: any; bottomPanelSize: any; customSidePanelWidth: number | null; customBottomPanelHeight: number | null; bottomPanelPlacement: "bottom"; panelZones: {}; zonePanelIds: {}; panelPlacements: {}; }; ... 8 more ...; targetPanelIds...' is not assignable to type 'null'.
src/pages/Editor.jsx(605,15): error TS2339: Property 'panelId' does not exist on type 'never'.
src/pages/Editor.jsx(606,15): error TS2339: Property 'targetZone' does not exist on type 'never'.
src/pages/Editor.jsx(607,15): error TS2339: Property 'insertIndex' does not exist on type 'never'.
src/pages/Editor.jsx(615,48): error TS7006: Parameter 'event' implicitly has an 'any' type.
src/pages/Editor.jsx(615,55): error TS7006: Parameter 'snapZone' implicitly has an 'any' type.
src/pages/Editor.jsx(652,6): error TS7006: Parameter 'problem' implicitly has an 'any' type.
src/pages/Editor.jsx(666,44): error TS7006: Parameter 'markers' implicitly has an 'any' type.
src/pages/Editor.jsx(670,49): error TS7006: Parameter 'panelId' implicitly has an 'any' type.
src/pages/Editor.jsx(686,49): error TS7006: Parameter 'panelId' implicitly has an 'any' type.
src/pages/Editor.jsx(718,20): error TS2345: Argument of type 'null' is not assignable to parameter of type 'SetStateAction<string>'.
src/pages/Editor.jsx(722,20): error TS2345: Argument of type 'null' is not assignable to parameter of type 'SetStateAction<string>'.
src/pages/Editor.jsx(727,12): error TS7006: Parameter 'targetPath' implicitly has an 'any' type.
src/pages/Editor.jsx(733,17): error TS2339: Property 'existingIds' does not exist on type '{}'.
src/pages/Editor.jsx(734,21): error TS2339: Property 'existingIds' does not exist on type '{}'.
src/pages/Editor.jsx(735,30): error TS2339: Property 'existingFiles' does not exist on type '{}'.
src/pages/Editor.jsx(735,56): error TS7006: Parameter 'file' implicitly has an 'any' type.
src/pages/Editor.jsx(737,17): error TS2339: Property 'previousById' does not exist on type '{}'.
src/pages/Editor.jsx(737,55): error TS2339: Property 'previousById' does not exist on type '{}'.
src/pages/Editor.jsx(739,17): error TS2339: Property 'openTabIds' does not exist on type '{}'.
src/pages/Editor.jsx(739,53): error TS2339: Property 'openTabIds' does not exist on type '{}'.
src/pages/Editor.jsx(761,51): error TS7006: Parameter 'file' implicitly has an 'any' type.
src/pages/Editor.jsx(767,28): error TS7006: Parameter 'file' implicitly has an 'any' type.
src/pages/Editor.jsx(769,71): error TS2339: Property 'id' does not exist on type 'never'.
src/pages/Editor.jsx(772,20): error TS7006: Parameter 'file' implicitly has an 'any' type.
src/pages/Editor.jsx(773,17): error TS7006: Parameter 'file' implicitly has an 'any' type.
src/pages/Editor.jsx(775,13): error TS7034: Variable 'nextFiles' implicitly has type 'any[]' in some locations where its type cannot be determined.
src/pages/Editor.jsx(778,38): error TS7006: Parameter 'targetPath' implicitly has an 'any' type.
src/pages/Editor.jsx(814,16): error TS7005: Variable 'nextFiles' implicitly has an 'any[]' type.
src/pages/Editor.jsx(815,19): error TS2345: Argument of type '(prevTabs: never[]) => any[]' is not assignable to parameter of type 'SetStateAction<never[]>'.
  Type '(prevTabs: never[]) => any[]' is not assignable to type '(prevState: never[]) => never[]'.
    Type 'any[]' is not assignable to type 'never[]'.
      Type 'any' is not assignable to type 'never'.
src/pages/Editor.jsx(816,15): error TS7005: Variable 'nextTabs' implicitly has an 'any[]' type.
src/pages/Editor.jsx(816,68): error TS2339: Property 'id' does not exist on type 'never'.
src/pages/Editor.jsx(886,12): error TS7006: Parameter 'id' implicitly has an 'any' type.
src/pages/Editor.jsx(888,41): error TS7006: Parameter 'f' implicitly has an 'any' type.
src/pages/Editor.jsx(893,54): error TS7006: Parameter 'f' implicitly has an 'any' type.
src/pages/Editor.jsx(903,54): error TS7006: Parameter 'file' implicitly has an 'any' type.
src/pages/Editor.jsx(904,72): error TS2339: Property 'id' does not exist on type 'never'.
src/pages/Editor.jsx(945,19): error TS7053: Element implicitly has an 'any' type because expression of type 'any' can't be used to index type 'Readonly<{ nexus_zed: Readonly<{ id: any; name: any; legacyName: any; bg_type: any; bg_value: any; surface: any; border: any; text: any; muted: any; accent: any; accent2: any; glow: any; selection: any; comment: any; keyword: any; ... 7 more ...; swatches: any; }>; }>'.
src/pages/Editor.jsx(945,54): error TS2339: Property 'nexus_vibrant' does not exist on type 'Readonly<{ nexus_zed: Readonly<{ id: any; name: any; legacyName: any; bg_type: any; bg_value: any; surface: any; border: any; text: any; muted: any; accent: any; accent2: any; glow: any; selection: any; comment: any; keyword: any; ... 7 more ...; swatches: any; }>; }>'.
src/pages/Editor.jsx(946,61): error TS2339: Property 'primary_accent' does not exist on type '{ keybinding_overrides: { [k: string]: string; }; }'.
src/pages/Editor.jsx(948,50): error TS2339: Property 'secondary_accent' does not exist on type '{ keybinding_overrides: { [k: string]: string; }; }'.
src/pages/Editor.jsx(949,32): error TS2339: Property 'panel_background_mode' does not exist on type '{ keybinding_overrides: { [k: string]: string; }; }'.
src/pages/Editor.jsx(950,39): error TS2339: Property 'panel_blur_strength' does not exist on type '{ keybinding_overrides: { [k: string]: string; }; }'.
src/pages/Editor.jsx(953,60): error TS2339: Property 'background' does not exist on type '{ keybinding_overrides: { [k: string]: string; }; }'.
src/pages/Editor.jsx(958,19): error TS2339: Property 'background' does not exist on type '{ keybinding_overrides: { [k: string]: string; }; }'.
src/pages/Editor.jsx(978,37): error TS2339: Property 'glow_intensity' does not exist on type '{ keybinding_overrides: { [k: string]: string; }; }'.
src/pages/Editor.jsx(982,36): error TS2339: Property 'glow_radius' does not exist on type '{ keybinding_overrides: { [k: string]: string; }; }'.
src/pages/Editor.jsx(987,16): error TS2339: Property 'panel_glow_outline' does not exist on type '{ keybinding_overrides: { [k: string]: string; }; }'.
src/pages/Editor.jsx(989,20): error TS2339: Property 'glow_renderer' does not exist on type '{ keybinding_overrides: { [k: string]: string; }; }'.
src/pages/Editor.jsx(1055,67): error TS2339: Property 'font_family' does not exist on type '{ keybinding_overrides: { [k: string]: string; }; }'.
src/pages/Editor.jsx(1062,16): error TS2339: Property 'font_weight' does not exist on type '{ keybinding_overrides: { [k: string]: string; }; }'.
src/pages/Editor.jsx(1118,14): error TS2339: Property 'background' does not exist on type '{ keybinding_overrides: { [k: string]: string; }; }'.
src/pages/Editor.jsx(1119,14): error TS2339: Property 'font_family' does not exist on type '{ keybinding_overrides: { [k: string]: string; }; }'.
src/pages/Editor.jsx(1120,14): error TS2339: Property 'font_weight' does not exist on type '{ keybinding_overrides: { [k: string]: string; }; }'.
src/pages/Editor.jsx(1121,14): error TS2339: Property 'glow_intensity' does not exist on type '{ keybinding_overrides: { [k: string]: string; }; }'.
src/pages/Editor.jsx(1122,14): error TS2339: Property 'glow_radius' does not exist on type '{ keybinding_overrides: { [k: string]: string; }; }'.
src/pages/Editor.jsx(1123,14): error TS2339: Property 'glow_renderer' does not exist on type '{ keybinding_overrides: { [k: string]: string; }; }'.
src/pages/Editor.jsx(1124,14): error TS2339: Property 'panel_background_mode' does not exist on type '{ keybinding_overrides: { [k: string]: string; }; }'.
src/pages/Editor.jsx(1125,14): error TS2339: Property 'panel_blur_strength' does not exist on type '{ keybinding_overrides: { [k: string]: string; }; }'.
src/pages/Editor.jsx(1126,14): error TS2339: Property 'panel_glow_outline' does not exist on type '{ keybinding_overrides: { [k: string]: string; }; }'.
src/pages/Editor.jsx(1127,14): error TS2339: Property 'primary_accent' does not exist on type '{ keybinding_overrides: { [k: string]: string; }; }'.
src/pages/Editor.jsx(1128,14): error TS2339: Property 'secondary_accent' does not exist on type '{ keybinding_overrides: { [k: string]: string; }; }'.
src/pages/Editor.jsx(1129,14): error TS2339: Property 'theme' does not exist on type '{ keybinding_overrides: { [k: string]: string; }; }'.
src/pages/Editor.jsx(1132,36): error TS7006: Parameter 'file' implicitly has an 'any' type.
src/pages/Editor.jsx(1133,17): error TS2345: Argument of type '(prev: never[]) => { id: any; name: any; modified: boolean; }[]' is not assignable to parameter of type 'SetStateAction<never[]>'.
  Type '(prev: never[]) => { id: any; name: any; modified: boolean; }[]' is not assignable to type '(prevState: never[]) => never[]'.
    Type '{ id: any; name: any; modified: boolean; }[]' is not assignable to type 'never[]'.
      Type '{ id: any; name: any; modified: boolean; }' is not assignable to type 'never'.
src/pages/Editor.jsx(1134,30): error TS2339: Property 'id' does not exist on type 'never'.
src/pages/Editor.jsx(1140,39): error TS7006: Parameter 'tabId' implicitly has an 'any' type.
src/pages/Editor.jsx(1140,46): error TS7006: Parameter 'modified' implicitly has an 'any' type.
src/pages/Editor.jsx(1142,17): error TS2345: Argument of type '(prev: never[]) => any[]' is not assignable to parameter of type 'SetStateAction<never[]>'.
  Type '(prev: never[]) => any[]' is not assignable to type '(prevState: never[]) => never[]'.
    Type 'any[]' is not assignable to type 'never[]'.
      Type 'any' is not assignable to type 'never'.
src/pages/Editor.jsx(1143,47): error TS2339: Property 'id' does not exist on type 'never'.
src/pages/Editor.jsx(1145,29): error TS2339: Property 'modified' does not exist on type 'never'.
src/pages/Editor.jsx(1146,13): error TS7005: Variable 'next' implicitly has an 'any[]' type.
src/pages/Editor.jsx(1147,21): error TS2698: Spread types may only be created from object types.
src/pages/Editor.jsx(1153,6): error TS7006: Parameter 'tabId' implicitly has an 'any' type.
src/pages/Editor.jsx(1154,19): error TS2345: Argument of type '(prev: never[]) => any[]' is not assignable to parameter of type 'SetStateAction<never[]>'.
  Type '(prev: never[]) => any[]' is not assignable to type '(prevState: never[]) => never[]'.
    Type 'any[]' is not assignable to type 'never[]'.
      Type 'any' is not assignable to type 'never'.
src/pages/Editor.jsx(1155,15): error TS7005: Variable 'newTabs' implicitly has an 'any[]' type.
src/pages/Editor.jsx(1155,46): error TS2339: Property 'id' does not exist on type 'never'.
src/pages/Editor.jsx(1169,22): error TS7006: Parameter 'e' implicitly has an 'any' type.
src/pages/Editor.jsx(1301,27): error TS7006: Parameter 'e' implicitly has an 'any' type.
src/pages/Editor.jsx(1332,12): error TS7006: Parameter 'name' implicitly has an 'any' type.
src/pages/Editor.jsx(1365,6): error TS7006: Parameter 'value' implicitly has an 'any' type.
src/pages/Editor.jsx(1383,41): error TS7006: Parameter 'candidate' implicitly has an 'any' type.
src/pages/Editor.jsx(1407,27): error TS7006: Parameter 'event' implicitly has an 'any' type.
src/pages/Editor.jsx(1418,12): error TS7006: Parameter 'name' implicitly has an 'any' type.
src/pages/Editor.jsx(1445,12): error TS7006: Parameter 'id' implicitly has an 'any' type.
src/pages/Editor.jsx(1445,16): error TS7006: Parameter 'newName' implicitly has an 'any' type.
src/pages/Editor.jsx(1468,21): error TS2345: Argument of type '(prev: never[]) => any[]' is not assignable to parameter of type 'SetStateAction<never[]>'.
  Type '(prev: never[]) => any[]' is not assignable to type '(prevState: never[]) => never[]'.
    Type 'any[]' is not assignable to type 'never[]'.
      Type 'any' is not assignable to type 'never'.
src/pages/Editor.jsx(1469,30): error TS2339: Property 'id' does not exist on type 'never'.
src/pages/Editor.jsx(1469,44): error TS2698: Spread types may only be created from object types.
src/pages/Editor.jsx(1477,12): error TS7006: Parameter 'id' implicitly has an 'any' type.
src/pages/Editor.jsx(1494,23): error TS2345: Argument of type '(prevTabs: never[]) => any[]' is not assignable to parameter of type 'SetStateAction<never[]>'.
  Type '(prevTabs: never[]) => any[]' is not assignable to type '(prevState: never[]) => never[]'.
    Type 'any[]' is not assignable to type 'never[]'.
      Type 'any' is not assignable to type 'never'.
src/pages/Editor.jsx(1495,19): error TS7005: Variable 'newTabs' implicitly has an 'any[]' type.
src/pages/Editor.jsx(1495,76): error TS2339: Property 'id' does not exist on type 'never'.
src/pages/Editor.jsx(1496,38): error TS2345: Argument of type 'null' is not assignable to parameter of type 'string'.
src/pages/Editor.jsx(1514,12): error TS7006: Parameter 'fileOrId' implicitly has an 'any' type.
src/pages/Editor.jsx(1558,45): error TS7006: Parameter 'newSettings' implicitly has an 'any' type.
src/pages/Editor.jsx(1570,56): error TS7006: Parameter 'installedList' implicitly has an 'any' type.
src/pages/Editor.jsx(1573,46): error TS2339: Property 'extensions_installed' does not exist on type '{ keybinding_overrides: { [k: string]: string; }; }'.
src/pages/Editor.jsx(1574,16): error TS2339: Property 'extensions_installed' does not exist on type '{ keybinding_overrides: { [k: string]: string; }; }'.
src/pages/Editor.jsx(1578,28): error TS7006: Parameter 'value' implicitly has an 'any' type.
src/pages/Editor.jsx(1578,35): error TS7006: Parameter 'index' implicitly has an 'any' type.
src/pages/Editor.jsx(1591,6): error TS7006: Parameter 'actionId' implicitly has an 'any' type.
src/pages/Editor.jsx(1593,10): error TS7006: Parameter 'entry' implicitly has an 'any' type.
src/pages/Editor.jsx(1607,11): error TS2345: Argument of type 'string' is not assignable to parameter of type 'SetStateAction<null>'.
src/pages/Editor.jsx(1620,35): error TS2345: Argument of type 'string' is not assignable to parameter of type 'SetStateAction<null>'.
src/pages/Editor.jsx(1626,35): error TS2345: Argument of type 'string' is not assignable to parameter of type 'SetStateAction<null>'.
src/pages/Editor.jsx(1637,35): error TS2345: Argument of type 'string' is not assignable to parameter of type 'SetStateAction<null>'.
src/pages/Editor.jsx(1643,35): error TS2345: Argument of type 'string' is not assignable to parameter of type 'SetStateAction<null>'.
src/pages/Editor.jsx(1648,33): error TS2345: Argument of type 'string' is not assignable to parameter of type 'SetStateAction<null>'.
src/pages/Editor.jsx(1662,6): error TS7006: Parameter 'actionId' implicitly has an 'any' type.
src/pages/Editor.jsx(1662,16): error TS7006: Parameter 'payload' implicitly has an 'any' type.
src/pages/Editor.jsx(1701,11): error TS7053: Element implicitly has an 'any' type because expression of type 'any' can't be used to index type '{ "open-file": () => Promise<void>; "new-file": () => void; "open-folder": () => Promise<any>; "open-explorer": () => void; "open-search": () => void; "change-theme": () => void; "toggle-terminal": () => void; ... 24 more ...; "dock-active-bottom": () => void; }'.
src/pages/Editor.jsx(1702,9): error TS7053: Element implicitly has an 'any' type because expression of type 'any' can't be used to index type '{ "open-file": () => Promise<void>; "new-file": () => void; "open-folder": () => Promise<any>; "open-explorer": () => void; "open-search": () => void; "change-theme": () => void; "toggle-terminal": () => void; ... 24 more ...; "dock-active-bottom": () => void; }'.
src/pages/Editor.jsx(1731,48): error TS2339: Property 'id' does not exist on type 'never'.
src/pages/Editor.jsx(1733,40): error TS2339: Property 'modified' does not exist on type 'never'.
src/pages/Editor.jsx(1745,39): error TS2339: Property 'status_bar_visible' does not exist on type '{ keybinding_overrides: { [k: string]: string; }; }'.
src/pages/Editor.jsx(1747,36): error TS2339: Property 'zen_mode' does not exist on type '{ keybinding_overrides: { [k: string]: string; }; }'.
src/pages/Editor.jsx(1748,35): error TS2339: Property 'sidebar_visible' does not exist on type '{ keybinding_overrides: { [k: string]: string; }; }'.
src/pages/Editor.jsx(1749,32): error TS2339: Property 'sidebar_position' does not exist on type '{ keybinding_overrides: { [k: string]: string; }; }'.
src/pages/Editor.jsx(1760,9): error TS2322: Type 'string' is not assignable to type 'null | undefined'.
src/pages/Editor.jsx(1761,9): error TS2322: Type 'string | null' is not assignable to type 'null | undefined'.
  Type 'string' is not assignable to type 'null | undefined'.
src/pages/Editor.jsx(1797,7): error TS2353: Object literal may only specify known properties, and 'size' does not exist in type '{ compact?: boolean | undefined; }'.
src/pages/Editor.jsx(1806,5): error TS2353: Object literal may only specify known properties, and 'size' does not exist in type '{ compact?: boolean | undefined; }'.
src/pages/Editor.jsx(1811,7): error TS2353: Object literal may only specify known properties, and 'size' does not exist in type '{ compact?: boolean | undefined; }'.
src/pages/Editor.jsx(1817,46): error TS2339: Property 'layout' does not exist on type 'never'.
src/pages/Editor.jsx(1821,9): error TS7053: Element implicitly has an 'any' type because expression of type '"hidden" | "left" | "right" | "bottom"' can't be used to index type '{}'.
  Property 'hidden' does not exist on type '{}'.
src/pages/Editor.jsx(1829,45): error TS2339: Property 'panelId' does not exist on type 'never'.
src/pages/Editor.jsx(1857,43): error TS2339: Property 'split' does not exist on type 'never'.
src/pages/Editor.jsx(1983,25): error TS2322: Type 'any[]' is not assignable to type 'never[]'.
  Type 'any' is not assignable to type 'never'.
src/pages/Editor.jsx(1993,25): error TS2322: Type 'null' is not assignable to type 'string | undefined'.
src/pages/Editor.jsx(2111,44): error TS2339: Property 'font_size' does not exist on type '{ keybinding_overrides: { [k: string]: string; }; }'.
src/pages/Editor.jsx(2112,51): error TS2339: Property 'line_numbers' does not exist on type '{ keybinding_overrides: { [k: string]: string; }; }'.
src/pages/Editor.jsx(2113,43): error TS2339: Property 'tab_size' does not exist on type '{ keybinding_overrides: { [k: string]: string; }; }'.
src/pages/Editor.jsx(2114,44): error TS2339: Property 'word_wrap' does not exist on type '{ keybinding_overrides: { [k: string]: string; }; }'.
src/pages/Editor.jsx(2115,43): error TS2339: Property 'minimap' does not exist on type '{ keybinding_overrides: { [k: string]: string; }; }'.
src/pages/Editor.jsx(2145,26): error TS2741: Property 'onClick' is missing in type '{ icon: LucideIcon; label: string; value: string; title: string; className: string; }' but required in type '{ icon: any; label: any; value: any; tone?: string | undefined; onClick: any; title: any; iconOnly?: boolean | undefined; className?: string | undefined; }'.
src/pages/Editor.jsx(2152,26): error TS2741: Property 'onClick' is missing in type '{ icon: LucideIcon; label: string; value: any; title: any; className: string; }' but required in type '{ icon: any; label: any; value: any; tone?: string | undefined; onClick: any; title: any; iconOnly?: boolean | undefined; className?: string | undefined; }'.
src/pages/Editor.jsx(2160,28): error TS2739: Type '{ icon: LucideIcon; label: string; value: string; }' is missing the following properties from type '{ icon: any; label: any; value: any; tone?: string | undefined; onClick: any; title: any; iconOnly?: boolean | undefined; className?: string | undefined; }': onClick, title
src/pages/Editor.jsx(2167,28): error TS2739: Type '{ tone: string; label: string; value: string; title: string; className: string; }' is missing the following properties from type '{ icon: any; label: any; value: any; tone?: string | undefined; onClick: any; title: any; iconOnly?: boolean | undefined; className?: string | undefined; }': icon, onClick
src/pages/Editor.jsx(2176,30): error TS2739: Type '{ label: string; value: string; }' is missing the following properties from type '{ icon: any; label: any; value: any; tone?: string | undefined; onClick: any; title: any; iconOnly?: boolean | undefined; className?: string | undefined; }': icon, onClick, title
src/pages/Editor.jsx(2183,28): error TS2741: Property 'onClick' is missing in type '{ icon: LucideIcon; tone: string; label: string; value: never; title: never; className: string; }' but required in type '{ icon: any; label: any; value: any; tone?: string | undefined; onClick: any; title: any; iconOnly?: boolean | undefined; className?: string | undefined; }'.
src/pages/Editor.jsx(2194,26): error TS2741: Property 'title' is missing in type '{ icon: LucideIcon; tone: string; label: string; value: string; onClick: () => void; iconOnly: boolean; }' but required in type '{ icon: any; label: any; value: any; tone?: string | undefined; onClick: any; title: any; iconOnly?: boolean | undefined; className?: string | undefined; }'.
src/pages/Editor.jsx(2202,26): error TS2741: Property 'title' is missing in type '{ icon: LucideIcon; tone: string; label: string; value: string; onClick: () => void; iconOnly: boolean; }' but required in type '{ icon: any; label: any; value: any; tone?: string | undefined; onClick: any; title: any; iconOnly?: boolean | undefined; className?: string | undefined; }'.
src/pages/Editor.jsx(2210,26): error TS2741: Property 'title' is missing in type '{ icon: LucideIcon; tone: string; label: string; value: string; onClick: () => void; iconOnly: boolean; }' but required in type '{ icon: any; label: any; value: any; tone?: string | undefined; onClick: any; title: any; iconOnly?: boolean | undefined; className?: string | undefined; }'.
src/pages/Editor.jsx(2218,26): error TS2741: Property 'title' is missing in type '{ icon: LucideIcon; tone: string; label: string; value: string; onClick: () => void; iconOnly: boolean; }' but required in type '{ icon: any; label: any; value: any; tone?: string | undefined; onClick: any; title: any; iconOnly?: boolean | undefined; className?: string | undefined; }'.
src/pages/Editor.jsx(2286,29): error TS2322: Type '{ isOpen: true; onToggle: () => void; activeFile: any; code: any; workspacePath: null; }' is not assignable to type 'IntrinsicAttributes & { isOpen: any; onToggle: any; activeFile: any; workspacePath: any; }'.
  Property 'code' does not exist on type 'IntrinsicAttributes & { isOpen: any; onToggle: any; activeFile: any; workspacePath: any; }'.
src/pages/Editor.jsx(2297,29): error TS2322: Type 'null' is not assignable to type 'string | undefined'.
src/pages/Editor.jsx(2358,9): error TS2322: Type 'null' is not assignable to type 'string | undefined'.
src/pages/editor/commandPaletteModel.js(314,30): error TS7006: Parameter 'categoryId' implicitly has an 'any' type.
src/pages/editor/commandPaletteModel.js(315,10): error TS7053: Element implicitly has an 'any' type because expression of type 'any' can't be used to index type 'Readonly<{ file: Readonly<{ dot: "bg-cyan-300"; text: "text-cyan-200"; chip: "border-cyan-300/20 bg-cyan-300/10 text-cyan-100"; icon: "border-cyan-300/15 bg-cyan-300/10 text-cyan-200"; active: "border-cyan-300/25 bg-cyan-300/10"; }>; ... 9 more ...; "workspace-search": Readonly<...>; }>'.
src/pages/editor/commandPaletteModel.js(318,38): error TS7006: Parameter 'value' implicitly has an 'any' type.
src/pages/editor/commandPaletteModel.js(326,24): error TS7006: Parameter 'query' implicitly has an 'any' type.
src/pages/editor/commandPaletteModel.js(330,29): error TS7006: Parameter 'value' implicitly has an 'any' type.
src/pages/editor/commandPaletteModel.js(334,24): error TS7006: Parameter 'value' implicitly has an 'any' type.
src/pages/editor/commandPaletteModel.js(342,24): error TS7006: Parameter 'token' implicitly has an 'any' type.
src/pages/editor/commandPaletteModel.js(342,31): error TS7006: Parameter 'value' implicitly has an 'any' type.
src/pages/editor/commandPaletteModel.js(351,28): error TS7006: Parameter 'categoryId' implicitly has an 'any' type.
src/pages/editor/commandPaletteModel.js(356,25): error TS7006: Parameter 'command' implicitly has an 'any' type.
src/pages/editor/commandPaletteModel.js(358,5): error TS7053: Element implicitly has an 'any' type because expression of type 'any' can't be used to index type 'Readonly<{ "new-file": LucideIcon; "open-folder": LucideIcon; "open-explorer": LucideIcon; "open-search": LucideIcon; "focus-editor": LucideIcon; ... 28 more ...; "open-account": LucideIcon; }>'.
src/pages/editor/commandPaletteModel.js(359,5): error TS7053: Element implicitly has an 'any' type because expression of type 'any' can't be used to index type 'Readonly<{ file: LucideIcon; navigation: LucideIcon; symbols: LucideIcon; "source-control": LucideIcon; diagnostics: LucideIcon; ... 5 more ...; "workspace-search": LucideIcon; }>'.
src/pages/editor/commandPaletteModel.js(364,28): error TS7006: Parameter 'command' implicitly has an 'any' type.
src/pages/editor/commandPaletteModel.js(369,3): error TS7031: Binding element 'extensionCommands' implicitly has an 'any[]' type.
src/pages/editor/commandPaletteModel.js(392,31): error TS7006: Parameter 'command' implicitly has an 'any' type.
src/pages/editor/commandPaletteModel.js(408,25): error TS7006: Parameter 'field' implicitly has an 'any' type.
src/pages/editor/commandPaletteModel.js(408,32): error TS7006: Parameter 'token' implicitly has an 'any' type.
src/pages/editor/commandPaletteModel.js(408,39): error TS7006: Parameter 'weights' implicitly has an 'any' type.
src/pages/editor/commandPaletteModel.js(416,26): error TS7006: Parameter 'field' implicitly has an 'any' type.
src/pages/editor/commandPaletteModel.js(416,33): error TS7006: Parameter 'token' implicitly has an 'any' type.
src/pages/editor/commandPaletteModel.js(416,40): error TS7006: Parameter 'weights' implicitly has an 'any' type.
src/pages/editor/commandPaletteModel.js(441,28): error TS7006: Parameter 'fields' implicitly has an 'any' type.
src/pages/editor/commandPaletteModel.js(441,36): error TS7006: Parameter 'token' implicitly has an 'any' type.
src/pages/editor/commandPaletteModel.js(442,23): error TS7006: Parameter 'field' implicitly has an 'any' type.
src/pages/editor/commandPaletteModel.js(451,29): error TS7006: Parameter 'command' implicitly has an 'any' type.
src/pages/editor/commandPaletteModel.js(451,38): error TS7006: Parameter 'tokens' implicitly has an 'any' type.
src/pages/editor/commandPaletteModel.js(451,46): error TS7006: Parameter 'normalizedQuery' implicitly has an 'any' type.
src/pages/editor/commandPaletteModel.js(452,19): error TS7053: Element implicitly has an 'any' type because expression of type 'any' can't be used to index type 'Readonly<{ "source-control": readonly string[]; diagnostics: readonly string[]; terminal: readonly string[]; extensions: readonly string[]; navigation: readonly string[]; preferences: readonly string[]; }>'.
src/pages/editor/commandPaletteModel.js(456,19): error TS7006: Parameter 'token' implicitly has an 'any' type.
src/pages/editor/commandPaletteModel.js(459,21): error TS7006: Parameter 'alias' implicitly has an 'any' type.
src/pages/editor/commandPaletteModel.js(471,21): error TS7006: Parameter 'alias' implicitly has an 'any' type.
src/pages/editor/commandPaletteModel.js(477,23): error TS7006: Parameter 'command' implicitly has an 'any' type.
src/pages/editor/commandPaletteModel.js(477,32): error TS7006: Parameter 'query' implicitly has an 'any' type.
src/pages/editor/commandPaletteModel.js(477,39): error TS7006: Parameter 'index' implicitly has an 'any' type.
src/pages/editor/commandPaletteModel.js(535,32): error TS7006: Parameter 'command' implicitly has an 'any' type.
src/pages/editor/commandPaletteModel.js(535,41): error TS7006: Parameter 'query' implicitly has an 'any' type.
src/pages/editor/commandPaletteModel.js(557,41): error TS7006: Parameter 'commands' implicitly has an 'any' type.
src/pages/editor/commandPaletteModel.js(557,51): error TS7006: Parameter 'query' implicitly has an 'any' type.
src/pages/editor/commandPaletteModel.js(559,11): error TS7006: Parameter 'command' implicitly has an 'any' type.
src/pages/editor/commandPaletteModel.js(559,20): error TS7006: Parameter 'index' implicitly has an 'any' type.
src/pages/editor/commandPaletteModel.js(570,12): error TS7006: Parameter 'a' implicitly has an 'any' type.
src/pages/editor/commandPaletteModel.js(570,15): error TS7006: Parameter 'b' implicitly has an 'any' type.
src/pages/editor/commandPaletteModel.js(579,42): error TS7006: Parameter 'items' implicitly has an 'any' type.
src/pages/editor/commandPaletteModel.js(580,9): error TS7034: Variable 'groups' implicitly has type 'any[]' in some locations where its type cannot be determined.
src/pages/editor/commandPaletteModel.js(582,18): error TS7006: Parameter 'item' implicitly has an 'any' type.
src/pages/editor/commandPaletteModel.js(583,47): error TS7053: Element implicitly has an 'any' type because expression of type 'any' can't be used to index type 'Readonly<{ file: Readonly<{ id: "file"; label: "Files"; description: "Dateien und Workspaces"; tone: "cyan"; }>; navigation: Readonly<{ id: "navigation"; label: "Search & Navigation"; description: "Dateien, Symbole und Fokus finden"; tone: "sky"; }>; ... 6 more ...; preferences: Readonly<...>; }>'.
src/pages/editor/commandPaletteModel.js(590,15): error TS7053: Element implicitly has an 'any' type because expression of type 'any' can't be used to index type 'Readonly<{ file: LucideIcon; navigation: LucideIcon; symbols: LucideIcon; "source-control": LucideIcon; diagnostics: LucideIcon; ... 5 more ...; "workspace-search": LucideIcon; }>'.
src/pages/editor/commandPaletteModel.js(598,10): error TS7005: Variable 'groups' implicitly has an 'any[]' type.
src/pages/editor/commandPaletteModel.js(601,22): error TS7006: Parameter 'file' implicitly has an 'any' type.
src/pages/editor/commandPaletteModel.js(605,22): error TS7006: Parameter 'file' implicitly has an 'any' type.
src/pages/editor/commandPaletteModel.js(609,27): error TS7006: Parameter 'file' implicitly has an 'any' type.
src/pages/editor/commandPaletteModel.js(613,25): error TS7006: Parameter 'file' implicitly has an 'any' type.
src/pages/editor/commandPaletteModel.js(620,31): error TS7006: Parameter 'files' implicitly has an 'any' type.
src/pages/editor/commandPaletteModel.js(622,32): error TS7006: Parameter 'file' implicitly has an 'any' type.
src/pages/editor/commandPaletteModel.js(630,26): error TS7006: Parameter 'file' implicitly has an 'any' type.
src/pages/editor/commandPaletteModel.js(630,32): error TS7006: Parameter 'query' implicitly has an 'any' type.
src/pages/editor/commandPaletteModel.js(630,39): error TS7006: Parameter 'index' implicitly has an 'any' type.
src/pages/editor/commandPaletteModel.js(660,29): error TS7006: Parameter 'file' implicitly has an 'any' type.
src/pages/editor/commandPaletteModel.js(660,35): error TS7006: Parameter 'query' implicitly has an 'any' type.
src/pages/editor/commandPaletteModel.js(675,36): error TS7006: Parameter 'files' implicitly has an 'any[]' type.
src/pages/editor/commandPaletteModel.js(677,14): error TS7006: Parameter 'file' implicitly has an 'any' type.
src/pages/editor/commandPaletteModel.js(678,11): error TS7006: Parameter 'file' implicitly has an 'any' type.
src/pages/editor/commandPaletteModel.js(678,17): error TS7006: Parameter 'index' implicitly has an 'any' type.
src/pages/editor/commandPaletteModel.js(699,12): error TS7006: Parameter 'a' implicitly has an 'any' type.
src/pages/editor/commandPaletteModel.js(699,15): error TS7006: Parameter 'b' implicitly has an 'any' type.
src/pages/editor/commandPaletteModel.js(703,31): error TS7006: Parameter 'query' implicitly has an 'any' type.
src/pages/editor/commandPaletteModel.js(707,33): error TS7006: Parameter 'file' implicitly has an 'any' type.
src/pages/editor/commandPaletteModel.js(707,39): error TS7006: Parameter 'symbol' implicitly has an 'any' type.
src/pages/editor/commandPaletteModel.js(720,28): error TS7006: Parameter 'file' implicitly has an 'any' type.
src/pages/editor/commandPaletteModel.js(720,34): error TS7006: Parameter 'symbol' implicitly has an 'any' type.
src/pages/editor/commandPaletteModel.js(720,42): error TS7006: Parameter 'query' implicitly has an 'any' type.
src/pages/editor/commandPaletteModel.js(720,49): error TS7006: Parameter 'index' implicitly has an 'any' type.
src/pages/editor/commandPaletteModel.js(720,56): error TS7006: Parameter 'symbolIndex' implicitly has an 'any' type.
src/pages/editor/commandPaletteModel.js(766,31): error TS7006: Parameter 'file' implicitly has an 'any' type.
src/pages/editor/commandPaletteModel.js(766,37): error TS7006: Parameter 'symbol' implicitly has an 'any' type.
src/pages/editor/commandPaletteModel.js(766,45): error TS7006: Parameter 'query' implicitly has an 'any' type.
src/pages/editor/commandPaletteModel.js(782,38): error TS7006: Parameter 'files' implicitly has an 'any[]' type.
src/pages/editor/commandPaletteModel.js(789,14): error TS7006: Parameter 'file' implicitly has an 'any' type.
src/pages/editor/commandPaletteModel.js(791,15): error TS7006: Parameter 'file' implicitly has an 'any' type.
src/pages/editor/commandPaletteModel.js(791,21): error TS7006: Parameter 'fileIndex' implicitly has an 'any' type.
src/pages/editor/commandPaletteModel.js(827,12): error TS7006: Parameter 'a' implicitly has an 'any' type.
src/pages/editor/commandPaletteModel.js(827,15): error TS7006: Parameter 'b' implicitly has an 'any' type.
src/pages/editor/commandPaletteModel.js(831,36): error TS7006: Parameter 'group' implicitly has an 'any' type.
src/pages/editor/commandPaletteModel.js(852,32): error TS7006: Parameter 'group' implicitly has an 'any' type.
src/pages/editor/commandPaletteModel.js(852,39): error TS7006: Parameter 'match' implicitly has an 'any' type.
src/pages/editor/commandPaletteModel.js(852,46): error TS7006: Parameter 'query' implicitly has an 'any' type.
src/pages/editor/commandPaletteModel.js(852,53): error TS7006: Parameter 'groupIndex' implicitly has an 'any' type.
src/pages/editor/commandPaletteModel.js(852,65): error TS7006: Parameter 'matchIndex' implicitly has an 'any' type.
src/pages/editor/commandPaletteModel.js(890,28): error TS7006: Parameter 'value' implicitly has an 'any' type.
src/pages/editor/commandPaletteModel.js(897,44): error TS7006: Parameter 'searchResult' implicitly has an 'any' type.
src/pages/editor/commandPaletteModel.js(900,15): error TS7006: Parameter 'group' implicitly has an 'any' type.
src/pages/editor/commandPaletteModel.js(900,22): error TS7006: Parameter 'groupIndex' implicitly has an 'any' type.
src/pages/editor/commandPaletteModel.js(903,27): error TS7006: Parameter 'match' implicitly has an 'any' type.
src/pages/editor/commandPaletteModel.js(903,34): error TS7006: Parameter 'matchIndex' implicitly has an 'any' type.
src/pages/editor/commandPaletteModel.js(931,12): error TS7006: Parameter 'a' implicitly has an 'any' type.
src/pages/editor/commandPaletteModel.js(931,15): error TS7006: Parameter 'b' implicitly has an 'any' type.
src/pages/editor/commandPaletteModel.js(935,38): error TS7006: Parameter 'result' implicitly has an 'any' type.
src/pages/editor/commandPaletteModel.js(963,40): error TS7006: Parameter 'result' implicitly has an 'any' type.
src/pages/editor/commandPaletteModel.js(963,48): error TS7006: Parameter 'query' implicitly has an 'any' type.
src/pages/editor/commandPaletteModel.js(991,3): error TS7031: Binding element 'baseResults' implicitly has an 'any[]' type.
src/pages/editor/commandPaletteModel.js(992,3): error TS7031: Binding element 'workspaceResults' implicitly has an 'any[]' type.
src/pages/editor/commandPaletteModel.js(1028,3): error TS7031: Binding element 'files' implicitly has an 'any[]' type.
src/pages/editor/commandPaletteModel.js(1033,3): error TS7031: Binding element 'extensionCommands' implicitly has an 'any[]' type.
src/pages/editor/commandPaletteModel.js(1037,39): error TS2322: Type 'any[]' is not assignable to type 'never[]'.
  Type 'any' is not assignable to type 'never'.
src/pages/editor/commandPaletteModel.js(1041,11): error TS7006: Parameter 'command' implicitly has an 'any' type.
src/pages/editor/editorFileCreationModel.js(13,38): error TS7006: Parameter 'languageId' implicitly has an 'any' type.
src/pages/editor/editorFileCreationModel.js(15,10): error TS7053: Element implicitly has an 'any' type because expression of type 'string' can't be used to index type 'Readonly<{ typescript: "ts"; javascript: "js"; python: "py"; html: "html"; css: "css"; json: "json"; markdown: "md"; rust: "rs"; go: "go"; }>'.
  No index signature with a parameter of type 'string' was found on type 'Readonly<{ typescript: "ts"; javascript: "js"; python: "py"; html: "html"; css: "css"; json: "json"; markdown: "md"; rust: "rs"; go: "go"; }>'.
src/pages/editor/editorFileCreationModel.js(18,37): error TS7006: Parameter 'files' implicitly has an 'any' type.
src/pages/editor/editorInteractionModel.js(2,3): error TS7006: Parameter 'event' implicitly has an 'any' type.
src/pages/editor/editorInteractionModel.js(11,42): error TS7006: Parameter 'width' implicitly has an 'any' type.
src/pages/editor/editorInteractionModel.js(21,39): error TS7006: Parameter 'target' implicitly has an 'any' type.
src/pages/editor/editorShared.jsx(35,14): error TS7005: Variable 'DEFAULT_FILES' implicitly has an 'any[]' type.
src/pages/editor/editorShared.jsx(114,28): error TS7006: Parameter 'value' implicitly has an 'any' type.
src/pages/editor/editorShared.jsx(114,35): error TS7006: Parameter 'min' implicitly has an 'any' type.
src/pages/editor/editorShared.jsx(114,40): error TS7006: Parameter 'max' implicitly has an 'any' type.
src/pages/editor/editorShared.jsx(114,45): error TS7006: Parameter 'fallback' implicitly has an 'any' type.
src/pages/editor/editorShared.jsx(120,34): error TS7006: Parameter 'settings' implicitly has an 'any' type.
src/pages/editor/editorShared.jsx(155,15): error TS7006: Parameter 'props' implicitly has an 'any' type.
src/pages/editor/editorShared.jsx(160,35): error TS7006: Parameter 'error' implicitly has an 'any' type.
src/pages/editor/editorShared.jsx(164,21): error TS7006: Parameter 'error' implicitly has an 'any' type.
src/pages/editor/editorShared.jsx(164,28): error TS7006: Parameter 'errorInfo' implicitly has an 'any' type.
src/pages/editor/editorShared.jsx(180,32): error TS2339: Property 'message' does not exist on type 'never'.
src/pages/editor/editorShared.jsx(205,39): error TS7006: Parameter 'settings' implicitly has an 'any' type.
src/pages/editor/editorShellLayout.js(62,30): error TS7006: Parameter 'panelId' implicitly has an 'any' type.
src/pages/editor/editorShellLayout.js(63,10): error TS7053: Element implicitly has an 'any' type because expression of type 'any' can't be used to index type '{ explorer: { title: string; detail: string; }; search: { title: string; detail: string; }; problems: { title: string; detail: string; }; issues: { title: string; detail: string; }; prs: { title: string; detail: string; }; ... 5 more ...; account: { ...; }; }'.
src/pages/editor/editorShellLayout.js(69,37): error TS7031: Binding element 'showSettings' implicitly has an 'any' type.
src/pages/editor/editorShellLayout.js(69,51): error TS7031: Binding element 'zenMode' implicitly has an 'any' type.
src/pages/editor/editorShellLayout.js(69,60): error TS7031: Binding element 'activePanel' implicitly has an 'any' type.
src/pages/editor/editorShellLayout.js(76,41): error TS7031: Binding element 'compact' implicitly has an 'any' type.
src/pages/editor/editorShellLayout.js(92,54): error TS2339: Property 'size' does not exist on type '{ compact?: boolean | undefined; }'.
src/pages/editor/editorShellLayout.js(133,60): error TS2339: Property 'size' does not exist on type '{ compact?: boolean | undefined; }'.
src/pages/editor/editorThemeReadability.js(1,33): error TS7006: Parameter 'value' implicitly has an 'any' type.
src/pages/editor/editorThemeReadability.js(25,35): error TS7006: Parameter 'rgb' implicitly has an 'any' type.
src/pages/editor/editorThemeReadability.js(27,29): error TS7006: Parameter 'value' implicitly has an 'any' type.
src/pages/editor/editorThemeReadability.js(36,31): error TS7006: Parameter 'foreground' implicitly has an 'any' type.
src/pages/editor/editorThemeReadability.js(36,43): error TS7006: Parameter 'background' implicitly has an 'any' type.
src/pages/editor/editorThemeReadability.js(44,34): error TS7006: Parameter 'preferred' implicitly has an 'any' type.
src/pages/editor/editorThemeReadability.js(44,45): error TS7006: Parameter 'background' implicitly has an 'any' type.
src/pages/editor/editorThemeReadability.js(61,37): error TS7019: Rest parameter 'values' implicitly has an 'any[]' type.
src/pages/editor/editorThemeReadability.js(68,29): error TS7006: Parameter 'value' implicitly has an 'any' type.
src/pages/editor/editorThemeReadability.js(77,47): error TS7006: Parameter 'preferred' implicitly has an 'any' type.
src/pages/editor/editorThemeReadability.js(77,58): error TS7006: Parameter 'background' implicitly has an 'any' type.
src/pages/editor/editorWorkbenchChrome.jsx(65,9): error TS7031: Binding element 'Icon' implicitly has an 'any' type.
src/pages/editor/editorWorkbenchChrome.jsx(66,3): error TS7031: Binding element 'label' implicitly has an 'any' type.
src/pages/editor/editorWorkbenchChrome.jsx(67,3): error TS7031: Binding element 'value' implicitly has an 'any' type.
src/pages/editor/editorWorkbenchChrome.jsx(69,3): error TS7031: Binding element 'onClick' implicitly has an 'any' type.
src/pages/editor/editorWorkbenchChrome.jsx(70,3): error TS7031: Binding element 'title' implicitly has an 'any' type.
src/pages/editor/editorWorkbenchChrome.jsx(102,3): error TS7031: Binding element 'panelId' implicitly has an 'any' type.
src/pages/editor/editorWorkbenchChrome.jsx(103,3): error TS7031: Binding element 'label' implicitly has an 'any' type.
src/pages/editor/editorWorkbenchChrome.jsx(104,3): error TS7031: Binding element 'onDragStart' implicitly has an 'any' type.
src/pages/editor/editorWorkbenchChrome.jsx(105,3): error TS7031: Binding element 'onDragEnd' implicitly has an 'any' type.
src/pages/editor/editorWorkbenchChrome.jsx(125,30): error TS7031: Binding element 'item' implicitly has an 'any' type.
src/pages/editor/editorWorkbenchChrome.jsx(125,36): error TS7031: Binding element 'onSelect' implicitly has an 'any' type.
src/pages/editor/editorWorkbenchChrome.jsx(160,3): error TS7031: Binding element 'items' implicitly has an 'any' type.
src/pages/editor/editorWorkbenchChrome.jsx(170,28): error TS7006: Parameter 'event' implicitly has an 'any' type.
src/pages/editor/editorWorkbenchChrome.jsx(172,54): error TS2339: Property 'contains' does not exist on type 'never'.
src/pages/editor/editorWorkbenchChrome.jsx(175,24): error TS7006: Parameter 'event' implicitly has an 'any' type.
src/pages/editor/editorWorkbenchChrome.jsx(210,23): error TS7006: Parameter 'item' implicitly has an 'any' type.
src/pages/editor/editorWorkbenchChrome.jsx(210,29): error TS7006: Parameter 'index' implicitly has an 'any' type.
src/pages/editor/editorWorkbenchChrome.jsx(223,27): error TS7006: Parameter 'panelId' implicitly has an 'any' type.
src/pages/editor/editorWorkbenchChrome.jsx(223,36): error TS7006: Parameter 'activeZone' implicitly has an 'any' type.
src/pages/editor/editorWorkbenchChrome.jsx(223,48): error TS7006: Parameter 'onDockPanel' implicitly has an 'any' type.
src/pages/editor/editorWorkbenchChrome.jsx(234,34): error TS7006: Parameter 'panelIds' implicitly has an 'any' type.
src/pages/editor/editorWorkbenchChrome.jsx(238,11): error TS7006: Parameter 'panelId' implicitly has an 'any' type.
src/pages/editor/editorWorkbenchChrome.jsx(246,3): error TS7031: Binding element 'activePanelId' implicitly has an 'any' type.
src/pages/editor/editorWorkbenchChrome.jsx(247,3): error TS7031: Binding element 'activeZone' implicitly has an 'any' type.
src/pages/editor/editorWorkbenchChrome.jsx(248,3): error TS7031: Binding element 'size' implicitly has an 'any' type.
src/pages/editor/editorWorkbenchChrome.jsx(249,3): error TS7031: Binding element 'onSizeChange' implicitly has an 'any' type.
src/pages/editor/editorWorkbenchChrome.jsx(250,3): error TS7031: Binding element 'onDockPanel' implicitly has an 'any' type.
src/pages/editor/editorWorkbenchChrome.jsx(251,3): error TS7031: Binding element 'onResetLayout' implicitly has an 'any' type.
src/pages/editor/editorWorkbenchChrome.jsx(252,3): error TS7031: Binding element 'onClose' implicitly has an 'any' type.
src/pages/editor/editorWorkbenchChrome.jsx(253,3): error TS7031: Binding element 'onPanelDragStart' implicitly has an 'any' type.
src/pages/editor/editorWorkbenchChrome.jsx(254,3): error TS7031: Binding element 'onPanelDragEnd' implicitly has an 'any' type.
src/pages/editor/editorWorkbenchChrome.jsx(308,3): error TS7031: Binding element 'panelId' implicitly has an 'any' type.
src/pages/editor/editorWorkbenchChrome.jsx(309,3): error TS7031: Binding element 'preview' implicitly has an 'any' type.
src/pages/editor/editorWorkbenchChrome.jsx(310,3): error TS7031: Binding element 'zonePanelIds' implicitly has an 'any' type.
src/pages/editor/editorWorkbenchChrome.jsx(311,3): error TS7031: Binding element 'onZoneDragOver' implicitly has an 'any' type.
src/pages/editor/editorWorkbenchChrome.jsx(312,3): error TS7031: Binding element 'onZoneDrop' implicitly has an 'any' type.
src/pages/editor/editorWorkbenchChrome.jsx(366,3): error TS7031: Binding element 'size' implicitly has an 'any' type.
src/pages/editor/editorWorkbenchChrome.jsx(367,3): error TS7031: Binding element 'presetId' implicitly has an 'any' type.
src/pages/editor/editorWorkbenchChrome.jsx(368,3): error TS7031: Binding element 'activePanelId' implicitly has an 'any' type.
src/pages/editor/editorWorkbenchChrome.jsx(369,3): error TS7031: Binding element 'activeZone' implicitly has an 'any' type.
src/pages/editor/editorWorkbenchChrome.jsx(370,3): error TS7031: Binding element 'onSizeChange' implicitly has an 'any' type.
src/pages/editor/editorWorkbenchChrome.jsx(371,3): error TS7031: Binding element 'onPresetChange' implicitly has an 'any' type.
src/pages/editor/editorWorkbenchChrome.jsx(372,3): error TS7031: Binding element 'onDockPanel' implicitly has an 'any' type.
src/pages/editor/editorWorkbenchChrome.jsx(373,3): error TS7031: Binding element 'onPanelDragStart' implicitly has an 'any' type.
src/pages/editor/editorWorkbenchChrome.jsx(374,3): error TS7031: Binding element 'onPanelDragEnd' implicitly has an 'any' type.
src/pages/editor/editorWorkbenchChrome.jsx(375,3): error TS7031: Binding element 'onResetLayout' implicitly has an 'any' type.
src/pages/editor/editorWorkbenchChrome.jsx(376,3): error TS7031: Binding element 'onClose' implicitly has an 'any' type.
src/pages/editor/editorWorkbenchChrome.jsx(408,12): error TS2741: Property 'label' is missing in type '{ panelId: any; onDragStart: any; onDragEnd: any; }' but required in type '{ panelId: any; label: any; onDragStart: any; onDragEnd: any; className?: string | undefined; }'.
src/pages/editor/editorWorkbenchChrome.jsx(432,3): error TS7031: Binding element 'panelId' implicitly has an 'any' type.
src/pages/editor/editorWorkbenchChrome.jsx(433,3): error TS7031: Binding element 'onClose' implicitly has an 'any' type.
src/pages/editor/editorWorkbenchChrome.jsx(434,3): error TS7031: Binding element 'children' implicitly has an 'any' type.
src/pages/editor/editorWorkbenchChrome.jsx(435,3): error TS7031: Binding element 'sidePanelSize' implicitly has an 'any' type.
src/pages/editor/editorWorkbenchChrome.jsx(436,3): error TS7031: Binding element 'onSidePanelSizeChange' implicitly has an 'any' type.
src/pages/editor/editorWorkbenchChrome.jsx(437,3): error TS7031: Binding element 'onDockPanel' implicitly has an 'any' type.
src/pages/editor/editorWorkbenchChrome.jsx(438,3): error TS7031: Binding element 'onPanelDragStart' implicitly has an 'any' type.
src/pages/editor/editorWorkbenchChrome.jsx(439,3): error TS7031: Binding element 'onPanelDragEnd' implicitly has an 'any' type.
src/pages/editor/editorWorkbenchChrome.jsx(440,3): error TS7031: Binding element 'snapZone' implicitly has an 'any' type.
src/pages/editor/editorWorkspaceModel.js(1,33): error TS7006: Parameter 'value' implicitly has an 'any' type.
src/pages/editor/editorWorkspaceModel.js(7,38): error TS7006: Parameter 'file' implicitly has an 'any' type.
src/pages/editor/editorWorkspaceModel.js(7,44): error TS7006: Parameter 'workspacePath' implicitly has an 'any' type.
src/pages/editor/editorWorkspaceModel.js(23,39): error TS7006: Parameter 'file' implicitly has an 'any' type.
src/pages/editor/editorWorkspaceModel.js(31,3): error TS7006: Parameter 'error' implicitly has an 'any' type.
src/pages/editor/editorWorkspaceModel.js(46,40): error TS2810: Expected 1 argument, but got 0. 'new Promise()' needs a JSDoc hint to produce a 'resolve' that can be called without arguments.
src/pages/editor/editorWorkspaceModel.js(50,35): error TS7006: Parameter 'node' implicitly has an 'any' type.
src/pages/editor/editorWorkspaceModel.js(50,41): error TS7006: Parameter 'previousById' implicitly has an 'any' type.
src/pages/editor/editorWorkspaceModel.js(54,30): error TS2339: Property 'openTabIds' does not exist on type '{}'.
src/pages/editor/editorWorkspaceModel.js(54,66): error TS2339: Property 'openTabIds' does not exist on type '{}'.
src/pages/editor/editorWorkspaceModel.js(70,35): error TS7006: Parameter 'problems' implicitly has an 'any[]' type.
src/pages/editor/extensionRuntimeModel.js(33,24): error TS7006: Parameter 'value' implicitly has an 'any' type.
src/pages/editor/extensionRuntimeModel.js(37,43): error TS7006: Parameter 'level' implicitly has an 'any' type.
src/pages/editor/extensionRuntimeModel.js(37,50): error TS7006: Parameter 'code' implicitly has an 'any' type.
src/pages/editor/extensionRuntimeModel.js(37,56): error TS7006: Parameter 'message' implicitly has an 'any' type.
src/pages/editor/extensionRuntimeModel.js(37,65): error TS7006: Parameter 'detail' implicitly has an 'any' type.
src/pages/editor/extensionRuntimeModel.js(41,29): error TS7006: Parameter 'value' implicitly has an 'any' type.
src/pages/editor/extensionRuntimeModel.js(50,25): error TS7006: Parameter 'commandId' implicitly has an 'any' type.
src/pages/editor/extensionRuntimeModel.js(50,36): error TS7006: Parameter 'title' implicitly has an 'any' type.
src/pages/editor/extensionRuntimeModel.js(54,26): error TS7006: Parameter 'id' implicitly has an 'any' type.
src/pages/editor/extensionRuntimeModel.js(54,30): error TS7006: Parameter 'aliases' implicitly has an 'any' type.
src/pages/editor/extensionRuntimeModel.js(54,39): error TS7006: Parameter 'extensions' implicitly has an 'any' type.
src/pages/editor/extensionRuntimeModel.js(54,51): error TS7006: Parameter 'configuration' implicitly has an 'any' type.
src/pages/editor/extensionRuntimeModel.js(63,23): error TS7006: Parameter 'id' implicitly has an 'any' type.
src/pages/editor/extensionRuntimeModel.js(63,27): error TS7006: Parameter 'label' implicitly has an 'any' type.
src/pages/editor/extensionRuntimeModel.js(63,34): error TS7006: Parameter 'uiTheme' implicitly has an 'any' type.
src/pages/editor/extensionRuntimeModel.js(63,43): error TS7006: Parameter 'path' implicitly has an 'any' type.
src/pages/editor/extensionRuntimeModel.js(67,22): error TS7006: Parameter 'id' implicitly has an 'any' type.
src/pages/editor/extensionRuntimeModel.js(67,26): error TS7006: Parameter 'name' implicitly has an 'any' type.
src/pages/editor/extensionRuntimeModel.js(67,65): error TS7006: Parameter 'when' implicitly has an 'any' type.
src/pages/editor/extensionRuntimeModel.js(71,39): error TS7006: Parameter 'entry' implicitly has an 'any' type.
src/pages/editor/extensionRuntimeModel.js(83,40): error TS7006: Parameter 'entry' implicitly has an 'any' type.
src/pages/editor/extensionRuntimeModel.js(89,37): error TS7006: Parameter 'entry' implicitly has an 'any' type.
src/pages/editor/extensionRuntimeModel.js(99,36): error TS7006: Parameter 'entry' implicitly has an 'any' type.
src/pages/editor/extensionRuntimeModel.js(110,42): error TS7006: Parameter 'entry' implicitly has an 'any' type.
src/pages/editor/extensionRuntimeModel.js(129,39): error TS7006: Parameter 'entry' implicitly has an 'any' type.
src/pages/editor/extensionRuntimeModel.js(144,37): error TS7006: Parameter 'entry' implicitly has an 'any' type.
src/pages/editor/extensionRuntimeModel.js(144,44): error TS7006: Parameter 'fieldName' implicitly has an 'any' type.
src/pages/editor/extensionRuntimeModel.js(153,41): error TS7006: Parameter 'entry' implicitly has an 'any' type.
src/pages/editor/extensionRuntimeModel.js(163,37): error TS7006: Parameter 'value' implicitly has an 'any' type.
src/pages/editor/extensionRuntimeModel.js(163,44): error TS7006: Parameter 'normalizer' implicitly has an 'any' type.
src/pages/editor/extensionRuntimeModel.js(174,49): error TS2339: Property 'commands' does not exist on type 'object'.
src/pages/editor/extensionRuntimeModel.js(175,50): error TS2339: Property 'languages' does not exist on type 'object'.
src/pages/editor/extensionRuntimeModel.js(176,47): error TS2339: Property 'themes' does not exist on type 'object'.
src/pages/editor/extensionRuntimeModel.js(177,46): error TS2339: Property 'views' does not exist on type 'object'.
src/pages/editor/extensionRuntimeModel.js(178,52): error TS2339: Property 'keybindings' does not exist on type 'object'.
src/pages/editor/extensionRuntimeModel.js(179,49): error TS2339: Property 'snippets' does not exist on type 'object'.
src/pages/editor/extensionRuntimeModel.js(180,51): error TS2339: Property 'iconThemes' does not exist on type 'object'.
src/pages/editor/extensionRuntimeModel.js(180,64): error TS7006: Parameter 'entry' implicitly has an 'any' type.
src/pages/editor/extensionRuntimeModel.js(183,51): error TS2339: Property 'formatters' does not exist on type 'object'.
src/pages/editor/extensionRuntimeModel.js(184,56): error TS2339: Property 'problemMatchers' does not exist on type 'object'.
src/pages/editor/extensionRuntimeModel.js(184,74): error TS7006: Parameter 'entry' implicitly has an 'any' type.
src/pages/editor/extensionRuntimeModel.js(187,54): error TS2339: Property 'debugAdapters' does not exist on type 'object'.
src/pages/editor/extensionRuntimeModel.js(187,70): error TS7006: Parameter 'entry' implicitly has an 'any' type.
src/pages/editor/extensionRuntimeModel.js(190,54): error TS2339: Property 'configuration' does not exist on type 'object'.
src/pages/editor/extensionRuntimeModel.js(190,70): error TS7006: Parameter 'entry' implicitly has an 'any' type.
src/pages/editor/extensionRuntimeModel.js(200,47): error TS7006: Parameter 'point' implicitly has an 'any' type.
src/pages/editor/extensionRuntimeModel.js(201,10): error TS7053: Element implicitly has an 'any' type because expression of type 'any' can't be used to index type '{ commands: string; languages: string; themes: string; views: string; keybindings: string; snippets: string; iconThemes: string; formatters: string; problemMatchers: string; debugAdapters: string; configuration: string; }'.
src/pages/editor/extensionRuntimeModel.js(204,51): error TS7006: Parameter 'point' implicitly has an 'any' type.
src/pages/editor/extensionRuntimeModel.js(204,58): error TS7006: Parameter 'entry' implicitly has an 'any' type.
src/pages/editor/extensionRuntimeModel.js(224,27): error TS7006: Parameter 'entry' implicitly has an 'any' type.
src/pages/editor/extensionRuntimeModel.js(229,43): error TS7006: Parameter 'summary' implicitly has an 'any' type.
src/pages/editor/extensionRuntimeModel.js(236,41): error TS7006: Parameter 'event' implicitly has an 'any' type.
src/pages/editor/extensionRuntimeModel.js(349,35): error TS7006: Parameter 'contributes' implicitly has an 'any' type.
src/pages/editor/extensionRuntimeModel.js(351,57): error TS7006: Parameter 'entry' implicitly has an 'any' type.
src/pages/editor/extensionRuntimeModel.js(352,59): error TS7006: Parameter 'entry' implicitly has an 'any' type.
src/pages/editor/extensionRuntimeModel.js(353,53): error TS7006: Parameter 'entry' implicitly has an 'any' type.
src/pages/editor/extensionRuntimeModel.js(354,51): error TS7006: Parameter 'entry' implicitly has an 'any' type.
src/pages/editor/extensionRuntimeModel.js(358,37): error TS7006: Parameter 'manifest' implicitly has an 'any' type.
src/pages/editor/extensionRuntimeModel.js(358,47): error TS7006: Parameter 'diagnostics' implicitly has an 'any' type.
src/pages/editor/extensionRuntimeModel.js(401,43): error TS7006: Parameter 'manifest' implicitly has an 'any' type.
src/pages/editor/extensionRuntimeModel.js(533,45): error TS7031: Binding element 'extensions' implicitly has an 'any' type.
src/pages/editor/extensionRuntimeModel.js(533,57): error TS7031: Binding element 'records' implicitly has an 'any' type.
src/pages/editor/extensionRuntimeModel.js(533,66): error TS7031: Binding element 'stats' implicitly has an 'any' type.
src/pages/editor/extensionRuntimeModel.js(533,73): error TS7031: Binding element 'runtime' implicitly has an 'any' type.
src/pages/editor/extensionRuntimeModel.js(533,82): error TS7031: Binding element 'storageHealth' implicitly has an 'any' type.
src/pages/editor/extensionRuntimeModel.js(540,68): error TS7006: Parameter 'point' implicitly has an 'any' type.
src/pages/editor/extensionRuntimeModel.js(554,45): error TS7006: Parameter 'total' implicitly has an 'any' type.
src/pages/editor/extensionRuntimeModel.js(554,52): error TS7006: Parameter 'point' implicitly has an 'any' type.
src/pages/editor/extensionSystem.js(62,24): error TS7006: Parameter 'value' implicitly has an 'any' type.
src/pages/editor/extensionSystem.js(70,26): error TS7006: Parameter 'error' implicitly has an 'any' type.
src/pages/editor/extensionSystem.js(76,34): error TS7006: Parameter 'value' implicitly has an 'any' type.
src/pages/editor/extensionSystem.js(80,29): error TS7006: Parameter 'value' implicitly has an 'any' type.
src/pages/editor/extensionSystem.js(84,29): error TS7006: Parameter 'value' implicitly has an 'any' type.
src/pages/editor/extensionSystem.js(93,42): error TS7006: Parameter 'categoryId' implicitly has an 'any' type.
src/pages/editor/extensionSystem.js(106,44): error TS7006: Parameter 'extension' implicitly has an 'any' type.
src/pages/editor/extensionSystem.js(108,6): error TS7006: Parameter 'total' implicitly has an 'any' type.
src/pages/editor/extensionSystem.js(108,13): error TS7006: Parameter 'summary' implicitly has an 'any' type.
src/pages/editor/extensionSystem.js(111,64): error TS7006: Parameter 'event' implicitly has an 'any' type.
src/pages/editor/extensionSystem.js(166,3): error TS7031: Binding element 'id' implicitly has an 'any' type.
src/pages/editor/extensionSystem.js(167,3): error TS7031: Binding element 'name' implicitly has an 'any' type.
src/pages/editor/extensionSystem.js(168,3): error TS7031: Binding element 'displayName' implicitly has an 'any' type.
src/pages/editor/extensionSystem.js(169,3): error TS7031: Binding element 'publisher' implicitly has an 'any' type.
src/pages/editor/extensionSystem.js(170,3): error TS7031: Binding element 'version' implicitly has an 'any' type.
src/pages/editor/extensionSystem.js(171,3): error TS7031: Binding element 'description' implicitly has an 'any' type.
src/pages/editor/extensionSystem.js(172,3): error TS7031: Binding element 'category' implicitly has an 'any' type.
src/pages/editor/extensionSystem.js(180,3): error TS7031: Binding element 'tags' implicitly has an 'any[]' type.
src/pages/editor/extensionSystem.js(181,3): error TS7031: Binding element 'capabilities' implicitly has an 'any[]' type.
src/pages/editor/extensionSystem.js(182,3): error TS7031: Binding element 'activationEvents' implicitly has an 'any[]' type.
src/pages/editor/extensionSystem.js(184,3): error TS7031: Binding element 'repository' implicitly has an 'any' type.
src/pages/editor/extensionSystem.js(185,3): error TS7031: Binding element 'localPath' implicitly has an 'any' type.
src/pages/editor/extensionSystem.js(253,12): error TS2322: Type 'string' is not assignable to type 'never'.
src/pages/editor/extensionSystem.js(253,21): error TS2322: Type 'string' is not assignable to type 'never'.
src/pages/editor/extensionSystem.js(253,31): error TS2322: Type 'string' is not assignable to type 'never'.
src/pages/editor/extensionSystem.js(254,20): error TS2322: Type 'string' is not assignable to type 'never'.
src/pages/editor/extensionSystem.js(254,29): error TS2322: Type 'string' is not assignable to type 'never'.
src/pages/editor/extensionSystem.js(254,43): error TS2322: Type 'string' is not assignable to type 'never'.
src/pages/editor/extensionSystem.js(255,24): error TS2322: Type 'string' is not assignable to type 'never'.
src/pages/editor/extensionSystem.js(255,45): error TS2322: Type 'string' is not assignable to type 'never'.
src/pages/editor/extensionSystem.js(281,12): error TS2322: Type 'string' is not assignable to type 'never'.
src/pages/editor/extensionSystem.js(281,22): error TS2322: Type 'string' is not assignable to type 'never'.
src/pages/editor/extensionSystem.js(281,36): error TS2322: Type 'string' is not assignable to type 'never'.
src/pages/editor/extensionSystem.js(282,20): error TS2322: Type 'string' is not assignable to type 'never'.
src/pages/editor/extensionSystem.js(282,39): error TS2322: Type 'string' is not assignable to type 'never'.
src/pages/editor/extensionSystem.js(282,57): error TS2322: Type 'string' is not assignable to type 'never'.
src/pages/editor/extensionSystem.js(283,24): error TS2322: Type 'string' is not assignable to type 'never'.
src/pages/editor/extensionSystem.js(283,49): error TS2322: Type 'string' is not assignable to type 'never'.
src/pages/editor/extensionSystem.js(283,74): error TS2322: Type 'string' is not assignable to type 'never'.
src/pages/editor/extensionSystem.js(314,12): error TS2322: Type 'string' is not assignable to type 'never'.
src/pages/editor/extensionSystem.js(314,20): error TS2322: Type 'string' is not assignable to type 'never'.
src/pages/editor/extensionSystem.js(314,34): error TS2322: Type 'string' is not assignable to type 'never'.
src/pages/editor/extensionSystem.js(315,20): error TS2322: Type 'string' is not assignable to type 'never'.
src/pages/editor/extensionSystem.js(315,35): error TS2322: Type 'string' is not assignable to type 'never'.
src/pages/editor/extensionSystem.js(315,51): error TS2322: Type 'string' is not assignable to type 'never'.
src/pages/editor/extensionSystem.js(316,24): error TS2322: Type 'string' is not assignable to type 'never'.
src/pages/editor/extensionSystem.js(316,55): error TS2322: Type 'string' is not assignable to type 'never'.
src/pages/editor/extensionSystem.js(346,12): error TS2322: Type 'string' is not assignable to type 'never'.
src/pages/editor/extensionSystem.js(346,19): error TS2322: Type 'string' is not assignable to type 'never'.
src/pages/editor/extensionSystem.js(346,28): error TS2322: Type 'string' is not assignable to type 'never'.
src/pages/editor/extensionSystem.js(347,20): error TS2322: Type 'string' is not assignable to type 'never'.
src/pages/editor/extensionSystem.js(347,39): error TS2322: Type 'string' is not assignable to type 'never'.
src/pages/editor/extensionSystem.js(347,60): error TS2322: Type 'string' is not assignable to type 'never'.
src/pages/editor/extensionSystem.js(348,24): error TS2322: Type 'string' is not assignable to type 'never'.
src/pages/editor/extensionSystem.js(348,45): error TS2322: Type 'string' is not assignable to type 'never'.
src/pages/editor/extensionSystem.js(348,71): error TS2322: Type 'string' is not assignable to type 'never'.
src/pages/editor/extensionSystem.js(376,12): error TS2322: Type 'string' is not assignable to type 'never'.
src/pages/editor/extensionSystem.js(376,21): error TS2322: Type 'string' is not assignable to type 'never'.
src/pages/editor/extensionSystem.js(376,31): error TS2322: Type 'string' is not assignable to type 'never'.
src/pages/editor/extensionSystem.js(377,20): error TS2322: Type 'string' is not assignable to type 'never'.
src/pages/editor/extensionSystem.js(377,39): error TS2322: Type 'string' is not assignable to type 'never'.
src/pages/editor/extensionSystem.js(377,60): error TS2322: Type 'string' is not assignable to type 'never'.
src/pages/editor/extensionSystem.js(378,24): error TS2322: Type 'string' is not assignable to type 'never'.
src/pages/editor/extensionSystem.js(378,53): error TS2322: Type 'string' is not assignable to type 'never'.
src/pages/editor/extensionSystem.js(403,12): error TS2322: Type 'string' is not assignable to type 'never'.
src/pages/editor/extensionSystem.js(403,24): error TS2322: Type 'string' is not assignable to type 'never'.
src/pages/editor/extensionSystem.js(403,31): error TS2322: Type 'string' is not assignable to type 'never'.
src/pages/editor/extensionSystem.js(404,20): error TS2322: Type 'string' is not assignable to type 'never'.
src/pages/editor/extensionSystem.js(404,35): error TS2322: Type 'string' is not assignable to type 'never'.
src/pages/editor/extensionSystem.js(404,52): error TS2322: Type 'string' is not assignable to type 'never'.
src/pages/editor/extensionSystem.js(405,24): error TS2322: Type 'string' is not assignable to type 'never'.
src/pages/editor/extensionSystem.js(405,64): error TS2322: Type 'string' is not assignable to type 'never'.
src/pages/editor/extensionSystem.js(426,12): error TS2322: Type 'string' is not assignable to type 'never'.
src/pages/editor/extensionSystem.js(426,22): error TS2322: Type 'string' is not assignable to type 'never'.
src/pages/editor/extensionSystem.js(426,36): error TS2322: Type 'string' is not assignable to type 'never'.
src/pages/editor/extensionSystem.js(427,20): error TS2322: Type 'string' is not assignable to type 'never'.
src/pages/editor/extensionSystem.js(427,41): error TS2322: Type 'string' is not assignable to type 'never'.
src/pages/editor/extensionSystem.js(427,58): error TS2322: Type 'string' is not assignable to type 'never'.
src/pages/editor/extensionSystem.js(428,24): error TS2322: Type 'string' is not assignable to type 'never'.
src/pages/editor/extensionSystem.js(428,56): error TS2322: Type 'string' is not assignable to type 'never'.
src/pages/editor/extensionSystem.js(451,12): error TS2322: Type 'string' is not assignable to type 'never'.
src/pages/editor/extensionSystem.js(451,22): error TS2322: Type 'string' is not assignable to type 'never'.
src/pages/editor/extensionSystem.js(451,34): error TS2322: Type 'string' is not assignable to type 'never'.
src/pages/editor/extensionSystem.js(452,20): error TS2322: Type 'string' is not assignable to type 'never'.
src/pages/editor/extensionSystem.js(452,42): error TS2322: Type 'string' is not assignable to type 'never'.
src/pages/editor/extensionSystem.js(453,24): error TS2322: Type 'string' is not assignable to type 'never'.
src/pages/editor/extensionSystem.js(472,12): error TS2322: Type 'string' is not assignable to type 'never'.
src/pages/editor/extensionSystem.js(472,21): error TS2322: Type 'string' is not assignable to type 'never'.
src/pages/editor/extensionSystem.js(472,30): error TS2322: Type 'string' is not assignable to type 'never'.
src/pages/editor/extensionSystem.js(473,20): error TS2322: Type 'string' is not assignable to type 'never'.
src/pages/editor/extensionSystem.js(473,34): error TS2322: Type 'string' is not assignable to type 'never'.
src/pages/editor/extensionSystem.js(474,24): error TS2322: Type 'string' is not assignable to type 'never'.
src/pages/editor/extensionSystem.js(493,12): error TS2322: Type 'string' is not assignable to type 'never'.
src/pages/editor/extensionSystem.js(493,20): error TS2322: Type 'string' is not assignable to type 'never'.
src/pages/editor/extensionSystem.js(493,28): error TS2322: Type 'string' is not assignable to type 'never'.
src/pages/editor/extensionSystem.js(494,20): error TS2322: Type 'string' is not assignable to type 'never'.
src/pages/editor/extensionSystem.js(494,35): error TS2322: Type 'string' is not assignable to type 'never'.
src/pages/editor/extensionSystem.js(494,55): error TS2322: Type 'string' is not assignable to type 'never'.
src/pages/editor/extensionSystem.js(495,24): error TS2322: Type 'string' is not assignable to type 'never'.
src/pages/editor/extensionSystem.js(495,43): error TS2322: Type 'string' is not assignable to type 'never'.
src/pages/editor/extensionSystem.js(519,12): error TS2322: Type 'string' is not assignable to type 'never'.
src/pages/editor/extensionSystem.js(519,29): error TS2322: Type 'string' is not assignable to type 'never'.
src/pages/editor/extensionSystem.js(519,40): error TS2322: Type 'string' is not assignable to type 'never'.
src/pages/editor/extensionSystem.js(520,20): error TS2322: Type 'string' is not assignable to type 'never'.
src/pages/editor/extensionSystem.js(520,38): error TS2322: Type 'string' is not assignable to type 'never'.
src/pages/editor/extensionSystem.js(520,57): error TS2322: Type 'string' is not assignable to type 'never'.
src/pages/editor/extensionSystem.js(521,24): error TS2322: Type 'string' is not assignable to type 'never'.
src/pages/editor/extensionSystem.js(543,12): error TS2322: Type 'string' is not assignable to type 'never'.
src/pages/editor/extensionSystem.js(543,24): error TS2322: Type 'string' is not assignable to type 'never'.
src/pages/editor/extensionSystem.js(543,34): error TS2322: Type 'string' is not assignable to type 'never'.
src/pages/editor/extensionSystem.js(544,20): error TS2322: Type 'string' is not assignable to type 'never'.
src/pages/editor/extensionSystem.js(544,38): error TS2322: Type 'string' is not assignable to type 'never'.
src/pages/editor/extensionSystem.js(545,24): error TS2322: Type 'string' is not assignable to type 'never'.
src/pages/editor/extensionSystem.js(545,49): error TS2322: Type 'string' is not assignable to type 'never'.
src/pages/editor/extensionSystem.js(545,74): error TS2322: Type 'string' is not assignable to type 'never'.
src/pages/editor/extensionSystem.js(569,12): error TS2322: Type 'string' is not assignable to type 'never'.
src/pages/editor/extensionSystem.js(569,24): error TS2322: Type 'string' is not assignable to type 'never'.
src/pages/editor/extensionSystem.js(569,35): error TS2322: Type 'string' is not assignable to type 'never'.
src/pages/editor/extensionSystem.js(570,20): error TS2322: Type 'string' is not assignable to type 'never'.
src/pages/editor/extensionSystem.js(570,44): error TS2322: Type 'string' is not assignable to type 'never'.
src/pages/editor/extensionSystem.js(570,60): error TS2322: Type 'string' is not assignable to type 'never'.
src/pages/editor/extensionSystem.js(571,24): error TS2322: Type 'string' is not assignable to type 'never'.
src/pages/editor/extensionSystem.js(571,47): error TS2322: Type 'string' is not assignable to type 'never'.
src/pages/editor/extensionSystem.js(571,72): error TS2322: Type 'string' is not assignable to type 'never'.
src/pages/editor/extensionSystem.js(595,12): error TS2322: Type 'string' is not assignable to type 'never'.
src/pages/editor/extensionSystem.js(595,24): error TS2322: Type 'string' is not assignable to type 'never'.
src/pages/editor/extensionSystem.js(595,33): error TS2322: Type 'string' is not assignable to type 'never'.
src/pages/editor/extensionSystem.js(596,20): error TS2322: Type 'string' is not assignable to type 'never'.
src/pages/editor/extensionSystem.js(596,43): error TS2322: Type 'string' is not assignable to type 'never'.
src/pages/editor/extensionSystem.js(596,68): error TS2322: Type 'string' is not assignable to type 'never'.
src/pages/editor/extensionSystem.js(597,24): error TS2322: Type 'string' is not assignable to type 'never'.
src/pages/editor/extensionSystem.js(597,63): error TS2322: Type 'string' is not assignable to type 'never'.
src/pages/editor/extensionSystem.js(611,26): error TS7006: Parameter 'key' implicitly has an 'any' type.
src/pages/editor/extensionSystem.js(622,27): error TS7006: Parameter 'key' implicitly has an 'any' type.
src/pages/editor/extensionSystem.js(622,32): error TS7006: Parameter 'value' implicitly has an 'any' type.
src/pages/editor/extensionSystem.js(645,41): error TS7006: Parameter 'extension' implicitly has an 'any' type.
src/pages/editor/extensionSystem.js(646,45): error TS7006: Parameter 'summary' implicitly has an 'any' type.
src/pages/editor/extensionSystem.js(649,29): error TS7006: Parameter 'extension' implicitly has an 'any' type.
src/pages/editor/extensionSystem.js(649,40): error TS7006: Parameter 'raw' implicitly has an 'any' type.
src/pages/editor/extensionSystem.js(655,34): error TS7006: Parameter 'extension' implicitly has an 'any' type.
src/pages/editor/extensionSystem.js(655,45): error TS7006: Parameter 'raw' implicitly has an 'any' type.
src/pages/editor/extensionSystem.js(655,50): error TS7006: Parameter 'installed' implicitly has an 'any' type.
src/pages/editor/extensionSystem.js(655,61): error TS7006: Parameter 'enabled' implicitly has an 'any' type.
src/pages/editor/extensionSystem.js(655,70): error TS7006: Parameter 'requestedEnabled' implicitly has an 'any' type.
src/pages/editor/extensionSystem.js(667,5): error TS7053: Element implicitly has an 'any' type because expression of type 'string' can't be used to index type '{}'.
  No index signature with a parameter of type 'string' was found on type '{}'.
src/pages/editor/extensionSystem.js(682,25): error TS7006: Parameter 'rawRecord' implicitly has an 'any' type.
src/pages/editor/extensionSystem.js(688,31): error TS7006: Parameter 'extension' implicitly has an 'any' type.
src/pages/editor/extensionSystem.js(688,42): error TS7006: Parameter 'rawRecord' implicitly has an 'any' type.
src/pages/editor/extensionSystem.js(712,33): error TS7006: Parameter 'id' implicitly has an 'any' type.
src/pages/editor/extensionSystem.js(712,37): error TS7006: Parameter 'rawRecord' implicitly has an 'any' type.
src/pages/editor/extensionSystem.js(712,48): error TS7006: Parameter 'diagnostics' implicitly has an 'any' type.
src/pages/editor/extensionSystem.js(712,61): error TS7006: Parameter 'registrySource' implicitly has an 'any' type.
src/pages/editor/extensionSystem.js(743,29): error TS7006: Parameter 'rawRecords' implicitly has an 'any' type.
src/pages/editor/extensionSystem.js(743,41): error TS7006: Parameter 'registrySource' implicitly has an 'any' type.
src/pages/editor/extensionSystem.js(743,57): error TS7006: Parameter 'diagnostics' implicitly has an 'any' type.
src/pages/editor/extensionSystem.js(750,7): error TS7053: Element implicitly has an 'any' type because expression of type 'string' can't be used to index type '{}'.
  No index signature with a parameter of type 'string' was found on type '{}'.
src/pages/editor/extensionSystem.js(755,24): error TS7053: Element implicitly has an 'any' type because expression of type 'string' can't be used to index type '{}'.
  No index signature with a parameter of type 'string' was found on type '{}'.
src/pages/editor/extensionSystem.js(761,29): error TS7006: Parameter 'ids' implicitly has an 'any' type.
src/pages/editor/extensionSystem.js(761,34): error TS7006: Parameter 'registrySource' implicitly has an 'any' type.
src/pages/editor/extensionSystem.js(761,50): error TS7006: Parameter 'diagnostics' implicitly has an 'any' type.
src/pages/editor/extensionSystem.js(767,7): error TS7053: Element implicitly has an 'any' type because expression of type 'any' can't be used to index type '{}'.
src/pages/editor/extensionSystem.js(779,24): error TS7053: Element implicitly has an 'any' type because expression of type 'any' can't be used to index type '{}'.
src/pages/editor/extensionSystem.js(785,35): error TS7006: Parameter 'value' implicitly has an 'any' type.
src/pages/editor/extensionSystem.js(785,42): error TS7006: Parameter 'registrySource' implicitly has an 'any' type.
src/pages/editor/extensionSystem.js(785,58): error TS7006: Parameter 'diagnostics' implicitly has an 'any' type.
src/pages/editor/extensionSystem.js(785,71): error TS7006: Parameter 'migrations' implicitly has an 'any' type.
src/pages/editor/extensionSystem.js(813,12): error TS7053: Element implicitly has an 'any' type because expression of type 'string' can't be used to index type '{}'.
  No index signature with a parameter of type 'string' was found on type '{}'.
src/pages/editor/extensionSystem.js(814,7): error TS7053: Element implicitly has an 'any' type because expression of type 'string' can't be used to index type '{}'.
  No index signature with a parameter of type 'string' was found on type '{}'.
src/pages/editor/extensionSystem.js(815,12): error TS7053: Element implicitly has an 'any' type because expression of type 'string' can't be used to index type '{}'.
  No index signature with a parameter of type 'string' was found on type '{}'.
src/pages/editor/extensionSystem.js(865,9): error TS7034: Variable 'diagnostics' implicitly has type 'any[]' in some locations where its type cannot be determined.
src/pages/editor/extensionSystem.js(866,9): error TS7034: Variable 'migrations' implicitly has type 'any[]' in some locations where its type cannot be determined.
src/pages/editor/extensionSystem.js(880,7): error TS7005: Variable 'migrations' implicitly has an 'any[]' type.
src/pages/editor/extensionSystem.js(899,85): error TS7005: Variable 'diagnostics' implicitly has an 'any[]' type.
src/pages/editor/extensionSystem.js(899,98): error TS7005: Variable 'migrations' implicitly has an 'any[]' type.
src/pages/editor/extensionSystem.js(903,9): error TS7005: Variable 'diagnostics' implicitly has an 'any[]' type.
src/pages/editor/extensionSystem.js(904,9): error TS7005: Variable 'migrations' implicitly has an 'any[]' type.
src/pages/editor/extensionSystem.js(928,7): error TS7005: Variable 'migrations' implicitly has an 'any[]' type.
src/pages/editor/extensionSystem.js(934,9): error TS7005: Variable 'migrations' implicitly has an 'any[]' type.
src/pages/editor/extensionSystem.js(948,5): error TS7005: Variable 'migrations' implicitly has an 'any[]' type.
src/pages/editor/extensionSystem.js(960,34): error TS7006: Parameter 'records' implicitly has an 'any' type.
src/pages/editor/extensionSystem.js(965,39): error TS7006: Parameter 'records' implicitly has an 'any' type.
src/pages/editor/extensionSystem.js(993,42): error TS7006: Parameter 'records' implicitly has an 'any' type.
src/pages/editor/extensionSystem.js(999,40): error TS7006: Parameter 'records' implicitly has an 'any' type.
src/pages/editor/extensionSystem.js(1005,41): error TS7006: Parameter 'id' implicitly has an 'any' type.
src/pages/editor/extensionSystem.js(1005,45): error TS7006: Parameter 'record' implicitly has an 'any' type.
src/pages/editor/extensionSystem.js(1072,35): error TS7006: Parameter 'records' implicitly has an 'any' type.
src/pages/editor/extensionSystem.js(1082,7): error TS18048: 'categoryInfo' is possibly 'undefined'.
src/pages/editor/extensionSystem.js(1083,7): error TS18048: 'categoryInfo' is possibly 'undefined'.
src/pages/editor/extensionSystem.js(1124,3): error TS7006: Parameter 'extensions' implicitly has an 'any' type.
src/pages/editor/extensionSystem.js(1128,29): error TS7006: Parameter 'extension' implicitly has an 'any' type.
src/pages/editor/extensionSystem.js(1149,35): error TS7006: Parameter 'records' implicitly has an 'any' type.
src/pages/editor/extensionSystem.js(1173,29): error TS2339: Property 'commands' does not exist on type '{}'.
src/pages/editor/extensionSystem.js(1174,26): error TS2339: Property 'views' does not exist on type '{}'.
src/pages/editor/extensionSystem.js(1175,30): error TS2339: Property 'languages' does not exist on type '{}'.
src/pages/editor/extensionSystem.js(1176,27): error TS2339: Property 'themes' does not exist on type '{}'.
src/pages/editor/extensionSystem.js(1177,32): error TS2339: Property 'keybindings' does not exist on type '{}'.
src/pages/editor/extensionSystem.js(1178,29): error TS2339: Property 'snippets' does not exist on type '{}'.
src/pages/editor/extensionSystem.js(1183,34): error TS7006: Parameter 'records' implicitly has an 'any' type.
src/pages/editor/extensionSystem.js(1183,43): error TS7006: Parameter 'extensionId' implicitly has an 'any' type.
src/pages/editor/extensionSystem.js(1200,36): error TS7006: Parameter 'records' implicitly has an 'any' type.
src/pages/editor/extensionSystem.js(1200,45): error TS7006: Parameter 'extensionId' implicitly has an 'any' type.
src/pages/editor/extensionSystem.js(1226,37): error TS7006: Parameter 'records' implicitly has an 'any' type.
src/pages/editor/extensionSystem.js(1226,46): error TS7006: Parameter 'extensionId' implicitly has an 'any' type.
src/pages/editor/extensionSystem.js(1226,59): error TS7006: Parameter 'enabled' implicitly has an 'any' type.
src/pages/editor/extensionSystem.js(1243,47): error TS7006: Parameter 'records' implicitly has an 'any' type.
src/pages/editor/extensionSystem.js(1251,7): error TS7053: Element implicitly has an 'any' type because expression of type 'string' can't be used to index type '{}'.
  No index signature with a parameter of type 'string' was found on type '{}'.
src/pages/editor/extensionSystem.js(1252,7): error TS7053: Element implicitly has an 'any' type because expression of type 'string' can't be used to index type '{}'.
  No index signature with a parameter of type 'string' was found on type '{}'.
src/pages/editor/extensionSystem.js(1264,44): error TS7006: Parameter 'point' implicitly has an 'any' type.
src/pages/editor/extensionSystem.js(1264,51): error TS7006: Parameter 'entry' implicitly has an 'any' type.
src/pages/editor/extensionSystem.js(1283,43): error TS7006: Parameter 'contributions' implicitly has an 'any' type.
src/pages/editor/extensionSystem.js(1285,5): error TS7053: Element implicitly has an 'any' type because expression of type 'string' can't be used to index type '{}'.
  No index signature with a parameter of type 'string' was found on type '{}'.
src/pages/editor/extensionSystem.js(1285,56): error TS7006: Parameter 'entry' implicitly has an 'any' type.
src/pages/editor/extensionSystem.js(1292,45): error TS7006: Parameter 'records' implicitly has an 'any' type.
src/pages/editor/extensionSystem.js(1294,58): error TS2339: Property 'themes' does not exist on type '{}'.
src/pages/editor/extensionSystem.js(1297,47): error TS7006: Parameter 'records' implicitly has an 'any' type.
src/pages/editor/extensionSystem.js(1299,65): error TS2339: Property 'themes' does not exist on type '{ [k: string]: any[]; } | {}'.
  Property 'themes' does not exist on type '{}'.
src/pages/editor/extensionSystem.js(1301,29): error TS2339: Property 'themes' does not exist on type '{ [k: string]: any[]; } | {}'.
  Property 'themes' does not exist on type '{}'.
src/pages/editor/extensionSystem.js(1301,41): error TS7006: Parameter 'themeEntry' implicitly has an 'any' type.
src/pages/editor/extensionSystem.js(1347,54): error TS7006: Parameter 'records' implicitly has an 'any' type.
src/pages/editor/extensionSystem.js(1349,25): error TS2339: Property 'commands' does not exist on type '{}'.
src/pages/editor/extensionSystem.js(1349,46): error TS7006: Parameter 'entry' implicitly has an 'any' type.
src/pages/editor/extensionSystem.js(1349,53): error TS7006: Parameter 'index' implicitly has an 'any' type.
src/pages/editor/extensionSystem.js(1375,48): error TS7006: Parameter 'records' implicitly has an 'any' type.
src/pages/editor/extensionSystem.js(1391,7): error TS7053: Element implicitly has an 'any' type because expression of type 'string' can't be used to index type '{}'.
  No index signature with a parameter of type 'string' was found on type '{}'.
src/pages/editor/extensionSystem.js(1392,7): error TS7053: Element implicitly has an 'any' type because expression of type 'string' can't be used to index type '{}'.
  No index signature with a parameter of type 'string' was found on type '{}'.
src/pages/editor/extensionSystem.js(1399,45): error TS7006: Parameter 'records' implicitly has an 'any' type.
src/pages/editor/extensionSystem.js(1404,21): error TS7053: Element implicitly has an 'any' type because expression of type 'string' can't be used to index type '{}'.
  No index signature with a parameter of type 'string' was found on type '{}'.
src/pages/editor/extensionSystem.js(1405,53): error TS7006: Parameter 'entry' implicitly has an 'any' type.
src/pages/editor/extensionSystem.js(1411,27): error TS7006: Parameter 'entry' implicitly has an 'any' type.
src/pages/editor/extensionSystem.js(1419,33): error TS2339: Property 'themes' does not exist on type '{}'.
src/pages/editor/extensionSystem.js(1420,35): error TS2339: Property 'commands' does not exist on type '{}'.
src/pages/editor/extensionSystem.js(1421,38): error TS2339: Property 'keybindings' does not exist on type '{}'.
src/pages/editor/extensionSystem.js(1422,36): error TS2339: Property 'languages' does not exist on type '{}'.
src/pages/editor/extensionSystem.js(1428,48): error TS7006: Parameter 'records' implicitly has an 'any' type.
src/pages/editor/extensionSystem.js(1458,22): error TS7006: Parameter 'entry' implicitly has an 'any' type.
src/pages/editor/extensionSystem.js(1471,44): error TS7006: Parameter 'records' implicitly has an 'any' type.
src/pages/editor/featureModel/commands.js(474,36): error TS7006: Parameter 'value' implicitly has an 'any' type.
src/pages/editor/featureModel/commands.js(485,42): error TS7006: Parameter 'command' implicitly has an 'any' type.
src/pages/editor/featureModel/commands.js(487,10): error TS7053: Element implicitly has an 'any' type because expression of type 'any' can't be used to index type 'Readonly<{ file: Readonly<{ id: "file"; label: "Files"; description: "Dateien und Workspaces"; tone: "cyan"; }>; navigation: Readonly<{ id: "navigation"; label: "Search & Navigation"; description: "Dateien, Symbole und Fokus finden"; tone: "sky"; }>; ... 6 more ...; preferences: Readonly<...>; }>'.
src/pages/editor/featureModel/commands.js(490,40): error TS7006: Parameter 'command' implicitly has an 'any' type.
src/pages/editor/featureModel/commands.js(511,45): error TS7006: Parameter 'extensionCommands' implicitly has an 'any[]' type.
src/pages/editor/featureModel/completionCatalog.js(102,31): error TS7006: Parameter 'items' implicitly has an 'any' type.
src/pages/editor/featureModel/completionCatalog.js(103,35): error TS7006: Parameter 'item' implicitly has an 'any' type.
src/pages/editor/featureModel/completionCatalog.js(106,25): error TS7006: Parameter 'summary' implicitly has an 'any' type.
src/pages/editor/featureModel/completionCatalog.js(110,28): error TS7006: Parameter 'label' implicitly has an 'any' type.
src/pages/editor/featureModel/completionCatalog.js(110,35): error TS7006: Parameter 'detail' implicitly has an 'any' type.
src/pages/editor/featureModel/completionCatalog.js(122,25): error TS7006: Parameter 'label' implicitly has an 'any' type.
src/pages/editor/featureModel/completionCatalog.js(122,32): error TS7006: Parameter 'detail' implicitly has an 'any' type.
src/pages/editor/featureModel/completionCatalog.js(134,22): error TS7006: Parameter 'label' implicitly has an 'any' type.
src/pages/editor/featureModel/completionCatalog.js(134,29): error TS7006: Parameter 'detail' implicitly has an 'any' type.
src/pages/editor/featureModel/completionCatalog.js(134,37): error TS7006: Parameter 'template' implicitly has an 'any' type.
src/pages/editor/featureModel/completionCatalog.js(134,47): error TS7006: Parameter 'boost' implicitly has an 'any' type.
src/pages/editor/featureModel/completionCatalog.js(134,54): error TS7006: Parameter 'info' implicitly has an 'any' type.
src/pages/editor/featureModel/completionCatalog.js(147,27): error TS7006: Parameter 'label' implicitly has an 'any' type.
src/pages/editor/featureModel/completionCatalog.js(147,34): error TS7006: Parameter 'detail' implicitly has an 'any' type.
src/pages/editor/featureModel/completionCatalog.js(147,42): error TS7006: Parameter 'template' implicitly has an 'any' type.
src/pages/editor/featureModel/completionCatalog.js(147,52): error TS7006: Parameter 'boost' implicitly has an 'any' type.
src/pages/editor/featureModel/completionCatalog.js(147,59): error TS7006: Parameter 'info' implicitly has an 'any' type.
src/pages/editor/featureModel/completions.js(30,26): error TS7006: Parameter 'value' implicitly has an 'any' type.
src/pages/editor/featureModel/completions.js(36,25): error TS7006: Parameter 'kind' implicitly has an 'any' type.
src/pages/editor/featureModel/completions.js(37,10): error TS7053: Element implicitly has an 'any' type because expression of type 'number' can't be used to index type 'Readonly<{ 1: "text"; 2: "method"; 3: "function"; 4: "function"; 5: "variable"; 6: "variable"; 7: "class"; 8: "interface"; 9: "namespace"; 10: "property"; 11: "property"; 12: "function"; 13: "variable"; 14: "keyword"; ... 10 more ...; 25: "type"; }>'.
  No index signature with a parameter of type 'number' was found on type 'Readonly<{ 1: "text"; 2: "method"; 3: "function"; 4: "function"; 5: "variable"; 6: "variable"; 7: "class"; 8: "interface"; 9: "namespace"; 10: "property"; 11: "property"; 12: "function"; 13: "variable"; 14: "keyword"; ... 10 more ...; 25: "type"; }>'.
src/pages/editor/featureModel/completions.js(40,29): error TS7006: Parameter 'kind' implicitly has an 'any' type.
src/pages/editor/featureModel/completions.js(41,10): error TS7053: Element implicitly has an 'any' type because expression of type 'number' can't be used to index type 'Readonly<{ 1: "Text"; 2: "Method"; 3: "Function"; 4: "Constructor"; 5: "Field"; 6: "Variable"; 7: "Class"; 8: "Interface"; 9: "Module"; 10: "Property"; 11: "Unit"; 12: "Value"; 13: "Enum"; 14: "Keyword"; 15: "Snippet"; ... 9 more ...; 25: "Type parameter"; }>'.
  No index signature with a parameter of type 'number' was found on type 'Readonly<{ 1: "Text"; 2: "Method"; 3: "Function"; 4: "Constructor"; 5: "Field"; 6: "Variable"; 7: "Class"; 8: "Interface"; 9: "Module"; 10: "Property"; 11: "Unit"; 12: "Value"; 13: "Enum"; 14: "Keyword"; 15: "Snippet"; ... 9 more ...; 25: "Type parameter"; }>'.
src/pages/editor/featureModel/completions.js(44,33): error TS7006: Parameter 'options' implicitly has an 'any' type.
src/pages/editor/featureModel/completions.js(61,40): error TS7006: Parameter 'itemCount' implicitly has an 'any' type.
src/pages/editor/featureModel/completions.js(61,51): error TS7006: Parameter 'maxItems' implicitly has an 'any' type.
src/pages/editor/featureModel/completions.js(66,35): error TS7006: Parameter 'item' implicitly has an 'any' type.
src/pages/editor/featureModel/completions.js(72,44): error TS7006: Parameter 'languageId' implicitly has an 'any' type.
src/pages/editor/featureModel/completions.js(76,36): error TS7006: Parameter 'languageId' implicitly has an 'any' type.
src/pages/editor/featureModel/completions.js(90,29): error TS7006: Parameter 'context' implicitly has an 'any' type.
src/pages/editor/featureModel/completions.js(90,38): error TS7006: Parameter 'languageId' implicitly has an 'any' type.
src/pages/editor/featureModel/completions.js(94,43): error TS7006: Parameter 'options' implicitly has an 'any' type.
src/pages/editor/featureModel/completions.js(100,36): error TS7006: Parameter 'context' implicitly has an 'any' type.
src/pages/editor/featureModel/completions.js(100,45): error TS7006: Parameter 'languageId' implicitly has an 'any' type.
src/pages/editor/featureModel/completions.js(100,57): error TS7006: Parameter 'match' implicitly has an 'any' type.
src/pages/editor/featureModel/completions.js(129,37): error TS7006: Parameter 'languageId' implicitly has an 'any' type.
src/pages/editor/featureModel/completions.js(130,10): error TS7053: Element implicitly has an 'any' type because expression of type 'any' can't be used to index type 'Readonly<{ javascript: any; typescript: any; python: any; rust: any; go: any; c: any; cpp: any; csharp: any; "objective-c": any; java: any; kotlin: any; scala: any; php: any; css: any; scss: any; less: any; html: any; vue: any; ... 13 more ...; dockerfile: any; }>'.
src/pages/editor/featureModel/completions.js(133,30): error TS7006: Parameter 'item' implicitly has an 'any' type.
src/pages/editor/featureModel/completions.js(152,38): error TS7006: Parameter 'context' implicitly has an 'any' type.
src/pages/editor/featureModel/completions.js(152,47): error TS7006: Parameter 'languageId' implicitly has an 'any' type.
src/pages/editor/featureModel/completions.js(170,30): error TS7006: Parameter 'option' implicitly has an 'any' type.
src/pages/editor/featureModel/completions.js(174,35): error TS7006: Parameter 'label' implicitly has an 'any' type.
src/pages/editor/featureModel/completions.js(183,34): error TS7006: Parameter 'option' implicitly has an 'any' type.
src/pages/editor/featureModel/completions.js(190,38): error TS7006: Parameter 'label' implicitly has an 'any' type.
src/pages/editor/featureModel/completions.js(190,45): error TS7006: Parameter 'prefix' implicitly has an 'any' type.
src/pages/editor/featureModel/completions.js(204,41): error TS7006: Parameter 'label' implicitly has an 'any' type.
src/pages/editor/featureModel/completions.js(204,48): error TS7006: Parameter 'prefix' implicitly has an 'any' type.
src/pages/editor/featureModel/completions.js(212,36): error TS7006: Parameter 'option' implicitly has an 'any' type.
src/pages/editor/featureModel/completions.js(232,34): error TS7006: Parameter 'matchQuality' implicitly has an 'any' type.
src/pages/editor/featureModel/completions.js(240,35): error TS7006: Parameter 'option' implicitly has an 'any' type.
src/pages/editor/featureModel/completions.js(240,43): error TS7006: Parameter 'rankContext' implicitly has an 'any' type.
src/pages/editor/featureModel/completions.js(270,35): error TS7006: Parameter 'option' implicitly has an 'any' type.
src/pages/editor/featureModel/completions.js(270,43): error TS7006: Parameter 'rankContext' implicitly has an 'any' type.
src/pages/editor/featureModel/completions.js(277,31): error TS7006: Parameter 'option' implicitly has an 'any' type.
src/pages/editor/featureModel/completions.js(298,30): error TS7006: Parameter 'option' implicitly has an 'any' type.
src/pages/editor/featureModel/completions.js(303,36): error TS7006: Parameter 'left' implicitly has an 'any' type.
src/pages/editor/featureModel/completions.js(303,42): error TS7006: Parameter 'right' implicitly has an 'any' type.
src/pages/editor/featureModel/completions.js(303,49): error TS7006: Parameter 'rankContext' implicitly has an 'any' type.
src/pages/editor/featureModel/completions.js(304,27): error TS7006: Parameter 'option' implicitly has an 'any' type.
src/pages/editor/featureModel/completions.js(324,33): error TS7006: Parameter 'optionGroups' implicitly has an 'any' type.
src/pages/editor/featureModel/completions.js(326,48): error TS7006: Parameter 'option' implicitly has an 'any' type.
src/pages/editor/featureModel/completions.js(348,36): error TS7006: Parameter 'context' implicitly has an 'any' type.
src/pages/editor/featureModel/completions.js(364,30): error TS7006: Parameter 'context' implicitly has an 'any' type.
src/pages/editor/featureModel/completions.js(364,39): error TS7006: Parameter 'languageId' implicitly has an 'any' type.
src/pages/editor/featureModel/completions.js(369,41): error TS7006: Parameter 'word' implicitly has an 'any' type.
src/pages/editor/featureModel/completions.js(369,47): error TS7006: Parameter 'prefix' implicitly has an 'any' type.
src/pages/editor/featureModel/completions.js(381,34): error TS7006: Parameter 'entry' implicitly has an 'any' type.
src/pages/editor/featureModel/completions.js(381,41): error TS7006: Parameter 'prefix' implicitly has an 'any' type.
src/pages/editor/featureModel/completions.js(381,49): error TS7006: Parameter 'index' implicitly has an 'any' type.
src/pages/editor/featureModel/completions.js(398,41): error TS7006: Parameter 'context' implicitly has an 'any' type.
src/pages/editor/featureModel/completions.js(398,50): error TS7006: Parameter 'languageId' implicitly has an 'any' type.
src/pages/editor/featureModel/completions.js(405,13): error TS2339: Property 'maxLocalCompletionChars' does not exist on type '{}'.
src/pages/editor/featureModel/completions.js(433,33): error TS2339: Property 'maxLocalCompletionItems' does not exist on type '{}'.
src/pages/editor/featureModel/completions.js(461,32): error TS7006: Parameter 'item' implicitly has an 'any' type.
src/pages/editor/featureModel/completions.js(461,38): error TS7006: Parameter 'label' implicitly has an 'any' type.
src/pages/editor/featureModel/completions.js(466,31): error TS7006: Parameter 'view' implicitly has an 'any' type.
src/pages/editor/featureModel/completions.js(466,37): error TS7006: Parameter 'completion' implicitly has an 'any' type.
src/pages/editor/featureModel/completions.js(466,49): error TS7006: Parameter 'from' implicitly has an 'any' type.
src/pages/editor/featureModel/completions.js(466,55): error TS7006: Parameter 'to' implicitly has an 'any' type.
src/pages/editor/featureModel/completions.js(466,59): error TS7006: Parameter 'insertText' implicitly has an 'any' type.
src/pages/editor/featureModel/completions.js(475,34): error TS7006: Parameter 'item' implicitly has an 'any' type.
src/pages/editor/featureModel/completions.js(475,40): error TS7006: Parameter 'insertText' implicitly has an 'any' type.
src/pages/editor/featureModel/completions.js(481,11): error TS7006: Parameter 'view' implicitly has an 'any' type.
src/pages/editor/featureModel/completions.js(481,17): error TS7006: Parameter 'completion' implicitly has an 'any' type.
src/pages/editor/featureModel/completions.js(481,29): error TS7006: Parameter 'from' implicitly has an 'any' type.
src/pages/editor/featureModel/completions.js(481,35): error TS7006: Parameter 'to' implicitly has an 'any' type.
src/pages/editor/featureModel/completions.js(504,29): error TS7006: Parameter 'item' implicitly has an 'any' type.
src/pages/editor/featureModel/completions.js(504,35): error TS7006: Parameter 'index' implicitly has an 'any' type.
src/pages/editor/featureModel/completions.js(522,37): error TS7006: Parameter 'item' implicitly has an 'any' type.
src/pages/editor/featureModel/completions.js(529,36): error TS7006: Parameter 'item' implicitly has an 'any' type.
src/pages/editor/featureModel/completions.js(539,36): error TS7006: Parameter 'item' implicitly has an 'any' type.
src/pages/editor/featureModel/completions.js(539,42): error TS7006: Parameter 'kindDetail' implicitly has an 'any' type.
src/pages/editor/featureModel/completions.js(556,34): error TS7006: Parameter 'item' implicitly has an 'any' type.
src/pages/editor/featureModel/completions.js(556,40): error TS7006: Parameter 'kindDetail' implicitly has an 'any' type.
src/pages/editor/featureModel/completions.js(556,52): error TS7006: Parameter 'documentation' implicitly has an 'any' type.
src/pages/editor/featureModel/completions.js(556,67): error TS7006: Parameter 'insertText' implicitly has an 'any' type.
src/pages/editor/featureModel/completions.js(569,42): error TS7006: Parameter 'context' implicitly has an 'any' type.
src/pages/editor/featureModel/completions.js(569,51): error TS7006: Parameter 'languageId' implicitly has an 'any' type.
src/pages/editor/featureModel/completions.js(578,13): error TS2339: Property 'languageHints' does not exist on type '{}'.
src/pages/editor/featureModel/completions.js(581,20): error TS7006: Parameter 'item' implicitly has an 'any' type.
src/pages/editor/featureModel/completions.js(581,37): error TS2339: Property 'snippets' does not exist on type '{}'.
src/pages/editor/featureModel/completions.js(583,29): error TS2339: Property 'lowPowerMode' does not exist on type '{}'.
src/pages/editor/featureModel/completions.js(585,13): error TS2339: Property 'localWords' does not exist on type '{}'.
src/pages/editor/featureModel/completions.js(597,70): error TS2345: Argument of type 'Readonly<{ prefix: ""; normalizedPrefix: ""; explicit: false; }> | { prefix: string; normalizedPrefix: string; explicit: boolean; }' is not assignable to parameter of type 'Readonly<{ prefix: ""; normalizedPrefix: ""; explicit: false; }> | undefined'.
  Type '{ prefix: string; normalizedPrefix: string; explicit: boolean; }' is not assignable to type 'Readonly<{ prefix: ""; normalizedPrefix: ""; explicit: false; }>'.
    Types of property 'prefix' are incompatible.
      Type 'string' is not assignable to type '""'.
src/pages/editor/featureModel/completions.js(605,44): error TS7006: Parameter 'context' implicitly has an 'any' type.
src/pages/editor/featureModel/completions.js(614,44): error TS7006: Parameter 'context' implicitly has an 'any' type.
src/pages/editor/featureModel/completions.js(614,53): error TS7006: Parameter 'completionList' implicitly has an 'any' type.
src/pages/editor/featureModel/completions.js(614,69): error TS7006: Parameter 'snippetResult' implicitly has an 'any' type.
src/pages/editor/featureModel/completions.js(617,82): error TS2339: Property 'languageId' does not exist on type 'object'.
src/pages/editor/featureModel/completions.js(624,53): error TS7006: Parameter 'item' implicitly has an 'any' type.
src/pages/editor/featureModel/completions.js(624,59): error TS7006: Parameter 'index' implicitly has an 'any' type.
src/pages/editor/featureModel/completions.js(659,65): error TS2345: Argument of type 'Readonly<{ prefix: ""; normalizedPrefix: ""; explicit: false; }> | { prefix: string; normalizedPrefix: string; explicit: boolean; }' is not assignable to parameter of type 'Readonly<{ prefix: ""; normalizedPrefix: ""; explicit: false; }> | undefined'.
  Type '{ prefix: string; normalizedPrefix: string; explicit: boolean; }' is not assignable to type 'Readonly<{ prefix: ""; normalizedPrefix: ""; explicit: false; }>'.
    Types of property 'prefix' are incompatible.
      Type 'string' is not assignable to type '""'.
src/pages/editor/featureModel/diagnostics.js(5,46): error TS7006: Parameter 'severity' implicitly has an 'any' type.
src/pages/editor/featureModel/diagnostics.js(12,38): error TS7006: Parameter 'problem' implicitly has an 'any' type.
src/pages/editor/featureModel/diagnostics.js(19,36): error TS7006: Parameter 'problem' implicitly has an 'any' type.
src/pages/editor/featureModel/diagnostics.js(25,31): error TS7006: Parameter 'problem' implicitly has an 'any' type.
src/pages/editor/featureModel/diagnostics.js(38,37): error TS7006: Parameter 'problem' implicitly has an 'any' type.
src/pages/editor/featureModel/diagnostics.js(38,46): error TS7006: Parameter 'query' implicitly has an 'any' type.
src/pages/editor/featureModel/diagnostics.js(52,33): error TS7006: Parameter 'diagnostic' implicitly has an 'any' type.
src/pages/editor/featureModel/diagnostics.js(82,37): error TS7006: Parameter 'summary' implicitly has an 'any' type.
src/pages/editor/featureModel/diagnostics.js(95,44): error TS7006: Parameter 'diagnostics' implicitly has an 'any' type.
src/pages/editor/featureModel/diagnostics.js(96,27): error TS2339: Property 'enabled' does not exist on type '{}'.
src/pages/editor/featureModel/diagnostics.js(139,41): error TS7006: Parameter 'diagnostics' implicitly has an 'any' type.
src/pages/editor/featureModel/diagnostics.js(139,54): error TS7006: Parameter 'enabled' implicitly has an 'any' type.
src/pages/editor/featureModel/diagnostics.js(170,42): error TS7006: Parameter 'diagnostics' implicitly has an 'any' type.
src/pages/editor/featureModel/diagnostics.js(170,55): error TS7006: Parameter 'resource' implicitly has an 'any' type.
src/pages/editor/featureModel/diagnostics.js(171,49): error TS7006: Parameter 'diagnostic' implicitly has an 'any' type.
src/pages/editor/featureModel/diagnostics.js(171,61): error TS7006: Parameter 'index' implicitly has an 'any' type.
src/pages/editor/featureModel/diagnostics.js(201,44): error TS7006: Parameter 'diagnostics' implicitly has an 'any' type.
src/pages/editor/featureModel/diagnostics.js(201,57): error TS7006: Parameter 'view' implicitly has an 'any' type.
src/pages/editor/featureModel/diagnostics.js(204,49): error TS7006: Parameter 'diagnostic' implicitly has an 'any' type.
src/pages/editor/featureModel/diagnostics.js(229,42): error TS7006: Parameter 'diagnostics' implicitly has an 'any' type.
src/pages/editor/featureModel/diagnostics.js(229,55): error TS7006: Parameter 'view' implicitly has an 'any' type.
src/pages/editor/featureModel/diagnostics.js(229,61): error TS7006: Parameter 'pos' implicitly has an 'any' type.
src/pages/editor/featureModel/diagnostics.js(231,14): error TS7006: Parameter 'diagnostic' implicitly has an 'any' type.
src/pages/editor/featureModel/diagnostics.js(232,12): error TS7006: Parameter 'a' implicitly has an 'any' type.
src/pages/editor/featureModel/diagnostics.js(232,15): error TS7006: Parameter 'b' implicitly has an 'any' type.
src/pages/editor/featureModel/editorStatus.js(9,34): error TS7006: Parameter 'state' implicitly has an 'any' type.
src/pages/editor/featureModel/editorStatus.js(26,27): error TS7006: Parameter 'state' implicitly has an 'any' type.
src/pages/editor/featureModel/editorStatus.js(34,27): error TS7006: Parameter 'state' implicitly has an 'any' type.
src/pages/editor/featureModel/editorStatus.js(44,35): error TS7006: Parameter 'editorFallbackReason' implicitly has an 'any' type.
src/pages/editor/featureModel/editorStatus.js(62,50): error TS2339: Property 'languageId' does not exist on type '{}'.
src/pages/editor/featureModel/editorStatus.js(63,33): error TS2339: Property 'languageLabel' does not exist on type '{}'.
src/pages/editor/featureModel/editorStatus.js(64,29): error TS2339: Property 'lspStatus' does not exist on type '{}'.
src/pages/editor/featureModel/editorStatus.js(65,30): error TS2339: Property 'lspEnabled' does not exist on type '{}'.
src/pages/editor/featureModel/editorStatus.js(66,37): error TS2339: Property 'canUseLsp' does not exist on type '{}'.
src/pages/editor/featureModel/editorStatus.js(68,13): error TS2339: Property 'hasWorkspace' does not exist on type '{}'.
src/pages/editor/featureModel/editorStatus.js(68,70): error TS2339: Property 'hasWorkspace' does not exist on type '{}'.
src/pages/editor/featureModel/editorStatus.js(70,13): error TS2339: Property 'hasLspBridge' does not exist on type '{}'.
src/pages/editor/featureModel/editorStatus.js(70,70): error TS2339: Property 'hasLspBridge' does not exist on type '{}'.
src/pages/editor/featureModel/editorStatus.js(72,13): error TS2339: Property 'lspReadyLanguage' does not exist on type '{}'.
src/pages/editor/featureModel/editorStatus.js(74,25): error TS2339: Property 'lspReadyLanguage' does not exist on type '{}'.
src/pages/editor/featureModel/editorStatus.js(75,38): error TS2339: Property 'diagnosticsEnabled' does not exist on type '{}'.
src/pages/editor/featureModel/editorStatus.js(76,55): error TS2339: Property 'diagnostics' does not exist on type '{}'.
src/pages/editor/featureModel/editorStatus.js(84,22): error TS2339: Property 'isLargeFile' does not exist on type '{}'.
src/pages/editor/featureModel/editorStatus.js(102,57): error TS2339: Property 'editorFallbackReason' does not exist on type '{}'.
src/pages/editor/featureModel/editorStatus.js(123,30): error TS7006: Parameter 'value' implicitly has an 'any' type.
src/pages/editor/featureModel/editorStatus.js(130,49): error TS2339: Property 'charCount' does not exist on type '{}'.
src/pages/editor/featureModel/editorStatus.js(130,70): error TS2339: Property 'length' does not exist on type '{}'.
src/pages/editor/featureModel/editorStatus.js(131,49): error TS2339: Property 'lineCount' does not exist on type '{}'.
src/pages/editor/featureModel/editorStatus.js(134,33): error TS2339: Property 'charThreshold' does not exist on type '{}'.
src/pages/editor/featureModel/editorStatus.js(138,33): error TS2339: Property 'hugeCharThreshold' does not exist on type '{}'.
src/pages/editor/featureModel/editorStatus.js(142,33): error TS2339: Property 'lineThreshold' does not exist on type '{}'.
src/pages/editor/featureModel/editorStatus.js(146,33): error TS2339: Property 'hugeLineThreshold' does not exist on type '{}'.
src/pages/editor/featureModel/editorStatus.js(174,15): error TS2339: Property 'selectionMatchMax' does not exist on type '{}'.
src/pages/editor/featureModel/editorStatus.js(175,39): error TS2339: Property 'selectionMatchMax' does not exist on type '{}'.
src/pages/editor/featureModel/editorStatus.js(180,23): error TS2339: Property 'lowPowerMode' does not exist on type '{}'.
src/pages/editor/featureModel/editorStatus.js(190,28): error TS7006: Parameter 'doc' implicitly has an 'any' type.
src/pages/editor/featureModel/editorStatus.js(190,33): error TS7006: Parameter 'position' implicitly has an 'any' type.
src/pages/editor/featureModel/editorStatus.js(202,36): error TS7006: Parameter 'start' implicitly has an 'any' type.
src/pages/editor/featureModel/editorStatus.js(202,43): error TS7006: Parameter 'end' implicitly has an 'any' type.
src/pages/editor/featureModel/editorStatus.js(210,34): error TS7006: Parameter 'range' implicitly has an 'any' type.
src/pages/editor/featureModel/editorStatus.js(218,47): error TS7006: Parameter 'doc' implicitly has an 'any' type.
src/pages/editor/featureModel/editorStatus.js(219,46): error TS2339: Property 'ranges' does not exist on type 'never'.
src/pages/editor/featureModel/editorStatus.js(220,17): error TS2339: Property 'ranges' does not exist on type 'never'.
src/pages/editor/featureModel/editorStatus.js(221,18): error TS2339: Property 'main' does not exist on type 'never'.
src/pages/editor/featureModel/editorStatus.js(222,20): error TS2339: Property 'main' does not exist on type 'never'.
src/pages/editor/featureModel/editorStatus.js(227,51): error TS2339: Property 'main' does not exist on type 'never'.
src/pages/editor/featureModel/editorStatus.js(229,6): error TS7006: Parameter 'total' implicitly has an 'any' type.
src/pages/editor/featureModel/editorStatus.js(229,13): error TS7006: Parameter 'range' implicitly has an 'any' type.
src/pages/editor/featureModel/editorStatus.js(237,32): error TS7006: Parameter 'range' implicitly has an 'any' type.
src/pages/editor/featureModel/editorStatus.js(274,12): error TS7006: Parameter 'position' implicitly has an 'any' type.
src/pages/editor/featureModel/editorStatus.js(285,45): error TS2345: Argument of type '{ main: { anchor: number; head: number; }; ranges: { anchor: number; head: number; }[]; }' is not assignable to parameter of type 'null | undefined'.
src/pages/editor/featureModel/highlightStyle.js(14,23): error TS7006: Parameter 'value' implicitly has an 'any' type.
src/pages/editor/featureModel/highlightStyle.js(14,30): error TS7006: Parameter 'fallback' implicitly has an 'any' type.
src/pages/editor/featureModel/highlightStyle.js(19,25): error TS7006: Parameter 'theme' implicitly has an 'any' type.
src/pages/editor/featureModel/highlightStyle.js(33,44): error TS7006: Parameter 'theme' implicitly has an 'any' type.
src/pages/editor/featureModel/lspMarkup.js(1,30): error TS7006: Parameter 'value' implicitly has an 'any' type.
src/pages/editor/featureModel/lspMarkup.js(10,17): error TS7023: 'readMarkupContent' implicitly has return type 'any' because it does not have a return type annotation and is referenced directly or indirectly in one of its return expressions.
src/pages/editor/featureModel/lspMarkup.js(10,35): error TS7006: Parameter 'value' implicitly has an 'any' type.
src/pages/editor/featureModel/lspMarkup.js(20,12): error TS7024: Function implicitly has return type 'any' because it does not have a return type annotation and is referenced directly or indirectly in one of its return expressions.
src/pages/editor/featureModel/lspMarkup.js(40,31): error TS7006: Parameter 'hover' implicitly has an 'any' type.
src/pages/editor/featureModel/lspStatusActions.js(23,28): error TS7006: Parameter 'value' implicitly has an 'any' type.
src/pages/editor/featureModel/lspStatusActions.js(34,35): error TS7006: Parameter 'label' implicitly has an 'any' type.
src/pages/editor/featureModel/lspStatusActions.js(43,27): error TS7006: Parameter 'state' implicitly has an 'any' type.
src/pages/editor/featureModel/lspStatusActions.js(55,24): error TS7006: Parameter 'languageCapabilities' implicitly has an 'any' type.
src/pages/editor/featureModel/lspStatusActions.js(57,42): error TS2339: Property 'features' does not exist on type 'never'.
src/pages/editor/featureModel/lspStatusActions.js(57,69): error TS2339: Property 'serverFeatures' does not exist on type 'never'.
src/pages/editor/featureModel/lspStatusActions.js(68,28): error TS7006: Parameter 'settings' implicitly has an 'any' type.
src/pages/editor/featureModel/lspStatusActions.js(68,38): error TS7006: Parameter 'key' implicitly has an 'any' type.
src/pages/editor/featureModel/lspStatusActions.js(73,3): error TS7031: Binding element 'hasBridge' implicitly has an 'any' type.
src/pages/editor/featureModel/lspStatusActions.js(74,3): error TS7031: Binding element 'hasWorkspace' implicitly has an 'any' type.
src/pages/editor/featureModel/lspStatusActions.js(75,3): error TS7031: Binding element 'isLargeFile' implicitly has an 'any' type.
src/pages/editor/featureModel/lspStatusActions.js(76,3): error TS7031: Binding element 'languageCapabilities' implicitly has an 'any' type.
src/pages/editor/featureModel/lspStatusActions.js(77,3): error TS7031: Binding element 'lspEnabled' implicitly has an 'any' type.
src/pages/editor/featureModel/lspStatusActions.js(78,3): error TS7031: Binding element 'runtimeStatus' implicitly has an 'any' type.
src/pages/editor/featureModel/lspStatusActions.js(148,64): error TS2339: Property 'languageId' does not exist on type '{}'.
src/pages/editor/featureModel/lspStatusActions.js(149,28): error TS2339: Property 'settings' does not exist on type '{}'.
src/pages/editor/featureModel/lspStatusActions.js(150,30): error TS2339: Property 'lspEnabled' does not exist on type '{}'.
src/pages/editor/featureModel/lspStatusActions.js(152,13): error TS2339: Property 'autocompleteEnabled' does not exist on type '{}'.
src/pages/editor/featureModel/lspStatusActions.js(155,14): error TS2339: Property 'snippetsEnabled' does not exist on type '{}'.
src/pages/editor/featureModel/lspStatusActions.js(158,14): error TS2339: Property 'localWordsEnabled' does not exist on type '{}'.
src/pages/editor/featureModel/lspStatusActions.js(161,14): error TS2339: Property 'languageHintsEnabled' does not exist on type '{}'.
src/pages/editor/featureModel/lspStatusActions.js(165,14): error TS2339: Property 'lspCompletionEnabled' does not exist on type '{}'.
src/pages/editor/featureModel/lspStatusActions.js(166,32): error TS2339: Property 'hasWorkspace' does not exist on type '{}'.
src/pages/editor/featureModel/lspStatusActions.js(167,29): error TS2339: Property 'hasBridge' does not exist on type '{}'.
src/pages/editor/featureModel/lspStatusActions.js(168,31): error TS2339: Property 'isLargeFile' does not exist on type '{}'.
src/pages/editor/featureModel/lspStatusActions.js(169,33): error TS2339: Property 'runtimeStatus' does not exist on type '{}'.
src/pages/editor/featureModel/lspStatusActions.js(185,21): error TS7053: Element implicitly has an 'any' type because expression of type 'string' can't be used to index type 'Readonly<{ completion: "Completion"; hover: "Hover"; diagnostics: "Diagnostics"; definition: "Definition"; formatting: "Formatting"; codeActions: "Code actions"; rename: "Rename"; }>'.
  No index signature with a parameter of type 'string' was found on type 'Readonly<{ completion: "Completion"; hover: "Hover"; diagnostics: "Diagnostics"; definition: "Definition"; formatting: "Formatting"; codeActions: "Code actions"; rename: "Rename"; }>'.
src/pages/editor/featureModel/lspStatusActions.js(296,18): error TS7053: Element implicitly has an 'any' type because expression of type 'string' can't be used to index type 'Readonly<{ completion: "Completion"; hover: "Hover"; diagnostics: "Diagnostics"; definition: "Definition"; formatting: "Formatting"; codeActions: "Code actions"; rename: "Rename"; }>'.
  No index signature with a parameter of type 'string' was found on type 'Readonly<{ completion: "Completion"; hover: "Hover"; diagnostics: "Diagnostics"; definition: "Definition"; formatting: "Formatting"; codeActions: "Code actions"; rename: "Rename"; }>'.
src/pages/editor/featureModel/lspStatusActions.js(366,40): error TS7006: Parameter 'featureId' implicitly has an 'any' type.
src/pages/editor/featureModel/lspStatusActions.js(372,35): error TS2339: Property 'featureId' does not exist on type '{}'.
src/pages/editor/featureModel/lspStatusActions.js(373,31): error TS2339: Property 'state' does not exist on type '{}'.
src/pages/editor/featureModel/lspStatusActions.js(375,12): error TS2339: Property 'tone' does not exist on type '{}'.
src/pages/editor/featureModel/lspStatusActions.js(386,31): error TS2339: Property 'label' does not exist on type '{}'.
src/pages/editor/featureModel/lspStatusActions.js(387,23): error TS2339: Property 'text' does not exist on type '{}'.
src/pages/editor/featureModel/lspStatusActions.js(394,19): error TS2339: Property 'title' does not exist on type '{}'.
src/pages/editor/featureModel/lspStatusActions.js(400,48): error TS7006: Parameter 'position' implicitly has an 'any' type.
src/pages/editor/featureModel/lspStatusActions.js(412,45): error TS7006: Parameter 'range' implicitly has an 'any' type.
src/pages/editor/featureModel/lspStatusActions.js(444,44): error TS7006: Parameter 'options' implicitly has an 'any' type.
src/pages/editor/featureModel/lspStatusActions.js(456,50): error TS2339: Property 'languageId' does not exist on type '{}'.
src/pages/editor/featureModel/lspStatusActions.js(460,13): error TS2339: Property 'serverFeatures' does not exist on type '{}'.
src/pages/editor/featureModel/lspStatusActions.js(461,13): error TS2339: Property 'lspFeatures' does not exist on type '{}'.
src/pages/editor/featureModel/lspStatusActions.js(462,13): error TS2339: Property 'features' does not exist on type '{}'.
src/pages/editor/featureModel/lspStatusActions.js(463,13): error TS2339: Property 'runtimeStatus' does not exist on type '{}'.
src/pages/editor/featureModel/lspStatusActions.js(479,59): error TS2339: Property 'position' does not exist on type '{}'.
src/pages/editor/featureModel/lspStatusActions.js(480,53): error TS2339: Property 'range' does not exist on type '{}'.
src/pages/editor/featureModel/lspStatusActions.js(481,34): error TS2339: Property 'newName' does not exist on type '{}'.
src/pages/editor/featureModel/lspStatusActions.js(486,18): error TS2339: Property 'requiresPosition' does not exist on type 'Readonly<{ id: "go-to-definition"; label: "Go to Definition"; featureName: "definition"; commandId: "editor.goToDefinition"; lspMethod: "getDefinition"; resultKind: "locations"; shortcut: "F12"; requiresPosition: true; }> | Readonly<...> | Readonly<...> | Readonly<...>'.
  Property 'requiresPosition' does not exist on type 'Readonly<{ id: "format-document"; label: "Format Document"; featureName: "formatting"; commandId: "editor.formatDocument"; lspMethod: "formatDocument"; resultKind: "text-edits"; shortcut: "Shift+Alt+F"; }>'.
src/pages/editor/featureModel/lspStatusActions.js(487,18): error TS2339: Property 'requiresRange' does not exist on type 'Readonly<{ id: "go-to-definition"; label: "Go to Definition"; featureName: "definition"; commandId: "editor.goToDefinition"; lspMethod: "getDefinition"; resultKind: "locations"; shortcut: "F12"; requiresPosition: true; }> | Readonly<...> | Readonly<...> | Readonly<...>'.
  Property 'requiresRange' does not exist on type 'Readonly<{ id: "go-to-definition"; label: "Go to Definition"; featureName: "definition"; commandId: "editor.goToDefinition"; lspMethod: "getDefinition"; resultKind: "locations"; shortcut: "F12"; requiresPosition: true; }>'.
src/pages/editor/featureModel/lspStatusActions.js(488,18): error TS2339: Property 'requiresNewName' does not exist on type 'Readonly<{ id: "go-to-definition"; label: "Go to Definition"; featureName: "definition"; commandId: "editor.goToDefinition"; lspMethod: "getDefinition"; resultKind: "locations"; shortcut: "F12"; requiresPosition: true; }> | Readonly<...> | Readonly<...> | Readonly<...>'.
  Property 'requiresNewName' does not exist on type 'Readonly<{ id: "go-to-definition"; label: "Go to Definition"; featureName: "definition"; commandId: "editor.goToDefinition"; lspMethod: "getDefinition"; resultKind: "locations"; shortcut: "F12"; requiresPosition: true; }>'.
src/pages/editor/featureModel/lspStatusActions.js(495,47): error TS2339: Property 'languageId' does not exist on type '{}'.
src/pages/editor/featureModel/lspStatusActions.js(518,45): error TS7006: Parameter 'featureId' implicitly has an 'any' type.
src/pages/editor/featureModel/lspStatusActions.js(524,47): error TS7006: Parameter 'featureId' implicitly has an 'any' type.
src/pages/editor/featureModel/lspStatusActions.js(535,59): error TS2339: Property 'position' does not exist on type '{}'.
src/pages/editor/featureModel/lspStatusActions.js(536,53): error TS2339: Property 'range' does not exist on type '{}'.
src/pages/editor/featureModel/lspStatusActions.js(537,34): error TS2339: Property 'newName' does not exist on type '{}'.
src/pages/editor/featureModel/lspStatusActions.js(539,14): error TS2339: Property 'requiresPosition' does not exist on type 'Readonly<{ languageId: any; supported: boolean; enabled: boolean; ready: boolean; disabledReason: string; pendingReason: "" | `Missing ${string}`; missing: string[]; ui: Readonly<{ label: "Format Document" | "Go to Definition" | "Rename Symbol" | "Code Actions"; shortcut: "F2" | ... 2 more ... | "Mod+."; dataState: ...'.
  Property 'requiresPosition' does not exist on type 'Readonly<{ languageId: any; supported: boolean; enabled: boolean; ready: boolean; disabledReason: string; pendingReason: "" | `Missing ${string}`; missing: string[]; ui: Readonly<{ label: "Format Document" | "Go to Definition" | "Rename Symbol" | "Code Actions"; shortcut: "F2" | ... 2 more ... | "Mod+."; dataState: ...'.
src/pages/editor/featureModel/lspStatusActions.js(540,14): error TS2339: Property 'requiresRange' does not exist on type 'Readonly<{ languageId: any; supported: boolean; enabled: boolean; ready: boolean; disabledReason: string; pendingReason: "" | `Missing ${string}`; missing: string[]; ui: Readonly<{ label: "Format Document" | "Go to Definition" | "Rename Symbol" | "Code Actions"; shortcut: "F2" | ... 2 more ... | "Mod+."; dataState: ...'.
  Property 'requiresRange' does not exist on type 'Readonly<{ languageId: any; supported: boolean; enabled: boolean; ready: boolean; disabledReason: string; pendingReason: "" | `Missing ${string}`; missing: string[]; ui: Readonly<{ label: "Format Document" | "Go to Definition" | "Rename Symbol" | "Code Actions"; shortcut: "F2" | ... 2 more ... | "Mod+."; dataState: ...'.
src/pages/editor/featureModel/lspStatusActions.js(541,14): error TS2339: Property 'requiresNewName' does not exist on type 'Readonly<{ languageId: any; supported: boolean; enabled: boolean; ready: boolean; disabledReason: string; pendingReason: "" | `Missing ${string}`; missing: string[]; ui: Readonly<{ label: "Format Document" | "Go to Definition" | "Rename Symbol" | "Code Actions"; shortcut: "F2" | ... 2 more ... | "Mod+."; dataState: ...'.
  Property 'requiresNewName' does not exist on type 'Readonly<{ languageId: any; supported: boolean; enabled: boolean; ready: boolean; disabledReason: string; pendingReason: "" | `Missing ${string}`; missing: string[]; ui: Readonly<{ label: "Format Document" | "Go to Definition" | "Rename Symbol" | "Code Actions"; shortcut: "F2" | ... 2 more ... | "Mod+."; dataState: ...'.
src/pages/editor/featureModel/lspStatusActions.js(553,26): error TS2339: Property 'documentUri' does not exist on type '{}'.
src/pages/editor/featureModel/lspStatusActions.js(554,45): error TS2339: Property 'languageId' does not exist on type '{}'.
src/pages/editor/featureModel/lspStatusActions.js(557,40): error TS2339: Property 'diagnostics' does not exist on type '{}'.
src/pages/editor/featureModel/lspStatusActions.js(557,63): error TS2339: Property 'diagnostics' does not exist on type '{}'.
src/pages/editor/featureModel/lspStatusActions.js(559,22): error TS2339: Property 'options' does not exist on type '{}'.
src/pages/editor/featureModel/lspStatusActions.js(559,48): error TS2339: Property 'options' does not exist on type '{}'.
src/pages/editor/featureModel/lspStatusActions.js(559,84): error TS2339: Property 'options' does not exist on type '{}'.
src/pages/editor/featureModel/symbolsScope.js(185,24): error TS7006: Parameter 'line' implicitly has an 'any' type.
src/pages/editor/featureModel/symbolsScope.js(186,10): error TS2531: Object is possibly 'null'.
src/pages/editor/featureModel/symbolsScope.js(191,30): error TS7006: Parameter 'value' implicitly has an 'any' type.
src/pages/editor/featureModel/symbolsScope.js(198,24): error TS7006: Parameter 'line' implicitly has an 'any' type.
src/pages/editor/featureModel/symbolsScope.js(206,31): error TS7006: Parameter 'lines' implicitly has an 'any' type.
src/pages/editor/featureModel/symbolsScope.js(206,38): error TS7006: Parameter 'startIndex' implicitly has an 'any' type.
src/pages/editor/featureModel/symbolsScope.js(222,27): error TS7006: Parameter 'symbols' implicitly has an 'any' type.
src/pages/editor/featureModel/symbolsScope.js(222,36): error TS7006: Parameter 'index' implicitly has an 'any' type.
src/pages/editor/featureModel/symbolsScope.js(222,43): error TS7006: Parameter 'totalLines' implicitly has an 'any' type.
src/pages/editor/featureModel/symbolsScope.js(234,31): error TS7006: Parameter 'line' implicitly has an 'any' type.
src/pages/editor/featureModel/symbolsScope.js(234,37): error TS7006: Parameter 'lineIndex' implicitly has an 'any' type.
src/pages/editor/featureModel/symbolsScope.js(234,48): error TS7006: Parameter 'descriptor' implicitly has an 'any' type.
src/pages/editor/featureModel/symbolsScope.js(234,60): error TS7006: Parameter 'match' implicitly has an 'any' type.
src/pages/editor/featureModel/symbolsScope.js(257,40): error TS7006: Parameter 'source' implicitly has an 'any' type.
src/pages/editor/featureModel/symbolsScope.js(257,48): error TS7006: Parameter 'languageId' implicitly has an 'any' type.
src/pages/editor/featureModel/symbolsScope.js(261,20): error TS7053: Element implicitly has an 'any' type because expression of type 'any' can't be used to index type 'Readonly<{ javascript: readonly (Readonly<{ kind: "class"; detail: "class"; pattern: RegExp; }> | Readonly<{ kind: "interface"; detail: "interface"; pattern: RegExp; }> | ... 4 more ... | Readonly<...>)[]; ... 19 more ...; powershell: readonly Readonly<...>[]; }>'.
src/pages/editor/featureModel/symbolsScope.js(264,45): error TS2339: Property 'maxSymbols' does not exist on type '{}'.
src/pages/editor/featureModel/symbolsScope.js(267,9): error TS7034: Variable 'symbols' implicitly has type 'any[]' in some locations where its type cannot be determined.
src/pages/editor/featureModel/symbolsScope.js(295,33): error TS7005: Variable 'symbols' implicitly has an 'any[]' type.
src/pages/editor/featureModel/symbolsScope.js(300,41): error TS7006: Parameter 'symbols' implicitly has an 'any' type.
src/pages/editor/featureModel/symbolsScope.js(300,50): error TS7006: Parameter 'lineNumber' implicitly has an 'any' type.
src/pages/editor/featureModel/symbolsScope.js(302,7): error TS7034: Variable 'candidate' implicitly has type 'any' in some locations where its type cannot be determined.
src/pages/editor/featureModel/symbolsScope.js(310,8): error TS7005: Variable 'candidate' implicitly has an 'any' type.
src/pages/editor/featureModel/symbolsScope.js(321,39): error TS7006: Parameter 'symbols' implicitly has an 'any' type.
src/pages/editor/featureModel/symbolsScope.js(321,48): error TS7006: Parameter 'lineNumber' implicitly has an 'any' type.
src/pages/editor/featureModel/symbolsScope.js(324,59): error TS2339: Property 'lineCount' does not exist on type '{}'.
src/pages/editor/featureModel/textEdits.js(1,36): error TS7006: Parameter 'doc' implicitly has an 'any' type.
src/pages/editor/featureModel/textEdits.js(1,41): error TS7006: Parameter 'pos' implicitly has an 'any' type.
src/pages/editor/featureModel/textEdits.js(9,43): error TS7006: Parameter 'doc' implicitly has an 'any' type.
src/pages/editor/featureModel/textEdits.js(9,48): error TS7006: Parameter 'range' implicitly has an 'any' type.
src/pages/editor/featureModel/textEdits.js(11,23): error TS7006: Parameter 'position' implicitly has an 'any' type.
src/pages/editor/featureModel/textEdits.js(42,49): error TS7006: Parameter 'doc' implicitly has an 'any' type.
src/pages/editor/featureModel/textEdits.js(42,54): error TS7006: Parameter 'edits' implicitly has an 'any' type.
src/pages/editor/featureModel/textEdits.js(55,28): error TS18047: 'left' is possibly 'null'.
src/pages/editor/featureModel/textEdits.js(55,40): error TS18047: 'right' is possibly 'null'.
src/pages/editor/featureModel/textEdits.js(55,54): error TS18047: 'left' is possibly 'null'.
src/pages/editor/featureModel/textEdits.js(55,64): error TS18047: 'right' is possibly 'null'.
src/pages/editor/featureModel/textEdits.js(58,9): error TS2531: Object is possibly 'null'.
src/pages/editor/featureModel/textEdits.js(58,31): error TS2531: Object is possibly 'null'.
src/pages/editor/featureModel/textEdits.js(64,30): error TS7006: Parameter 'entry' implicitly has an 'any' type.
src/pages/editor/featureModel/textEdits.js(68,53): error TS7006: Parameter 'doc' implicitly has an 'any' type.
src/pages/editor/featureModel/textEdits.js(68,58): error TS7006: Parameter 'workspaceEdit' implicitly has an 'any' type.
src/pages/editor/featureModel/textEdits.js(68,73): error TS7006: Parameter 'documentUri' implicitly has an 'any' type.
src/pages/editor/featureModel/textEdits.js(108,39): error TS7006: Parameter 'locations' implicitly has an 'any' type.
src/pages/editor/fileTreeModel.js(88,3): error TS7053: Element implicitly has an 'any' type because expression of type 'string' can't be used to index type '{}'.
  No index signature with a parameter of type 'string' was found on type '{}'.
src/pages/editor/fileTreeModel.js(92,27): error TS7006: Parameter 'value' implicitly has an 'any' type.
src/pages/editor/fileTreeModel.js(99,35): error TS7006: Parameter 'value' implicitly has an 'any' type.
src/pages/editor/fileTreeModel.js(99,42): error TS7006: Parameter 'fallback' implicitly has an 'any' type.
src/pages/editor/fileTreeModel.js(105,22): error TS7006: Parameter 'input' implicitly has an 'any' type.
src/pages/editor/fileTreeModel.js(111,26): error TS7006: Parameter 'value' implicitly has an 'any' type.
src/pages/editor/fileTreeModel.js(116,26): error TS7006: Parameter 'node' implicitly has an 'any' type.
src/pages/editor/fileTreeModel.js(122,27): error TS7006: Parameter 'node' implicitly has an 'any' type.
src/pages/editor/fileTreeModel.js(128,25): error TS7006: Parameter 'node' implicitly has an 'any' type.
src/pages/editor/fileTreeModel.js(132,23): error TS7006: Parameter 'node' implicitly has an 'any' type.
src/pages/editor/fileTreeModel.js(138,23): error TS7006: Parameter 'group' implicitly has an 'any' type.
src/pages/editor/fileTreeModel.js(139,26): error TS7053: Element implicitly has an 'any' type because expression of type 'any' can't be used to index type '{}'.
src/pages/editor/fileTreeModel.js(140,7): error TS7053: Element implicitly has an 'any' type because expression of type 'any' can't be used to index type '{}'.
src/pages/editor/fileTreeModel.js(144,34): error TS7006: Parameter 'name' implicitly has an 'any' type.
src/pages/editor/fileTreeModel.js(159,29): error TS7006: Parameter 'name' implicitly has an 'any' type.
src/pages/editor/fileTreeModel.js(171,35): error TS7006: Parameter 'group' implicitly has an 'any' type.
src/pages/editor/fileTreeModel.js(172,10): error TS7053: Element implicitly has an 'any' type because expression of type 'any' can't be used to index type 'Readonly<{ source: "Source"; style: "Styles"; markup: "Markup"; data: "Data"; config: "Config"; docs: "Docs"; media: "Media"; other: "Other"; }>'.
src/pages/editor/fileTreeModel.js(175,26): error TS7006: Parameter 'value' implicitly has an 'any' type.
src/pages/editor/fileTreeModel.js(179,26): error TS7006: Parameter 'query' implicitly has an 'any' type.
src/pages/editor/fileTreeModel.js(183,32): error TS7006: Parameter 'error' implicitly has an 'any' type.
src/pages/editor/fileTreeModel.js(189,24): error TS7006: Parameter 'input' implicitly has an 'any' type.
src/pages/editor/fileTreeModel.js(189,31): error TS7006: Parameter 'index' implicitly has an 'any' type.
src/pages/editor/fileTreeModel.js(218,38): error TS7006: Parameter 'a' implicitly has an 'any' type.
src/pages/editor/fileTreeModel.js(218,41): error TS7006: Parameter 'b' implicitly has an 'any' type.
src/pages/editor/fileTreeModel.js(238,29): error TS7006: Parameter 'children' implicitly has an 'any' type.
src/pages/editor/fileTreeModel.js(238,39): error TS7006: Parameter 'maxChildrenPerFolder' implicitly has an 'any' type.
src/pages/editor/fileTreeModel.js(244,29): error TS7006: Parameter 'parentId' implicitly has an 'any' type.
src/pages/editor/fileTreeModel.js(244,39): error TS7006: Parameter 'omitted' implicitly has an 'any' type.
src/pages/editor/fileTreeModel.js(257,42): error TS7006: Parameter 'node' implicitly has an 'any' type.
src/pages/editor/fileTreeModel.js(257,48): error TS7006: Parameter 'previousById' implicitly has an 'any' type.
src/pages/editor/fileTreeModel.js(262,30): error TS2339: Property 'openTabIds' does not exist on type '{}'.
src/pages/editor/fileTreeModel.js(262,66): error TS2339: Property 'openTabIds' does not exist on type '{}'.
src/pages/editor/fileTreeModel.js(280,44): error TS7006: Parameter 'entries' implicitly has an 'any[]' type.
src/pages/editor/fileTreeModel.js(281,28): error TS2339: Property 'parentId' does not exist on type '{}'.
src/pages/editor/fileTreeModel.js(281,69): error TS2339: Property 'parentId' does not exist on type '{}'.
src/pages/editor/fileTreeModel.js(282,31): error TS2339: Property 'existingIds' does not exist on type '{}'.
src/pages/editor/fileTreeModel.js(282,68): error TS2339: Property 'existingIds' does not exist on type '{}'.
src/pages/editor/fileTreeModel.js(284,32): error TS2339: Property 'previousById' does not exist on type '{}'.
src/pages/editor/fileTreeModel.js(284,70): error TS2339: Property 'previousById' does not exist on type '{}'.
src/pages/editor/fileTreeModel.js(285,30): error TS2339: Property 'openTabIds' does not exist on type '{}'.
src/pages/editor/fileTreeModel.js(285,66): error TS2339: Property 'openTabIds' does not exist on type '{}'.
src/pages/editor/fileTreeModel.js(327,27): error TS7006: Parameter 'node' implicitly has an 'any' type.
src/pages/editor/fileTreeModel.js(327,33): error TS7006: Parameter 'queryTokens' implicitly has an 'any' type.
src/pages/editor/fileTreeModel.js(345,34): error TS7006: Parameter 'nodes' implicitly has an 'any' type.
src/pages/editor/fileTreeModel.js(345,41): error TS7006: Parameter 'byId' implicitly has an 'any' type.
src/pages/editor/fileTreeModel.js(345,47): error TS7006: Parameter 'queryTokens' implicitly has an 'any' type.
src/pages/editor/fileTreeModel.js(364,26): error TS7006: Parameter 'node' implicitly has an 'any' type.
src/pages/editor/fileTreeModel.js(364,32): error TS7006: Parameter 'byId' implicitly has an 'any' type.
src/pages/editor/fileTreeModel.js(388,37): error TS7006: Parameter 'files' implicitly has an 'any[]' type.
src/pages/editor/fileTreeModel.js(390,13): error TS2339: Property 'maxRows' does not exist on type '{}'.
src/pages/editor/fileTreeModel.js(395,13): error TS2339: Property 'maxChildrenPerFolder' does not exist on type '{}'.
src/pages/editor/fileTreeModel.js(399,41): error TS2339: Property 'query' does not exist on type '{}'.
src/pages/editor/fileTreeModel.js(447,57): error TS7006: Parameter 'node' implicitly has an 'any' type.
src/pages/editor/fileTreeModel.js(499,26): error TS7006: Parameter 'child' implicitly has an 'any' type.
src/pages/editor/fileTreeModel.js(541,36): error TS7006: Parameter 'row' implicitly has an 'any' type.
src/pages/editor/fileTreeModel.js(562,37): error TS7006: Parameter 'rows' implicitly has an 'any[]' type.
src/pages/editor/fileTreeModel.js(564,28): error TS2339: Property 'creating' does not exist on type '{}'.
src/pages/editor/fileTreeModel.js(564,55): error TS2339: Property 'creating' does not exist on type '{}'.
src/pages/editor/fileTreeModel.js(565,15): error TS2339: Property 'creating' does not exist on type '{}'.
src/pages/editor/fileTreeModel.js(567,35): error TS2339: Property 'includeSections' does not exist on type '{}'.
src/pages/editor/fileTreeModel.js(628,42): error TS7006: Parameter 'items' implicitly has an 'any[]' type.
src/pages/editor/fileTreeModel.js(631,13): error TS2339: Property 'rowHeight' does not exist on type '{}'.
src/pages/editor/fileTreeModel.js(636,13): error TS2339: Property 'virtualizeAfter' does not exist on type '{}'.
src/pages/editor/fileTreeModel.js(641,13): error TS2339: Property 'overscanRows' does not exist on type '{}'.
src/pages/editor/fileTreeModel.js(646,13): error TS2339: Property 'maxRenderedRows' does not exist on type '{}'.
src/pages/editor/fileTreeModel.js(651,13): error TS2339: Property 'minViewportRows' does not exist on type '{}'.
src/pages/editor/fileTreeModel.js(675,21): error TS2339: Property 'height' does not exist on type '{}'.
src/pages/editor/fileTreeModel.js(678,49): error TS2339: Property 'scrollTop' does not exist on type '{}'.
src/pages/editor/fileTreeModel.js(709,41): error TS7006: Parameter 'model' implicitly has an 'any' type.
src/pages/editor/fileTreeModel.js(713,40): error TS2339: Property 'hasWorkspace' does not exist on type '{}'.
src/pages/editor/fileTreeModel.js(714,44): error TS2339: Property 'hasCreatingDraft' does not exist on type '{}'.
src/pages/editor/fileTreeModel.js(715,37): error TS2339: Property 'isLoading' does not exist on type '{}'.
src/pages/editor/fileTreeModel.js(717,47): error TS2339: Property 'error' does not exist on type '{}'.
src/pages/editor/githubWorkbenchModel.js(2,21): error TS7006: Parameter 'value' implicitly has an 'any' type.
src/pages/editor/githubWorkbenchModel.js(65,30): error TS7006: Parameter 'message' implicitly has an 'any' type.
src/pages/editor/githubWorkbenchModel.js(67,9): error TS2339: Property 'details' does not exist on type 'Error'.
src/pages/editor/githubWorkbenchModel.js(68,15): error TS2339: Property 'status' does not exist on type '{}'.
src/pages/editor/githubWorkbenchModel.js(68,29): error TS2339: Property 'status' does not exist on type 'Error'.
src/pages/editor/githubWorkbenchModel.js(68,46): error TS2339: Property 'status' does not exist on type '{}'.
src/pages/editor/githubWorkbenchModel.js(69,15): error TS2339: Property 'code' does not exist on type '{}'.
src/pages/editor/githubWorkbenchModel.js(69,27): error TS2339: Property 'code' does not exist on type 'Error'.
src/pages/editor/githubWorkbenchModel.js(69,42): error TS2339: Property 'code' does not exist on type '{}'.
src/pages/editor/githubWorkbenchModel.js(73,35): error TS7006: Parameter 'requiredMethods' implicitly has an 'any' type.
src/pages/editor/githubWorkbenchModel.js(79,32): error TS7006: Parameter 'details' implicitly has an 'any' type.
src/pages/editor/githubWorkbenchModel.js(83,28): error TS7006: Parameter 'result' implicitly has an 'any' type.
src/pages/editor/githubWorkbenchModel.js(87,13): error TS2339: Property 'details' does not exist on type 'Error'.
src/pages/editor/githubWorkbenchModel.js(88,17): error TS2339: Property 'details' does not exist on type 'Error'.
src/pages/editor/githubWorkbenchModel.js(88,39): error TS2339: Property 'status' does not exist on type 'Error'.
src/pages/editor/githubWorkbenchModel.js(88,54): error TS2339: Property 'details' does not exist on type 'Error'.
src/pages/editor/githubWorkbenchModel.js(89,17): error TS2339: Property 'details' does not exist on type 'Error'.
src/pages/editor/githubWorkbenchModel.js(89,37): error TS2339: Property 'code' does not exist on type 'Error'.
src/pages/editor/githubWorkbenchModel.js(89,50): error TS2339: Property 'details' does not exist on type 'Error'.
src/pages/editor/githubWorkbenchModel.js(97,30): error TS7006: Parameter 'api' implicitly has an 'any' type.
src/pages/editor/githubWorkbenchModel.js(105,22): error TS2339: Property 'electronAPI' does not exist on type 'Window & typeof globalThis'.
src/pages/editor/githubWorkbenchModel.js(117,45): error TS7006: Parameter 'requiredMethods' implicitly has an 'any[]' type.
src/pages/editor/githubWorkbenchModel.js(134,43): error TS7006: Parameter 'capability' implicitly has an 'any' type.
src/pages/editor/githubWorkbenchModel.js(165,48): error TS7006: Parameter 'value' implicitly has an 'any' type.
src/pages/editor/githubWorkbenchModel.js(200,42): error TS7006: Parameter 'repoRef' implicitly has an 'any' type.
src/pages/editor/githubWorkbenchModel.js(219,42): error TS7006: Parameter 'error' implicitly has an 'any' type.
src/pages/editor/githubWorkbenchModel.js(232,38): error TS7006: Parameter 'error' implicitly has an 'any' type.
src/pages/editor/githubWorkbenchModel.js(250,27): error TS7006: Parameter 'value' implicitly has an 'any' type.
src/pages/editor/githubWorkbenchModel.js(257,45): error TS7006: Parameter 'error' implicitly has an 'any' type.
src/pages/editor/githubWorkbenchModel.js(266,13): error TS7006: Parameter 'entry' implicitly has an 'any' type.
src/pages/editor/githubWorkbenchModel.js(272,13): error TS7006: Parameter 'entry' implicitly has an 'any' type.
src/pages/editor/githubWorkbenchModel.js(417,43): error TS7006: Parameter 'error' implicitly has an 'any' type.
src/pages/editor/githubWorkbenchModel.js(427,42): error TS7006: Parameter 'methodKey' implicitly has an 'any' type.
src/pages/editor/githubWorkbenchModel.js(429,22): error TS7053: Element implicitly has an 'any' type because expression of type 'any' can't be used to index type '{ authStatus: string; viewer: string; repositories: string; rateLimit: string; issues: string; issue: string; createIssue: string; updateIssue: string; issueComments: string; createIssueComment: string; ... 14 more ...; updateProjectV2ItemField: string; }'.
src/pages/editor/gitPanelModel.js(6,21): error TS7006: Parameter 'value' implicitly has an 'any' type.
src/pages/editor/gitPanelModel.js(17,25): error TS7006: Parameter 'root' implicitly has an 'any' type.
src/pages/editor/gitPanelModel.js(17,31): error TS7006: Parameter 'path' implicitly has an 'any' type.
src/pages/editor/gitPanelModel.js(18,23): error TS7006: Parameter 'current' implicitly has an 'any' type.
src/pages/editor/gitPanelModel.js(18,32): error TS7006: Parameter 'key' implicitly has an 'any' type.
src/pages/editor/gitPanelModel.js(21,26): error TS7006: Parameter 'candidates' implicitly has an 'any' type.
src/pages/editor/gitPanelModel.js(28,42): error TS7006: Parameter 'name' implicitly has an 'any' type.
src/pages/editor/gitPanelModel.js(43,20): error TS7006: Parameter 'provider' implicitly has an 'any' type.
src/pages/editor/gitPanelModel.js(43,30): error TS7006: Parameter 'key' implicitly has an 'any' type.
src/pages/editor/gitPanelModel.js(45,21): error TS7006: Parameter 'name' implicitly has an 'any' type.
src/pages/editor/gitPanelModel.js(48,29): error TS7006: Parameter 'provider' implicitly has an 'any' type.
src/pages/editor/gitPanelModel.js(48,39): error TS7006: Parameter 'key' implicitly has an 'any' type.
src/pages/editor/gitPanelModel.js(48,58): error TS7006: Parameter 'fallbackArgs' implicitly has an 'any[]' type.
src/pages/editor/gitPanelModel.js(62,28): error TS7006: Parameter 'result' implicitly has an 'any' type.
src/pages/editor/gitPanelModel.js(121,21): error TS7006: Parameter 'value' implicitly has an 'any' type.
src/pages/editor/gitPanelModel.js(134,26): error TS7006: Parameter 'value' implicitly has an 'any' type.
src/pages/editor/gitPanelModel.js(139,27): error TS7006: Parameter 'value' implicitly has an 'any' type.
src/pages/editor/gitPanelModel.js(144,28): error TS7006: Parameter 'file' implicitly has an 'any' type.
src/pages/editor/gitPanelModel.js(144,34): error TS7006: Parameter 'index' implicitly has an 'any' type.
src/pages/editor/gitPanelModel.js(156,27): error TS7006: Parameter 'file' implicitly has an 'any' type.
src/pages/editor/gitPanelModel.js(156,33): error TS7006: Parameter 'index' implicitly has an 'any' type.
src/pages/editor/gitPanelModel.js(159,15): error TS2339: Property 'status' does not exist on type '{}'.
src/pages/editor/gitPanelModel.js(168,36): error TS2339: Property 'staged' does not exist on type '{}'.
src/pages/editor/gitPanelModel.js(170,15): error TS2339: Property 'changeScope' does not exist on type '{}'.
src/pages/editor/gitPanelModel.js(179,33): error TS2339: Property 'unstaged' does not exist on type '{}'.
src/pages/editor/gitPanelModel.js(181,28): error TS2339: Property 'indexStatus' does not exist on type '{}'.
src/pages/editor/gitPanelModel.js(183,17): error TS2339: Property 'workingTreeStatus' does not exist on type '{}'.
src/pages/editor/gitPanelModel.js(192,34): error TS7006: Parameter 'file' implicitly has an 'any' type.
src/pages/editor/gitPanelModel.js(192,40): error TS7006: Parameter 'index' implicitly has an 'any' type.
src/pages/editor/gitPanelModel.js(265,31): error TS7006: Parameter 'text' implicitly has an 'any' type.
src/pages/editor/gitPanelModel.js(288,36): error TS7006: Parameter 'result' implicitly has an 'any' type.
src/pages/editor/gitPanelModel.js(312,28): error TS7006: Parameter 'file' implicitly has an 'any' type.
src/pages/editor/gitPanelModel.js(312,34): error TS7006: Parameter 'index' implicitly has an 'any' type.
src/pages/editor/gitPanelModel.js(313,30): error TS7006: Parameter 'file' implicitly has an 'any' type.
src/pages/editor/gitPanelModel.js(313,36): error TS7006: Parameter 'index' implicitly has an 'any' type.
src/pages/editor/gitPanelModel.js(314,31): error TS7006: Parameter 'file' implicitly has an 'any' type.
src/pages/editor/gitPanelModel.js(314,37): error TS7006: Parameter 'index' implicitly has an 'any' type.
src/pages/editor/gitPanelModel.js(348,26): error TS7006: Parameter 'url' implicitly has an 'any' type.
src/pages/editor/gitPanelModel.js(354,37): error TS7006: Parameter 'result' implicitly has an 'any' type.
src/pages/editor/gitPanelModel.js(386,34): error TS7006: Parameter 'result' implicitly has an 'any' type.
src/pages/editor/gitPanelModel.js(392,37): error TS7006: Parameter 'result' implicitly has an 'any' type.
src/pages/editor/gitPanelModel.js(398,23): error TS7006: Parameter 'commit' implicitly has an 'any' type.
src/pages/editor/gitPanelModel.js(398,31): error TS7006: Parameter 'index' implicitly has an 'any' type.
src/pages/editor/gitPanelModel.js(415,75): error TS2339: Property 'cwd' does not exist on type '{}'.
src/pages/editor/gitPanelModel.js(427,13): error TS2339: Property 'cwd' does not exist on type '{}'.
src/pages/editor/gitPanelModel.js(428,22): error TS2339: Property 'limit' does not exist on type '{}'.
src/pages/editor/gitPanelModel.js(436,76): error TS2339: Property 'cwd' does not exist on type '{}'.
src/pages/editor/gitPanelModel.js(445,25): error TS2339: Property 'paths' does not exist on type '{}'.
src/pages/editor/gitPanelModel.js(445,42): error TS2339: Property 'pathspecs' does not exist on type '{}'.
src/pages/editor/gitPanelModel.js(445,64): error TS2339: Property 'path' does not exist on type '{}'.
src/pages/editor/gitPanelModel.js(447,73): error TS2339: Property 'cwd' does not exist on type '{}'.
src/pages/editor/gitPanelModel.js(451,36): error TS7006: Parameter 'path' implicitly has an 'any' type.
src/pages/editor/gitPanelModel.js(455,60): error TS2339: Property 'cwd' does not exist on type '{}'.
src/pages/editor/gitPanelModel.js(458,38): error TS7006: Parameter 'path' implicitly has an 'any' type.
src/pages/editor/gitPanelModel.js(462,62): error TS2339: Property 'cwd' does not exist on type '{}'.
src/pages/editor/gitPanelModel.js(465,38): error TS7006: Parameter 'message' implicitly has an 'any' type.
src/pages/editor/gitPanelModel.js(468,61): error TS2339: Property 'cwd' does not exist on type '{}'.
src/pages/editor/gitPanelModel.js(473,59): error TS2339: Property 'cwd' does not exist on type '{}'.
src/pages/editor/gitPanelModel.js(478,59): error TS2339: Property 'cwd' does not exist on type '{}'.
src/pages/editor/gitPanelModel.js(481,40): error TS7006: Parameter 'files' implicitly has an 'any[]' type.
src/pages/editor/gitPanelModel.js(508,36): error TS7006: Parameter 'files' implicitly has an 'any[]' type.
src/pages/editor/gitPanelModel.js(526,46): error TS7006: Parameter 'owner' implicitly has an 'any' type.
src/pages/editor/gitPanelModel.js(526,53): error TS7006: Parameter 'repo' implicitly has an 'any' type.
src/pages/editor/gitPanelModel.js(580,14): error TS2339: Property 'nexus' does not exist on type 'Window & typeof globalThis'.
src/pages/editor/gitPanelModel.js(581,14): error TS2339: Property 'nexus' does not exist on type 'Window & typeof globalThis'.
src/pages/editor/gitPanelModel.js(582,14): error TS2339: Property '__NEXUS_GITHUB_API_BASE__' does not exist on type 'Window & typeof globalThis'.
src/pages/editor/gitPanelModel.js(597,34): error TS7006: Parameter 'provider' implicitly has an 'any' type.
src/pages/editor/gitPanelModel.js(597,44): error TS7006: Parameter 'key' implicitly has an 'any' type.
src/pages/editor/gitPanelModel.js(622,57): error TS2339: Property 'owner' does not exist on type '{}'.
src/pages/editor/gitPanelModel.js(622,94): error TS2339: Property 'repo' does not exist on type '{}'.
src/pages/editor/gitPanelModel.js(655,47): error TS7006: Parameter 'owner' implicitly has an 'any' type.
src/pages/editor/gitPanelModel.js(655,54): error TS7006: Parameter 'repo' implicitly has an 'any' type.
src/pages/editor/gitPanelModel.js(690,44): error TS7006: Parameter 'flow' implicitly has an 'any' type.
src/pages/editor/keybindingModel.js(196,28): error TS7006: Parameter 'token' implicitly has an 'any' type.
src/pages/editor/keybindingModel.js(214,45): error TS7006: Parameter 'value' implicitly has an 'any' type.
src/pages/editor/keybindingModel.js(226,67): error TS2345: Argument of type 'string | undefined' is not assignable to parameter of type 'string'.
  Type 'undefined' is not assignable to type 'string'.
src/pages/editor/keybindingModel.js(234,44): error TS7006: Parameter 'value' implicitly has an 'any' type.
src/pages/editor/keybindingModel.js(275,31): error TS2532: Object is possibly 'undefined'.
src/pages/editor/keybindingModel.js(286,7): error TS7053: Element implicitly has an 'any' type because expression of type '"keybinding_overrides"' can't be used to index type '{}'.
  Property 'keybinding_overrides' does not exist on type '{}'.
src/pages/editor/keybindingModel.js(292,60): error TS2339: Property 'overrides' does not exist on type '{}'.
src/pages/editor/keybindingModel.js(293,32): error TS2339: Property 'query' does not exist on type '{}'.
src/pages/editor/keybindingModel.js(294,51): error TS2339: Property 'category' does not exist on type '{}'.
src/pages/editor/keybindingModel.js(294,71): error TS2339: Property 'category' does not exist on type '{}'.
src/pages/editor/keybindingModel.js(295,28): error TS2339: Property 'platform' does not exist on type '{}'.
src/pages/editor/keybindingModel.js(336,10): error TS7006: Parameter 'id' implicitly has an 'any' type.
src/pages/editor/keybindingModel.js(363,37): error TS7006: Parameter 'label' implicitly has an 'any' type.
src/pages/editor/localFileStorage.js(6,17): error TS2339: Property 'hot' does not exist on type 'ImportMeta'.
src/pages/editor/localFileStorage.js(6,34): error TS2339: Property 'hot' does not exist on type 'ImportMeta'.
src/pages/editor/lspSetupModel.js(8,20): error TS7006: Parameter 'value' implicitly has an 'any' type.
src/pages/editor/lspSetupModel.js(12,28): error TS7006: Parameter 'value' implicitly has an 'any' type.
src/pages/editor/lspSetupModel.js(18,27): error TS2339: Property 'state' does not exist on type '{}'.
src/pages/editor/lspSetupModel.js(18,43): error TS2339: Property 'status' does not exist on type '{}'.
src/pages/editor/lspSetupModel.js(18,61): error TS2339: Property 'available' does not exist on type '{}'.
src/pages/editor/lspSetupModel.js(22,27): error TS7006: Parameter 'value' implicitly has an 'any' type.
src/pages/editor/lspSetupModel.js(29,31): error TS7006: Parameter 'languageId' implicitly has an 'any' type.
src/pages/editor/lspSetupModel.js(56,27): error TS7006: Parameter 'servers' implicitly has an 'any' type.
src/pages/editor/lspSetupModel.js(58,38): error TS2339: Property 'includeFallback' does not exist on type '{}'.
src/pages/editor/lspSetupModel.js(64,30): error TS2339: Property 'languageLabel' does not exist on type '{}'.
src/pages/editor/lspSetupModel.js(65,36): error TS2339: Property 'languageId' does not exist on type '{}'.
src/pages/editor/lspSetupModel.js(66,30): error TS2339: Property 'languageId' does not exist on type '{}'.
src/pages/editor/lspSetupModel.js(72,35): error TS2339: Property 'label' does not exist on type '{}'.
src/pages/editor/lspSetupModel.js(76,36): error TS2339: Property 'command' does not exist on type '{}'.
src/pages/editor/lspSetupModel.js(77,37): error TS2339: Property 'args' does not exist on type '{}'.
src/pages/editor/lspSetupModel.js(78,14): error TS2339: Property 'args' does not exist on type '{}'.
src/pages/editor/lspSetupModel.js(83,37): error TS7006: Parameter 'state' implicitly has an 'any' type.
src/pages/editor/lspSetupModel.js(83,44): error TS7006: Parameter 'bridgeAvailable' implicitly has an 'any' type.
src/pages/editor/lspSetupModel.js(87,14): error TS2339: Property 'available' does not exist on type '{}'.
src/pages/editor/lspSetupModel.js(88,37): error TS2339: Property 'missing' does not exist on type '{}'.
src/pages/editor/lspSetupModel.js(93,38): error TS7006: Parameter 'state' implicitly has an 'any' type.
src/pages/editor/lspSetupModel.js(93,45): error TS7006: Parameter 'bridgeAvailable' implicitly has an 'any' type.
src/pages/editor/lspSetupModel.js(97,14): error TS2339: Property 'available' does not exist on type '{}'.
src/pages/editor/lspSetupModel.js(98,37): error TS2339: Property 'missing' does not exist on type '{}'.
src/pages/editor/lspSetupModel.js(103,44): error TS7006: Parameter 'state' implicitly has an 'any' type.
src/pages/editor/lspSetupModel.js(103,51): error TS7006: Parameter 'bridgeAvailable' implicitly has an 'any' type.
src/pages/editor/lspSetupModel.js(107,14): error TS2339: Property 'available' does not exist on type '{}'.
src/pages/editor/lspSetupModel.js(108,19): error TS2339: Property 'envOverride' does not exist on type '{}'.
src/pages/editor/lspSetupModel.js(114,35): error TS2339: Property 'message' does not exist on type '{}'.
src/pages/editor/lspSetupModel.js(117,44): error TS7006: Parameter 'state' implicitly has an 'any' type.
src/pages/editor/lspSetupModel.js(119,49): error TS2339: Property 'resolvedPath' does not exist on type '{}'.
src/pages/editor/lspSetupModel.js(119,72): error TS2339: Property 'path' does not exist on type '{}'.
src/pages/editor/lspSetupModel.js(120,14): error TS2339: Property 'available' does not exist on type '{}'.
src/pages/editor/lspSetupModel.js(122,21): error TS2339: Property 'envOverride' does not exist on type '{}'.
src/pages/editor/lspSetupModel.js(142,19): error TS2339: Property 'envOverride' does not exist on type '{}'.
src/pages/editor/lspSetupModel.js(149,44): error TS2339: Property 'envName' does not exist on type '{}'.
src/pages/editor/lspSetupModel.js(159,19): error TS2339: Property 'envOverride' does not exist on type '{}'.
src/pages/editor/lspSetupModel.js(160,19): error TS2339: Property 'envOverride' does not exist on type '{}'.
src/pages/editor/lspSetupModel.js(164,18): error TS2339: Property 'envOverride' does not exist on type '{}'.
src/pages/editor/lspSetupModel.js(168,45): error TS7006: Parameter 'state' implicitly has an 'any' type.
src/pages/editor/lspSetupModel.js(169,14): error TS2339: Property 'available' does not exist on type '{}'.
src/pages/editor/lspSetupModel.js(186,32): error TS2339: Property 'installHint' does not exist on type '{}'.
src/pages/editor/lspSetupModel.js(192,45): error TS7006: Parameter 'state' implicitly has an 'any' type.
src/pages/editor/lspSetupModel.js(192,52): error TS7006: Parameter 'bridgeAvailable' implicitly has an 'any' type.
src/pages/editor/lspSetupModel.js(199,14): error TS2339: Property 'available' does not exist on type '{}'.
src/pages/editor/lspSetupModel.js(202,14): error TS2339: Property 'canRetry' does not exist on type '{}'.
src/pages/editor/lspSetupModel.js(202,43): error TS2339: Property 'retryable' does not exist on type '{}'.
src/pages/editor/lspSetupModel.js(205,41): error TS2339: Property 'retryDelayMs' does not exist on type '{}'.
src/pages/editor/lspSetupModel.js(211,30): error TS2339: Property 'lastError' does not exist on type '{}'.
src/pages/editor/lspSetupModel.js(211,50): error TS2339: Property 'message' does not exist on type '{}'.
src/pages/editor/lspSetupModel.js(212,12): error TS2339: Property 'lastExitCode' does not exist on type '{}'.
src/pages/editor/lspSetupModel.js(212,49): error TS2339: Property 'lastExitCode' does not exist on type '{}'.
src/pages/editor/lspSetupModel.js(214,24): error TS2339: Property 'lastExitCode' does not exist on type '{}'.
src/pages/editor/lspSetupModel.js(215,30): error TS2339: Property 'lastState' does not exist on type '{}'.
src/pages/editor/lspSetupModel.js(215,64): error TS2339: Property 'lastState' does not exist on type '{}'.
src/pages/editor/lspSetupModel.js(222,35): error TS2339: Property 'bridgeAvailable' does not exist on type '{}'.
src/pages/editor/lspSetupModel.js(229,46): error TS2339: Property 'checkedAt' does not exist on type '{}'.
src/pages/editor/lspSetupModel.js(232,34): error TS2339: Property 'languageId' does not exist on type '{}'.
src/pages/editor/lspSetupModel.js(233,42): error TS2339: Property 'languageId' does not exist on type '{}'.
src/pages/editor/lspSetupModel.js(238,23): error TS2339: Property 'available' does not exist on type '{}'.
src/pages/editor/lspSetupModel.js(239,21): error TS2339: Property 'missing' does not exist on type '{}'.
src/pages/editor/lspSetupModel.js(240,25): error TS2339: Property 'envOverride' does not exist on type '{}'.
src/pages/editor/lspSetupModel.js(254,37): error TS7006: Parameter 'servers' implicitly has an 'any[]' type.
src/pages/editor/lspSetupModel.js(267,35): error TS2339: Property 'bridgeAvailable' does not exist on type '{}'.
src/pages/editor/lspSetupModel.js(268,27): error TS2339: Property 'loading' does not exist on type '{}'.
src/pages/editor/lspSetupModel.js(269,43): error TS2339: Property 'error' does not exist on type '{}'.
src/pages/editor/searchPanelModel.js(43,34): error TS7006: Parameter 'name' implicitly has an 'any' type.
src/pages/editor/searchPanelModel.js(49,29): error TS7006: Parameter 'name' implicitly has an 'any' type.
src/pages/editor/searchPanelModel.js(50,10): error TS7053: Element implicitly has an 'any' type because expression of type 'string' can't be used to index type '{ js: string; jsx: string; ts: string; tsx: string; py: string; java: string; html: string; css: string; scss: string; json: string; md: string; cpp: string; c: string; h: string; rs: string; go: string; rb: string; php: string; yml: string; yaml: string; }'.
  No index signature with a parameter of type 'string' was found on type '{ js: string; jsx: string; ts: string; tsx: string; py: string; java: string; html: string; css: string; scss: string; json: string; md: string; cpp: string; c: string; h: string; rs: string; go: string; rb: string; php: string; yml: string; yaml: string; }'.
src/pages/editor/searchPanelModel.js(53,29): error TS7006: Parameter 'name' implicitly has an 'any' type.
src/pages/editor/searchPanelModel.js(60,27): error TS2339: Property 'query' does not exist on type '{}'.
src/pages/editor/searchPanelModel.js(61,29): error TS2339: Property 'include' does not exist on type '{}'.
src/pages/editor/searchPanelModel.js(62,29): error TS2339: Property 'exclude' does not exist on type '{}'.
src/pages/editor/searchPanelModel.js(63,36): error TS2339: Property 'caseSensitive' does not exist on type '{}'.
src/pages/editor/searchPanelModel.js(64,31): error TS2339: Property 'useRegex' does not exist on type '{}'.
src/pages/editor/searchPanelModel.js(65,32): error TS2339: Property 'wholeWord' does not exist on type '{}'.
src/pages/editor/searchPanelModel.js(89,3): error TS7031: Binding element 'files' implicitly has an 'any[]' type.
src/pages/editor/searchPanelModel.js(91,3): error TS2339: Property 'readFile' does not exist on type '{ files?: never[] | undefined; options?: { query: string; include: string; exclude: string; caseSensitive: boolean; useRegex: boolean; wholeWord: boolean; } | undefined; limits?: { maxFiles: number; maxTotalMatches: number; maxMatchesPerFile: number; maxFileChars: number; contextRadius: number; } | undefined; }'.
src/pages/editor/searchPanelModel.js(212,3): error TS7031: Binding element 'file' implicitly has an 'any' type.
src/pages/editor/searchPanelModel.js(213,3): error TS7031: Binding element 'meta' implicitly has an 'any' type.
src/pages/editor/searchPanelModel.js(214,3): error TS7031: Binding element 'content' implicitly has an 'any' type.
src/pages/editor/searchPanelModel.js(215,3): error TS7031: Binding element 'regex' implicitly has an 'any' type.
src/pages/editor/searchPanelModel.js(216,3): error TS7031: Binding element 'currentTotalMatches' implicitly has an 'any' type.
src/pages/editor/searchPanelModel.js(217,3): error TS7031: Binding element 'limits' implicitly has an 'any' type.
src/pages/editor/searchPanelModel.js(280,3): error TS7031: Binding element 'lineText' implicitly has an 'any' type.
src/pages/editor/searchPanelModel.js(281,3): error TS7031: Binding element 'lineNumber' implicitly has an 'any' type.
src/pages/editor/searchPanelModel.js(282,3): error TS7031: Binding element 'column' implicitly has an 'any' type.
src/pages/editor/searchPanelModel.js(283,3): error TS7031: Binding element 'matchLength' implicitly has an 'any' type.
src/pages/editor/searchPanelModel.js(284,3): error TS7031: Binding element 'contextRadius' implicitly has an 'any' type.
src/pages/editor/searchPanelModel.js(309,35): error TS7006: Parameter 'file' implicitly has an 'any' type.
src/pages/editor/searchPanelModel.js(309,41): error TS7006: Parameter 'readFile' implicitly has an 'any' type.
src/pages/editor/searchPanelModel.js(316,29): error TS7006: Parameter 'options' implicitly has an 'any' type.
src/pages/editor/searchPanelModel.js(337,42): error TS2339: Property 'message' does not exist on type '{}'.
src/pages/editor/searchPanelModel.js(343,22): error TS7006: Parameter 'file' implicitly has an 'any' type.
src/pages/editor/searchPanelModel.js(343,28): error TS7006: Parameter 'fileById' implicitly has an 'any' type.
src/pages/editor/searchPanelModel.js(355,27): error TS7006: Parameter 'file' implicitly has an 'any' type.
src/pages/editor/searchPanelModel.js(355,33): error TS7006: Parameter 'fileById' implicitly has an 'any' type.
src/pages/editor/searchPanelModel.js(378,27): error TS7006: Parameter 'value' implicitly has an 'any' type.
src/pages/editor/searchPanelModel.js(385,28): error TS7006: Parameter 'patterns' implicitly has an 'any' type.
src/pages/editor/searchPanelModel.js(385,38): error TS7006: Parameter 'meta' implicitly has an 'any' type.
src/pages/editor/searchPanelModel.js(386,25): error TS7006: Parameter 'pattern' implicitly has an 'any' type.
src/pages/editor/searchPanelModel.js(389,25): error TS7006: Parameter 'pattern' implicitly has an 'any' type.
src/pages/editor/searchPanelModel.js(389,34): error TS7006: Parameter 'meta' implicitly has an 'any' type.
src/pages/editor/searchPanelModel.js(395,34): error TS7006: Parameter 'candidate' implicitly has an 'any' type.
src/pages/editor/searchPanelModel.js(403,32): error TS7006: Parameter 'candidate' implicitly has an 'any' type.
src/pages/editor/searchPanelModel.js(411,22): error TS7006: Parameter 'pattern' implicitly has an 'any' type.
src/pages/editor/searchPanelModel.js(421,24): error TS7006: Parameter 'path' implicitly has an 'any' type.
src/pages/editor/searchPanelModel.js(425,27): error TS7006: Parameter 'file' implicitly has an 'any' type.
src/pages/editor/searchPanelModel.js(430,22): error TS7006: Parameter 'content' implicitly has an 'any' type.
src/pages/editor/searchPanelModel.js(434,22): error TS7006: Parameter 'value' implicitly has an 'any' type.
src/pages/editor/spotlightWorkspaceSearchModel.js(108,17): error TS2339: Property 'electronAPI' does not exist on type 'Window & typeof globalThis'.
src/pages/editor/spotlightWorkspaceSearchModel.js(111,24): error TS7006: Parameter 'value' implicitly has an 'any' type.
src/pages/editor/spotlightWorkspaceSearchModel.js(115,29): error TS7006: Parameter 'value' implicitly has an 'any' type.
src/pages/editor/spotlightWorkspaceSearchModel.js(119,26): error TS7006: Parameter 'value' implicitly has an 'any' type.
src/pages/editor/spotlightWorkspaceSearchModel.js(123,27): error TS7006: Parameter 'name' implicitly has an 'any' type.
src/pages/editor/spotlightWorkspaceSearchModel.js(129,26): error TS7006: Parameter 'file' implicitly has an 'any' type.
src/pages/editor/spotlightWorkspaceSearchModel.js(133,32): error TS7006: Parameter 'filePath' implicitly has an 'any' type.
src/pages/editor/spotlightWorkspaceSearchModel.js(145,32): error TS7006: Parameter 'file' implicitly has an 'any' type.
src/pages/editor/spotlightWorkspaceSearchModel.js(159,29): error TS7006: Parameter 'existing' implicitly has an 'any' type.
src/pages/editor/spotlightWorkspaceSearchModel.js(159,39): error TS7006: Parameter 'next' implicitly has an 'any' type.
src/pages/editor/spotlightWorkspaceSearchModel.js(177,32): error TS7006: Parameter 'fileMap' implicitly has an 'any' type.
src/pages/editor/spotlightWorkspaceSearchModel.js(177,41): error TS7006: Parameter 'file' implicitly has an 'any' type.
src/pages/editor/spotlightWorkspaceSearchModel.js(184,33): error TS7006: Parameter 'name' implicitly has an 'any' type.
src/pages/editor/spotlightWorkspaceSearchModel.js(188,33): error TS7006: Parameter 'name' implicitly has an 'any' type.
src/pages/editor/spotlightWorkspaceSearchModel.js(195,23): error TS7006: Parameter 'file' implicitly has an 'any' type.
src/pages/editor/spotlightWorkspaceSearchModel.js(199,19): error TS7006: Parameter 'parentPath' implicitly has an 'any' type.
src/pages/editor/spotlightWorkspaceSearchModel.js(199,31): error TS7006: Parameter 'childName' implicitly has an 'any' type.
src/pages/editor/spotlightWorkspaceSearchModel.js(206,23): error TS7006: Parameter 'entry' implicitly has an 'any' type.
src/pages/editor/spotlightWorkspaceSearchModel.js(206,30): error TS7006: Parameter 'parentPath' implicitly has an 'any' type.
src/pages/editor/spotlightWorkspaceSearchModel.js(210,34): error TS7006: Parameter 'entries' implicitly has an 'any' type.
src/pages/editor/spotlightWorkspaceSearchModel.js(222,3): error TS7031: Binding element 'files' implicitly has an 'any[]' type.
src/pages/editor/spotlightWorkspaceSearchModel.js(271,3): error TS7031: Binding element 'files' implicitly has an 'any[]' type.
src/pages/editor/spotlightWorkspaceSearchModel.js(276,76): error TS2322: Type 'any[]' is not assignable to type 'never[]'.
  Type 'any' is not assignable to type 'never'.
src/pages/editor/spotlightWorkspaceSearchModel.js(318,61): error TS18048: 'current' is possibly 'undefined'.
src/pages/editor/spotlightWorkspaceSearchModel.js(330,45): error TS18048: 'current' is possibly 'undefined'.
src/pages/editor/spotlightWorkspaceSearchModel.js(335,11): error TS18048: 'current' is possibly 'undefined'.
src/pages/editor/spotlightWorkspaceSearchModel.js(338,48): error TS18048: 'current' is possibly 'undefined'.
src/pages/editor/spotlightWorkspaceSearchModel.js(374,34): error TS7006: Parameter 'file' implicitly has an 'any' type.
src/pages/editor/spotlightWorkspaceSearchModel.js(374,40): error TS7006: Parameter 'fsApi' implicitly has an 'any' type.
src/pages/editor/spotlightWorkspaceSearchModel.js(381,29): error TS7006: Parameter 'results' implicitly has an 'any' type.
src/pages/editor/spotlightWorkspaceSearchModel.js(381,38): error TS7006: Parameter 'files' implicitly has an 'any' type.
src/pages/editor/spotlightWorkspaceSearchModel.js(382,36): error TS7006: Parameter 'file' implicitly has an 'any' type.
src/pages/editor/spotlightWorkspaceSearchModel.js(383,23): error TS7006: Parameter 'result' implicitly has an 'any' type.
src/pages/editor/spotlightWorkspaceSearchModel.js(394,35): error TS7006: Parameter 'file' implicitly has an 'any' type.
src/pages/editor/spotlightWorkspaceSearchModel.js(394,41): error TS7006: Parameter 'workspacePath' implicitly has an 'any' type.
src/pages/editor/spotlightWorkspaceSearchModel.js(403,38): error TS7006: Parameter 'results' implicitly has an 'any' type.
src/pages/editor/spotlightWorkspaceSearchModel.js(403,47): error TS7006: Parameter 'type' implicitly has an 'any' type.
src/pages/editor/spotlightWorkspaceSearchModel.js(403,53): error TS7006: Parameter 'workspacePath' implicitly has an 'any' type.
src/pages/editor/spotlightWorkspaceSearchModel.js(404,23): error TS7006: Parameter 'result' implicitly has an 'any' type.
src/pages/editor/spotlightWorkspaceSearchModel.js(424,37): error TS7006: Parameter 'query' implicitly has an 'any' type.
src/pages/editor/spotlightWorkspaceSearchModel.js(428,47): error TS7031: Binding element 'files' implicitly has an 'any' type.
src/pages/editor/spotlightWorkspaceSearchModel.js(428,54): error TS7031: Binding element 'query' implicitly has an 'any' type.
src/pages/editor/spotlightWorkspaceSearchModel.js(428,61): error TS7031: Binding element 'fsApi' implicitly has an 'any' type.
src/pages/editor/spotlightWorkspaceSearchModel.js(428,68): error TS7031: Binding element 'limits' implicitly has an 'any' type.
src/pages/editor/spotlightWorkspaceSearchModel.js(433,14): error TS7006: Parameter 'file' implicitly has an 'any' type.
src/pages/editor/spotlightWorkspaceSearchModel.js(434,11): error TS7006: Parameter 'file' implicitly has an 'any' type.
src/pages/editor/spotlightWorkspaceSearchModel.js(434,17): error TS7006: Parameter 'index' implicitly has an 'any' type.
src/pages/editor/spotlightWorkspaceSearchModel.js(442,12): error TS7006: Parameter 'a' implicitly has an 'any' type.
src/pages/editor/spotlightWorkspaceSearchModel.js(442,15): error TS7006: Parameter 'b' implicitly has an 'any' type.
src/pages/editor/spotlightWorkspaceSearchModel.js(461,29): error TS7006: Parameter 'limits' implicitly has an 'any' type.
src/pages/editor/spotlightWorkspaceSearchModel.js(472,3): error TS7031: Binding element 'files' implicitly has an 'any[]' type.
src/pages/editor/spotlightWorkspaceSearchModel.js(480,78): error TS2322: Type 'any[]' is not assignable to type 'never[]'.
  Type 'any' is not assignable to type 'never'.
src/pages/editor/spotlightWorkspaceSearchModel.js(495,5): error TS2322: Type 'any[]' is not assignable to type 'never[]'.
  Type 'any' is not assignable to type 'never'.
src/pages/editor/spotlightWorkspaceSearchModel.js(510,21): error TS7006: Parameter 'file' implicitly has an 'any' type.
src/pages/editor/spotlightWorkspaceSearchModel.js(512,5): error TS2322: Type 'any[]' is not assignable to type 'never[]'.
  Type 'any' is not assignable to type 'never'.
src/pages/editor/spotlightWorkspaceSearchModel.js(513,5): error TS2739: Type '{ query: string; }' is missing the following properties from type '{ query: string; include: string; exclude: string; caseSensitive: boolean; useRegex: boolean; wholeWord: boolean; }': include, exclude, caseSensitive, useRegex, wholeWord
src/pages/editor/spotlightWorkspaceSearchModel.js(530,5): error TS2322: Type 'any[]' is not assignable to type 'never[]'.
  Type 'any' is not assignable to type 'never'.
src/pages/editor/storageManager.js(8,18): error TS7006: Parameter 'task' implicitly has an 'any' type.
src/pages/editor/storageManager.js(17,51): error TS2339: Property 'debounceMs' does not exist on type '{}'.
src/pages/editor/storageManager.js(20,20): error TS2339: Property 'idleTimeoutMs' does not exist on type '{}'.
src/pages/editor/storageManager.js(22,52): error TS2339: Property 'flushBudgetMs' does not exist on type '{}'.
src/pages/editor/storageManager.js(26,7): error TS7034: Variable 'flushTimer' implicitly has type 'any' in some locations where its type cannot be determined.
src/pages/editor/storageManager.js(74,9): error TS7005: Variable 'flushTimer' implicitly has an 'any' type.
src/pages/editor/storageManager.js(75,27): error TS7005: Variable 'flushTimer' implicitly has an 'any' type.
src/pages/editor/storageManager.js(85,9): error TS7005: Variable 'flushTimer' implicitly has an 'any' type.
src/pages/editor/storageManager.js(86,27): error TS7005: Variable 'flushTimer' implicitly has an 'any' type.
src/pages/editor/storageManager.js(114,14): error TS7006: Parameter 'key' implicitly has an 'any' type.
src/pages/editor/storageManager.js(125,15): error TS7006: Parameter 'key' implicitly has an 'any' type.
src/pages/editor/storageManager.js(125,20): error TS7006: Parameter 'value' implicitly has an 'any' type.
src/pages/editor/storageManager.js(131,12): error TS7006: Parameter 'key' implicitly has an 'any' type.
src/pages/editor/storageManager.js(135,11): error TS7005: Variable 'flushTimer' implicitly has an 'any' type.
src/pages/editor/storageManager.js(136,29): error TS7005: Variable 'flushTimer' implicitly has an 'any' type.
src/pages/editor/terminalModel.js(7,21): error TS7006: Parameter 'value' implicitly has an 'any' type.
src/pages/editor/terminalModel.js(129,22): error TS2339: Property 'id' does not exist on type '{}'.
src/pages/editor/terminalModel.js(132,19): error TS2339: Property 'name' does not exist on type '{}'.
src/pages/editor/terminalModel.js(132,36): error TS2339: Property 'kind' does not exist on type '{}'.
src/pages/editor/terminalModel.js(133,19): error TS2339: Property 'kind' does not exist on type '{}'.
src/pages/editor/terminalModel.js(134,18): error TS2339: Property 'cwd' does not exist on type '{}'.
src/pages/editor/terminalModel.js(135,21): error TS2339: Property 'taskId' does not exist on type '{}'.
src/pages/editor/terminalModel.js(136,21): error TS2339: Property 'status' does not exist on type '{}'.
src/pages/editor/terminalModel.js(137,27): error TS2339: Property 'lastExitCode' does not exist on type '{}'.
src/pages/editor/terminalModel.js(138,26): error TS2339: Property 'lastCommand' does not exist on type '{}'.
src/pages/editor/terminalModel.js(139,28): error TS2339: Property 'lastStartedAt' does not exist on type '{}'.
src/pages/editor/terminalModel.js(140,26): error TS2339: Property 'lastEndedAt' does not exist on type '{}'.
src/pages/editor/terminalModel.js(141,24): error TS2339: Property 'createdAt' does not exist on type '{}'.
src/pages/editor/terminalModel.js(145,38): error TS7006: Parameter 'session' implicitly has an 'any' type.
src/pages/editor/terminalModel.js(155,42): error TS7006: Parameter 'activeFile' implicitly has an 'any' type.
src/pages/editor/terminalModel.js(175,36): error TS7006: Parameter 'task' implicitly has an 'any' type.
src/pages/editor/terminalModel.js(175,42): error TS7006: Parameter 'activeFile' implicitly has an 'any' type.
src/pages/editor/terminalModel.js(181,36): error TS7006: Parameter 'activeFile' implicitly has an 'any' type.
src/pages/editor/terminalModel.js(192,41): error TS2339: Property 'activeFile' does not exist on type '{ history?: never[] | undefined; limit?: number | undefined; }'.
src/pages/editor/terminalModel.js(192,53): error TS7031: Binding element 'history' implicitly has an 'any[]' type.
src/pages/editor/terminalModel.js(239,27): error TS2339: Property 'electronAPI' does not exist on type 'Window & typeof globalThis'.
src/pages/editor/terminalModel.js(245,13): error TS7006: Parameter 'payload' implicitly has an 'any' type.
src/pages/editor/terminalModel.js(246,15): error TS7006: Parameter 'payload' implicitly has an 'any' type.
src/pages/editor/terminalModel.js(247,14): error TS7006: Parameter 'id' implicitly has an 'any' type.
src/pages/editor/terminalModel.js(248,28): error TS7006: Parameter 'cwd' implicitly has an 'any' type.
src/pages/editor/terminalModel.js(249,18): error TS7006: Parameter 'id' implicitly has an 'any' type.
src/pages/editor/terminalModel.js(249,22): error TS7006: Parameter 'callback' implicitly has an 'any' type.
src/pages/editor/terminalModel.js(250,16): error TS7006: Parameter 'id' implicitly has an 'any' type.
src/pages/editor/terminalModel.js(250,20): error TS7006: Parameter 'callback' implicitly has an 'any' type.
src/pages/editor/terminalModel.js(251,17): error TS7006: Parameter 'id' implicitly has an 'any' type.
src/pages/editor/terminalModel.js(251,21): error TS7006: Parameter 'callback' implicitly has an 'any' type.
src/pages/editor/terminalModel.js(255,32): error TS2339: Property 'nexus' does not exist on type 'Window & typeof globalThis'.
src/pages/editor/terminalModel.js(261,13): error TS7006: Parameter 'payload' implicitly has an 'any' type.
src/pages/editor/terminalModel.js(262,15): error TS7006: Parameter 'payload' implicitly has an 'any' type.
src/pages/editor/terminalModel.js(263,14): error TS7006: Parameter 'id' implicitly has an 'any' type.
src/pages/editor/terminalModel.js(264,28): error TS7006: Parameter 'cwd' implicitly has an 'any' type.
src/pages/editor/terminalModel.js(265,18): error TS7006: Parameter 'id' implicitly has an 'any' type.
src/pages/editor/terminalModel.js(265,22): error TS7006: Parameter 'callback' implicitly has an 'any' type.
src/pages/editor/terminalModel.js(268,16): error TS7006: Parameter 'id' implicitly has an 'any' type.
src/pages/editor/terminalModel.js(268,20): error TS7006: Parameter 'callback' implicitly has an 'any' type.
src/pages/editor/terminalModel.js(271,17): error TS7006: Parameter 'id' implicitly has an 'any' type.
src/pages/editor/terminalModel.js(271,21): error TS7006: Parameter 'callback' implicitly has an 'any' type.
src/pages/editor/terminalModel.js(280,36): error TS7006: Parameter 'text' implicitly has an 'any' type.
src/pages/editor/terminalModel.js(284,40): error TS7006: Parameter 'entry' implicitly has an 'any' type.
src/pages/editor/terminalModel.js(296,42): error TS7006: Parameter 'entry' implicitly has an 'any' type.
src/pages/editor/terminalModel.js(325,43): error TS7006: Parameter 'status' implicitly has an 'any' type.
src/pages/editor/terminalModel.js(325,51): error TS7006: Parameter 'text' implicitly has an 'any' type.
src/pages/editor/terminalModel.js(336,3): error TS7006: Parameter 'entries' implicitly has an 'any' type.
src/pages/editor/terminalModel.js(338,3): error TS7006: Parameter 'createTrimEntry' implicitly has an 'any' type.
src/pages/editor/terminalModel.js(341,6): error TS7006: Parameter 'total' implicitly has an 'any' type.
src/pages/editor/terminalModel.js(341,13): error TS7006: Parameter 'entry' implicitly has an 'any' type.
src/pages/editor/terminalModel.js(344,40): error TS7006: Parameter 'entry' implicitly has an 'any' type.
src/pages/editor/terminalModel.js(360,39): error TS7006: Parameter 'sessions' implicitly has an 'any' type.
src/pages/editor/terminalModel.js(360,49): error TS7006: Parameter 'sessionId' implicitly has an 'any' type.
src/pages/editor/terminalModel.js(360,60): error TS7006: Parameter 'patch' implicitly has an 'any' type.
src/pages/editor/terminalModel.js(361,24): error TS7006: Parameter 'session' implicitly has an 'any' type.
src/pages/editor/terminalModel.js(366,36): error TS7006: Parameter 'sessions' implicitly has an 'any' type.
src/pages/editor/terminalModel.js(366,46): error TS7006: Parameter 'sessionId' implicitly has an 'any' type.
src/pages/editor/terminalModel.js(366,57): error TS7006: Parameter 'command' implicitly has an 'any' type.
src/pages/editor/terminalModel.js(366,66): error TS7006: Parameter 'cwd' implicitly has an 'any' type.
src/pages/editor/terminalModel.js(369,32): error TS7006: Parameter 'session' implicitly has an 'any' type.
src/pages/editor/terminalModel.js(377,35): error TS7006: Parameter 'sessions' implicitly has an 'any' type.
src/pages/editor/terminalModel.js(377,45): error TS7006: Parameter 'sessionId' implicitly has an 'any' type.
src/pages/editor/terminalModel.js(377,56): error TS7006: Parameter 'exitCode' implicitly has an 'any' type.
src/pages/editor/terminalModel.js(386,36): error TS7006: Parameter 'sessions' implicitly has an 'any' type.
src/pages/editor/terminalModel.js(386,46): error TS7006: Parameter 'sessionId' implicitly has an 'any' type.
src/pages/editor/terminalModel.js(394,38): error TS7006: Parameter 'session' implicitly has an 'any' type.
src/pages/editor/terminalModel.js(426,36): error TS7006: Parameter 'path' implicitly has an 'any' type.
src/pages/editor/terminalModel.js(439,42): error TS7006: Parameter 'sessions' implicitly has an 'any' type.
src/pages/editor/terminalModel.js(439,52): error TS7006: Parameter 'sessionId' implicitly has an 'any' type.
src/pages/editor/terminalModel.js(439,63): error TS7006: Parameter 'command' implicitly has an 'any' type.
src/pages/editor/terminalModel.js(440,24): error TS7006: Parameter 'session' implicitly has an 'any' type.
src/pages/editor/terminalModel.js(460,30): error TS7006: Parameter 'dispose' implicitly has an 'any' type.
src/pages/editor/terminalModel.js(464,26): error TS7006: Parameter 'value' implicitly has an 'any' type.
src/pages/editor/terminalModel.js(471,27): error TS7006: Parameter 'path' implicitly has an 'any' type.
src/pages/editor/terminalModel.js(477,26): error TS7006: Parameter 'path' implicitly has an 'any' type.
src/pages/editor/terminalModel.js(483,39): error TS7006: Parameter 'command' implicitly has an 'any' type.
src/pages/editor/themeOptionsModel.js(13,21): error TS7006: Parameter 'value' implicitly has an 'any' type.
src/pages/editor/themeOptionsModel.js(23,19): error TS7006: Parameter 'hue' implicitly has an 'any' type.
src/pages/editor/themeOptionsModel.js(49,34): error TS7006: Parameter 'themeId' implicitly has an 'any' type.
src/pages/editor/themeOptionsModel.js(49,43): error TS7006: Parameter 'extensionId' implicitly has an 'any' type.
src/pages/editor/themeOptionsModel.js(56,26): error TS7006: Parameter 'value' implicitly has an 'any' type.
src/pages/editor/themeOptionsModel.js(60,29): error TS7006: Parameter 'value' implicitly has an 'any' type.
src/pages/editor/themeOptionsModel.js(69,47): error TS7006: Parameter 'extensionId' implicitly has an 'any' type.
src/pages/editor/themeOptionsModel.js(69,60): error TS7006: Parameter 'themeId' implicitly has an 'any' type.
src/pages/editor/themeOptionsModel.js(73,46): error TS7006: Parameter 'themeId' implicitly has an 'any' type.
src/pages/editor/themeOptionsModel.js(82,43): error TS7006: Parameter 'themeId' implicitly has an 'any' type.
src/pages/editor/themeOptionsModel.js(96,44): error TS7006: Parameter 'records' implicitly has an 'any' type.
src/pages/editor/themeOptionsModel.js(97,52): error TS7006: Parameter 'theme' implicitly has an 'any' type.
src/pages/editor/themeOptionsModel.js(118,49): error TS7006: Parameter 'records' implicitly has an 'any' type.
src/pages/editor/themeOptionsModel.js(118,58): error TS7006: Parameter 'activeIds' implicitly has an 'any' type.
src/pages/editor/themeOptionsModel.js(149,52): error TS7006: Parameter 'selectedThemeId' implicitly has an 'any' type.
src/pages/editor/themeOptionsModel.js(149,69): error TS7006: Parameter 'activeIds' implicitly has an 'any' type.
src/pages/editor/themeOptionsModel.js(175,41): error TS7006: Parameter 'records' implicitly has an 'any' type.
src/pages/editor/themeOptionsModel.js(175,50): error TS7006: Parameter 'selectedThemeId' implicitly has an 'any' type.
src/pages/editor/themeOptionsModel.js(180,66): error TS18047: 'option' is possibly 'null'.
src/pages/editor/themeOptionsModel.js(204,39): error TS7006: Parameter 'selectedThemeId' implicitly has an 'any' type.
src/pages/editor/themeOptionsModel.js(208,43): error TS7006: Parameter 'themeId' implicitly has an 'any' type.
src/pages/editor/themeOptionsModel.js(208,52): error TS7006: Parameter 'records' implicitly has an 'any' type.
src/pages/editor/themeOptionsModel.js(217,43): error TS7006: Parameter 'option' implicitly has an 'any' type.
src/pages/editor/themeOptionsModel.js(227,11): error TS2339: Property 'theme_extension_id' does not exist on type '{ theme: any; background: null; primary_accent: any; secondary_accent: any; }'.
src/pages/editor/themeOptionsModel.js(228,11): error TS2339: Property 'theme_contribution_id' does not exist on type '{ theme: any; background: null; primary_accent: any; secondary_accent: any; }'.
src/pages/editor/themeOptionsModel.js(229,11): error TS2339: Property 'theme_source' does not exist on type '{ theme: any; background: null; primary_accent: any; secondary_accent: any; }'.
src/pages/editor/themeOptionsModel.js(230,11): error TS2339: Property 'theme_extension_name' does not exist on type '{ theme: any; background: null; primary_accent: any; secondary_accent: any; }'.
src/pages/editor/themeOptionsModel.js(232,11): error TS2339: Property 'theme_extension_id' does not exist on type '{ theme: any; background: null; primary_accent: any; secondary_accent: any; }'.
src/pages/editor/themeOptionsModel.js(233,11): error TS2339: Property 'theme_contribution_id' does not exist on type '{ theme: any; background: null; primary_accent: any; secondary_accent: any; }'.
src/pages/editor/themeOptionsModel.js(234,11): error TS2339: Property 'theme_source' does not exist on type '{ theme: any; background: null; primary_accent: any; secondary_accent: any; }'.
src/pages/editor/themeOptionsModel.js(235,11): error TS2339: Property 'theme_extension_name' does not exist on type '{ theme: any; background: null; primary_accent: any; secondary_accent: any; }'.
src/pages/editor/welcomeScreenModel.js(11,30): error TS7006: Parameter 'key' implicitly has an 'any' type.
src/pages/editor/welcomeScreenModel.js(22,28): error TS7006: Parameter 'value' implicitly has an 'any' type.
src/pages/editor/welcomeScreenModel.js(31,30): error TS7006: Parameter 'file' implicitly has an 'any' type.
src/pages/editor/welcomeScreenModel.js(31,36): error TS7006: Parameter 'index' implicitly has an 'any' type.
src/pages/editor/workbench/focusSlots.js(21,30): error TS7006: Parameter 'snapZone' implicitly has an 'any' type.
src/pages/editor/workbench/focusSlots.js(29,54): error TS2345: Argument of type 'null' is not assignable to parameter of type '"left" | undefined'.
src/pages/editor/workbench/focusSlots.js(36,33): error TS7006: Parameter 'layout' implicitly has an 'any' type.
src/pages/editor/workbench/focusSlots.js(36,41): error TS7006: Parameter 'zones' implicitly has an 'any' type.
src/pages/editor/workbench/focusSlots.js(44,25): error TS7006: Parameter 'panelId' implicitly has an 'any' type.
src/pages/editor/workbench/focusSlots.js(44,34): error TS7006: Parameter 'layout' implicitly has an 'any' type.
src/pages/editor/workbench/focusSlots.js(44,42): error TS7006: Parameter 'zones' implicitly has an 'any' type.
src/pages/editor/workbench/focusSlots.js(50,25): error TS7006: Parameter 'panelIds' implicitly has an 'any' type.
src/pages/editor/workbench/focusSlots.js(52,27): error TS7006: Parameter 'panelId' implicitly has an 'any' type.
src/pages/editor/workbench/focusSlots.js(59,34): error TS7006: Parameter 'direction' implicitly has an 'any' type.
src/pages/editor/workbench/focusSlots.js(78,36): error TS7006: Parameter 'placement' implicitly has an 'any' type.
src/pages/editor/workbench/focusSlots.js(88,47): error TS7006: Parameter 'layout' implicitly has an 'any' type.
src/pages/editor/workbench/focusSlots.js(94,29): error TS7053: Element implicitly has an 'any' type because expression of type 'any' can't be used to index type '{}'.
src/pages/editor/workbench/focusSlots.js(99,3): error TS2339: Property 'layout' does not exist on type '{ panelId?: null | undefined; snapZone?: null | undefined; direction?: number | undefined; wrap?: boolean | undefined; fallback?: null | undefined; }'.
src/pages/editor/workbench/focusSlots.js(132,3): error TS2339: Property 'layout' does not exist on type '{ panelId?: null | undefined; activePanel?: null | undefined; bottomPanel?: null | undefined; bottomTab?: null | undefined; bottomPanelOpen?: boolean | undefined; snapZone?: null | undefined; fallback?: string | undefined; defaultToFirst?: boolean | undefined; }'.
src/pages/editor/workbench/focusSlots.js(163,3): error TS2339: Property 'layout' does not exist on type '{ state?: {} | undefined; panelId?: null | undefined; snapZone?: null | undefined; direction?: number | undefined; wrap?: boolean | undefined; fallback?: string | undefined; }'.
src/pages/editor/workbench/focusSlots.js(179,28): error TS2339: Property 'bottomPanel' does not exist on type '{}'.
src/pages/editor/workbench/focusSlots.js(198,7): error TS2322: Type 'string' is not assignable to type 'null | undefined'.
src/pages/editor/workbench/focusSlots.js(263,27): error TS2339: Property 'dockTarget' does not exist on type '{ activePanel: any; bottomTab: any; bottomPanelOpen: boolean; } | { activePanel: null; dockTarget: "hidden"; snapZone: any; sidebarRequired: boolean; bottomTab: any; bottomPanelOpen: boolean; } | { ...; } | { ...; }'.
  Property 'dockTarget' does not exist on type '{ activePanel: any; bottomTab: any; bottomPanelOpen: boolean; }'.
src/pages/editor/workbench/focusSlots.js(264,40): error TS2339: Property 'sidebarRequired' does not exist on type '{ activePanel: any; bottomTab: any; bottomPanelOpen: boolean; } | { activePanel: null; dockTarget: "hidden"; snapZone: any; sidebarRequired: boolean; bottomTab: any; bottomPanelOpen: boolean; } | { ...; } | { ...; }'.
  Property 'sidebarRequired' does not exist on type '{ activePanel: any; bottomTab: any; bottomPanelOpen: boolean; }'.
src/pages/editor/workbench/focusSlots.js(271,27): error TS7006: Parameter 'panelId' implicitly has an 'any' type.
src/pages/editor/workbench/focusSlots.js(275,57): error TS7006: Parameter 'layout' implicitly has an 'any' type.
src/pages/editor/workbench/focusSlots.js(280,24): error TS2339: Property 'activePanel' does not exist on type '{}'.
src/pages/editor/workbench/focusSlots.js(281,5): error TS2322: Type '"side"' is not assignable to type 'null | undefined'.
src/pages/editor/workbench/focusSlots.js(282,5): error TS2322: Type 'null' is not assignable to type 'string | undefined'.
src/pages/editor/workbench/focusSlots.js(287,24): error TS2339: Property 'bottomTab' does not exist on type '{}'.
src/pages/editor/workbench/focusSlots.js(288,5): error TS2322: Type '"bottom"' is not assignable to type 'null | undefined'.
src/pages/editor/workbench/focusSlots.js(294,56): error TS2339: Property 'bottomTab' does not exist on type '{}'.
src/pages/editor/workbench/focusSlots.js(296,17): error TS2339: Property 'bottomPanelOpen' does not exist on type '{}'.
src/pages/editor/workbench/focusSlots.js(303,54): error TS7006: Parameter 'layout' implicitly has an 'any' type.
src/pages/editor/workbench/focusSlots.js(309,48): error TS2339: Property 'bottomTab' does not exist on type '{}'.
src/pages/editor/workbench/focusSlots.js(311,39): error TS2339: Property 'activePanel' does not exist on type '{}'.
src/pages/editor/workbench/focusSlots.js(311,64): error TS2339: Property 'activePanel' does not exist on type '{}'.
src/pages/editor/workbench/focusSlots.js(313,40): error TS2339: Property 'bottomPanelOpen' does not exist on type '{}'.
src/pages/editor/workbench/focusSlots.js(317,40): error TS7006: Parameter 'state' implicitly has an 'any' type.
src/pages/editor/workbench/focusSlots.js(317,47): error TS7006: Parameter 'panelId' implicitly has an 'any' type.
src/pages/editor/workbench/focusSlots.js(317,56): error TS7006: Parameter 'layout' implicitly has an 'any' type.
src/pages/editor/workbench/focusSlots.js(355,42): error TS7006: Parameter 'state' implicitly has an 'any' type.
src/pages/editor/workbench/focusSlots.js(355,49): error TS7006: Parameter 'panelId' implicitly has an 'any' type.
src/pages/editor/workbench/focusSlots.js(355,58): error TS7006: Parameter 'layout' implicitly has an 'any' type.
src/pages/editor/workbench/focusSlots.js(407,26): error TS7006: Parameter 'activePanel' implicitly has an 'any' type.
src/pages/editor/workbench/focusSlots.js(407,39): error TS7006: Parameter 'fallbackSide' implicitly has an 'any' type.
src/pages/editor/workbench/focusSlots.js(407,53): error TS7006: Parameter 'layout' implicitly has an 'any' type.
src/pages/editor/workbench/focusSlots.js(420,3): error TS2339: Property 'layout' does not exist on type '{ sidebarSide?: string | undefined; activePanel?: null | undefined; bottomPanel?: null | undefined; }'.
src/pages/editor/workbench/layoutConfig.js(247,41): error TS7006: Parameter 'zone' implicitly has an 'any' type.
src/pages/editor/workbench/layoutConfig.js(257,48): error TS7006: Parameter 'panelZones' implicitly has an 'any' type.
src/pages/editor/workbench/layoutConfig.js(259,5): error TS7053: Element implicitly has an 'any' type because expression of type 'string' can't be used to index type '{}'.
  No index signature with a parameter of type 'string' was found on type '{}'.
src/pages/editor/workbench/layoutConfig.js(260,30): error TS7053: Element implicitly has an 'any' type because expression of type 'string' can't be used to index type 'Readonly<{ explorer: "left"; search: "left"; git: "left"; issues: "right"; prs: "right"; projects: "right"; extensions: "left"; account: "left"; debug: "left"; problems: "bottom"; terminal: "bottom"; }>'.
  No index signature with a parameter of type 'string' was found on type 'Readonly<{ explorer: "left"; search: "left"; git: "left"; issues: "right"; prs: "right"; projects: "right"; extensions: "left"; account: "left"; debug: "left"; problems: "bottom"; terminal: "bottom"; }>'.
src/pages/editor/workbench/layoutConfig.js(272,5): error TS7053: Element implicitly has an 'any' type because expression of type '"hidden" | "left" | "right" | "bottom"' can't be used to index type '{}'.
  Property 'hidden' does not exist on type '{}'.
src/pages/editor/workbench/layoutConfig.js(277,35): error TS7006: Parameter 'zonePanelIds' implicitly has an 'any' type.
src/pages/editor/workbench/layoutConfig.js(279,5): error TS7053: Element implicitly has an 'any' type because expression of type '"hidden" | "left" | "right" | "bottom"' can't be used to index type '{}'.
  Property 'hidden' does not exist on type '{}'.
src/pages/editor/workbench/layoutConfig.js(284,36): error TS7006: Parameter 'zonePanelIds' implicitly has an 'any' type.
src/pages/editor/workbench/layoutConfig.js(287,7): error TS7053: Element implicitly has an 'any' type because expression of type '"hidden" | "left" | "right" | "bottom"' can't be used to index type '{}'.
  Property 'hidden' does not exist on type '{}'.
src/pages/editor/workbench/layoutConfig.js(293,45): error TS7006: Parameter 'panelZones' implicitly has an 'any' type.
src/pages/editor/workbench/layoutConfig.js(296,41): error TS7053: Element implicitly has an 'any' type because expression of type 'string' can't be used to index type 'Readonly<{ explorer: "left"; search: "left"; git: "left"; issues: "right"; prs: "right"; projects: "right"; extensions: "left"; account: "left"; debug: "left"; problems: "bottom"; terminal: "bottom"; }>'.
  No index signature with a parameter of type 'string' was found on type 'Readonly<{ explorer: "left"; search: "left"; git: "left"; issues: "right"; prs: "right"; projects: "right"; extensions: "left"; account: "left"; debug: "left"; problems: "bottom"; terminal: "bottom"; }>'.
src/pages/editor/workbench/layoutConfig.js(297,5): error TS7053: Element implicitly has an 'any' type because expression of type 'any' can't be used to index type '{}'.
src/pages/editor/workbench/layoutConfig.js(393,26): error TS7006: Parameter 'value' implicitly has an 'any' type.
src/pages/editor/workbench/layoutConfig.js(406,28): error TS7006: Parameter 'panelId' implicitly has an 'any' type.
src/pages/editor/workbench/layoutConfig.js(410,34): error TS7006: Parameter 'panelId' implicitly has an 'any' type.
src/pages/editor/workbench/layoutConfig.js(416,38): error TS7006: Parameter 'value' implicitly has an 'any' type.
src/pages/editor/workbench/layoutConfig.js(420,31): error TS7006: Parameter 'value' implicitly has an 'any' type.
src/pages/editor/workbench/layoutConfig.js(420,38): error TS7006: Parameter 'aliases' implicitly has an 'any' type.
src/pages/editor/workbench/layoutConfig.js(440,37): error TS7006: Parameter 'value' implicitly has an 'any' type.
src/pages/editor/workbench/layoutConfig.js(440,44): error TS7006: Parameter 'registry' implicitly has an 'any' type.
src/pages/editor/workbench/layoutConfig.js(440,54): error TS7006: Parameter 'fallback' implicitly has an 'any' type.
src/pages/editor/workbench/layoutConfig.js(447,35): error TS7006: Parameter 'value' implicitly has an 'any' type.
src/pages/editor/workbench/layoutConfig.js(459,37): error TS7006: Parameter 'value' implicitly has an 'any' type.
src/pages/editor/workbench/layoutConfig.js(463,41): error TS7006: Parameter 'value' implicitly has an 'any' type.
src/pages/editor/workbench/layoutConfig.js(467,44): error TS7006: Parameter 'value' implicitly has an 'any' type.
src/pages/editor/workbench/layoutConfig.js(471,35): error TS7006: Parameter 'value' implicitly has an 'any' type.
src/pages/editor/workbench/layoutConfig.js(476,40): error TS7006: Parameter 'panelId' implicitly has an 'any' type.
src/pages/editor/workbench/layoutConfig.js(477,10): error TS7053: Element implicitly has an 'any' type because expression of type 'any' can't be used to index type 'Readonly<{ explorer: "left"; search: "left"; git: "left"; issues: "right"; prs: "right"; projects: "right"; extensions: "left"; account: "left"; debug: "left"; problems: "bottom"; terminal: "bottom"; }>'.
src/pages/editor/workbench/layoutConfig.js(482,36): error TS7006: Parameter 'panelId' implicitly has an 'any' type.
src/pages/editor/workbench/layoutConfig.js(482,45): error TS7006: Parameter 'value' implicitly has an 'any' type.
src/pages/editor/workbench/layoutConfig.js(483,20): error TS7053: Element implicitly has an 'any' type because expression of type 'any' can't be used to index type 'Readonly<{ explorer: "left"; search: "left"; git: "left"; issues: "right"; prs: "right"; projects: "right"; extensions: "left"; account: "left"; debug: "left"; problems: "bottom"; terminal: "bottom"; }>'.
src/pages/editor/workbench/layoutConfig.js(490,39): error TS7006: Parameter 'panelId' implicitly has an 'any' type.
src/pages/editor/workbench/layoutConfig.js(490,48): error TS7006: Parameter 'value' implicitly has an 'any' type.
src/pages/editor/workbench/layoutConfig.js(494,35): error TS2345: Argument of type 'null' is not assignable to parameter of type '"left" | undefined'.
src/pages/editor/workbench/layoutConfig.js(498,3): error TS7006: Parameter 'value' implicitly has an 'any' type.
src/pages/editor/workbench/layoutConfig.js(511,45): error TS2345: Argument of type 'null' is not assignable to parameter of type '"left" | undefined'.
src/pages/editor/workbench/layoutConfig.js(524,42): error TS7006: Parameter 'value' implicitly has an 'any' type.
src/pages/editor/workbench/layoutConfig.js(524,49): error TS7006: Parameter 'limits' implicitly has an 'any' type.
src/pages/editor/workbench/layoutNormalization.js(35,36): error TS7006: Parameter 'value' implicitly has an 'any' type.
src/pages/editor/workbench/layoutNormalization.js(41,7): error TS7053: Element implicitly has an 'any' type because expression of type 'string' can't be used to index type '{}'.
  No index signature with a parameter of type 'string' was found on type '{}'.
src/pages/editor/workbench/layoutNormalization.js(45,7): error TS7053: Element implicitly has an 'any' type because expression of type 'any' can't be used to index type '{}'.
src/pages/editor/workbench/layoutNormalization.js(52,26): error TS7006: Parameter 'value' implicitly has an 'any' type.
src/pages/editor/workbench/layoutNormalization.js(56,23): error TS7006: Parameter 'panelIds' implicitly has an 'any' type.
src/pages/editor/workbench/layoutNormalization.js(56,33): error TS7006: Parameter 'candidates' implicitly has an 'any' type.
src/pages/editor/workbench/layoutNormalization.js(63,32): error TS7006: Parameter 'value' implicitly has an 'any' type.
src/pages/editor/workbench/layoutNormalization.js(63,39): error TS7006: Parameter 'depth' implicitly has an 'any' type.
src/pages/editor/workbench/layoutNormalization.js(63,46): error TS7006: Parameter 'seenValues' implicitly has an 'any' type.
src/pages/editor/workbench/layoutNormalization.js(67,9): error TS7034: Variable 'panelIds' implicitly has type 'any[]' in some locations where its type cannot be determined.
src/pages/editor/workbench/layoutNormalization.js(83,7): error TS7005: Variable 'panelIds' implicitly has an 'any[]' type.
src/pages/editor/workbench/layoutNormalization.js(93,22): error TS7005: Variable 'panelIds' implicitly has an 'any[]' type.
src/pages/editor/workbench/layoutNormalization.js(96,11): error TS7005: Variable 'panelIds' implicitly has an 'any[]' type.
src/pages/editor/workbench/layoutNormalization.js(104,10): error TS7005: Variable 'panelIds' implicitly has an 'any[]' type.
src/pages/editor/workbench/layoutNormalization.js(108,3): error TS7006: Parameter 'value' implicitly has an 'any' type.
src/pages/editor/workbench/layoutNormalization.js(121,11): error TS7034: Variable 'panelIds' implicitly has type 'any[]' in some locations where its type cannot be determined.
src/pages/editor/workbench/layoutNormalization.js(125,9): error TS7005: Variable 'panelIds' implicitly has an 'any[]' type.
src/pages/editor/workbench/layoutNormalization.js(131,12): error TS7005: Variable 'panelIds' implicitly has an 'any[]' type.
src/pages/editor/workbench/layoutNormalization.js(141,36): error TS7006: Parameter 'bucket' implicitly has an 'any' type.
src/pages/editor/workbench/layoutNormalization.js(145,32): error TS7006: Parameter 'record' implicitly has an 'any' type.
src/pages/editor/workbench/layoutNormalization.js(147,41): error TS2345: Argument of type 'null' is not assignable to parameter of type '"left" | undefined'.
src/pages/editor/workbench/layoutNormalization.js(158,5): error TS2345: Argument of type 'null' is not assignable to parameter of type '"left" | undefined'.
src/pages/editor/workbench/layoutNormalization.js(162,30): error TS7006: Parameter 'record' implicitly has an 'any' type.
src/pages/editor/workbench/layoutNormalization.js(176,29): error TS7006: Parameter 'value' implicitly has an 'any' type.
src/pages/editor/workbench/layoutNormalization.js(182,52): error TS2345: Argument of type 'null' is not assignable to parameter of type '"left" | undefined'.
src/pages/editor/workbench/layoutNormalization.js(190,32): error TS7006: Parameter 'source' implicitly has an 'any' type.
src/pages/editor/workbench/layoutNormalization.js(203,32): error TS7006: Parameter 'source' implicitly has an 'any' type.
src/pages/editor/workbench/layoutNormalization.js(216,24): error TS7006: Parameter 'source' implicitly has an 'any' type.
src/pages/editor/workbench/layoutNormalization.js(216,32): error TS7006: Parameter 'panelId' implicitly has an 'any' type.
src/pages/editor/workbench/layoutNormalization.js(255,30): error TS7006: Parameter 'value' implicitly has an 'any' type.
src/pages/editor/workbench/layoutNormalization.js(255,37): error TS7006: Parameter 'legacyPlacements' implicitly has an 'any' type.
src/pages/editor/workbench/layoutNormalization.js(262,7): error TS7053: Element implicitly has an 'any' type because expression of type 'string' can't be used to index type '{}'.
  No index signature with a parameter of type 'string' was found on type '{}'.
src/pages/editor/workbench/layoutNormalization.js(270,9): error TS7053: Element implicitly has an 'any' type because expression of type 'string' can't be used to index type 'Readonly<{}>'.
  No index signature with a parameter of type 'string' was found on type 'Readonly<{}>'.
src/pages/editor/workbench/layoutNormalization.js(272,7): error TS7053: Element implicitly has an 'any' type because expression of type 'string' can't be used to index type '{}'.
  No index signature with a parameter of type 'string' was found on type '{}'.
src/pages/editor/workbench/layoutNormalization.js(278,5): error TS7053: Element implicitly has an 'any' type because expression of type 'string' can't be used to index type '{}'.
  No index signature with a parameter of type 'string' was found on type '{}'.
src/pages/editor/workbench/layoutNormalization.js(278,20): error TS7053: Element implicitly has an 'any' type because expression of type 'string' can't be used to index type 'Readonly<{ explorer: "left"; search: "left"; git: "left"; issues: "right"; prs: "right"; projects: "right"; extensions: "left"; account: "left"; debug: "left"; problems: "bottom"; terminal: "bottom"; }>'.
  No index signature with a parameter of type 'string' was found on type 'Readonly<{ explorer: "left"; search: "left"; git: "left"; issues: "right"; prs: "right"; projects: "right"; extensions: "left"; account: "left"; debug: "left"; problems: "bottom"; terminal: "bottom"; }>'.
src/pages/editor/workbench/layoutNormalization.js(283,27): error TS7006: Parameter 'zonePanelIds' implicitly has an 'any' type.
src/pages/editor/workbench/layoutNormalization.js(283,41): error TS7006: Parameter 'zone' implicitly has an 'any' type.
src/pages/editor/workbench/layoutNormalization.js(283,47): error TS7006: Parameter 'panelId' implicitly has an 'any' type.
src/pages/editor/workbench/layoutNormalization.js(283,56): error TS7006: Parameter 'seenPanelIds' implicitly has an 'any' type.
src/pages/editor/workbench/layoutNormalization.js(290,28): error TS7006: Parameter 'zonePanelIds' implicitly has an 'any' type.
src/pages/editor/workbench/layoutNormalization.js(290,42): error TS7006: Parameter 'zone' implicitly has an 'any' type.
src/pages/editor/workbench/layoutNormalization.js(290,48): error TS7006: Parameter 'panelIds' implicitly has an 'any' type.
src/pages/editor/workbench/layoutNormalization.js(299,35): error TS7006: Parameter 'value' implicitly has an 'any' type.
src/pages/editor/workbench/layoutNormalization.js(318,45): error TS2345: Argument of type 'null' is not assignable to parameter of type '"left" | undefined'.
src/pages/editor/workbench/layoutNormalization.js(330,32): error TS7006: Parameter 'value' implicitly has an 'any' type.
src/pages/editor/workbench/layoutNormalization.js(330,39): error TS7006: Parameter 'panelZones' implicitly has an 'any' type.
src/pages/editor/workbench/layoutNormalization.js(336,27): error TS7053: Element implicitly has an 'any' type because expression of type '"hidden" | "left" | "right" | "bottom"' can't be used to index type '{}'.
  Property 'hidden' does not exist on type '{}'.
src/pages/editor/workbench/layoutNormalization.js(342,41): error TS7053: Element implicitly has an 'any' type because expression of type 'string' can't be used to index type 'Readonly<{ explorer: "left"; search: "left"; git: "left"; issues: "right"; prs: "right"; projects: "right"; extensions: "left"; account: "left"; debug: "left"; problems: "bottom"; terminal: "bottom"; }>'.
  No index signature with a parameter of type 'string' was found on type 'Readonly<{ explorer: "left"; search: "left"; git: "left"; issues: "right"; prs: "right"; projects: "right"; extensions: "left"; account: "left"; debug: "left"; problems: "bottom"; terminal: "bottom"; }>'.
src/pages/editor/workbench/layoutNormalization.js(349,43): error TS7006: Parameter 'zonePanelIds' implicitly has an 'any' type.
src/pages/editor/workbench/layoutNormalization.js(353,9): error TS7053: Element implicitly has an 'any' type because expression of type 'any' can't be used to index type '{}'.
src/pages/editor/workbench/layoutNormalization.js(360,31): error TS7006: Parameter 'source' implicitly has an 'any' type.
src/pages/editor/workbench/layoutNormalization.js(376,46): error TS7006: Parameter 'presetId' implicitly has an 'any' type.
src/pages/editor/workbench/layoutNormalization.js(378,5): error TS7053: Element implicitly has an 'any' type because expression of type 'any' can't be used to index type 'Readonly<{ focus: Readonly<{ id: "focus"; label: "Focus"; title: "Fokus"; sidePanelSize: "focus"; bottomPanelSize: "focus"; }>; comfortable: Readonly<{ id: "comfortable"; label: "Comfort"; title: "Comfortable"; sidePanelSize: "comfortable"; bottomPanelSize: "comfortable"; }>; wide: Readonly<...>; }>'.
src/pages/editor/workbench/layoutNormalization.js(436,38): error TS7006: Parameter 'layout' implicitly has an 'any' type.
src/pages/editor/workbench/layoutNormalization.js(442,20): error TS2339: Property 'preservePanelZones' does not exist on type '{}'.
src/pages/editor/workbench/layoutNormalization.js(486,28): error TS7006: Parameter 'raw' implicitly has an 'any' type.
src/pages/editor/workbench/layoutNormalization.js(496,27): error TS7006: Parameter 'storage' implicitly has an 'any' type.
src/pages/editor/workbench/layoutNormalization.js(496,36): error TS7006: Parameter 'key' implicitly has an 'any' type.
src/pages/editor/workbench/layoutNormalization.js(504,41): error TS7006: Parameter 'storage' implicitly has an 'any' type.
src/pages/editor/workbench/layoutNormalization.js(504,50): error TS7006: Parameter 'layout' implicitly has an 'any' type.
src/pages/editor/workbench/layoutNormalization.js(540,46): error TS7006: Parameter 'layout' implicitly has an 'any' type.
src/pages/editor/workbench/panelMovement.js(17,43): error TS7006: Parameter 'panelId' implicitly has an 'any' type.
src/pages/editor/workbench/panelMovement.js(17,52): error TS7006: Parameter 'layout' implicitly has an 'any' type.
src/pages/editor/workbench/panelMovement.js(21,10): error TS7053: Element implicitly has an 'any' type because expression of type 'any' can't be used to index type '{}'.
src/pages/editor/workbench/panelMovement.js(21,54): error TS7053: Element implicitly has an 'any' type because expression of type 'any' can't be used to index type 'Readonly<{ explorer: "left"; search: "left"; git: "left"; issues: "right"; prs: "right"; projects: "right"; extensions: "left"; account: "left"; debug: "left"; problems: "bottom"; terminal: "bottom"; }>'.
src/pages/editor/workbench/panelMovement.js(24,27): error TS7006: Parameter 'index' implicitly has an 'any' type.
src/pages/editor/workbench/panelMovement.js(24,34): error TS7006: Parameter 'length' implicitly has an 'any' type.
src/pages/editor/workbench/panelMovement.js(29,24): error TS7006: Parameter 'panelIds' implicitly has an 'any' type.
src/pages/editor/workbench/panelMovement.js(29,34): error TS7006: Parameter 'panelId' implicitly has an 'any' type.
src/pages/editor/workbench/panelMovement.js(30,41): error TS7006: Parameter 'candidateId' implicitly has an 'any' type.
src/pages/editor/workbench/panelMovement.js(32,50): error TS2339: Property 'beforePanelId' does not exist on type '{}'.
src/pages/editor/workbench/panelMovement.js(33,49): error TS2339: Property 'afterPanelId' does not exist on type '{}'.
src/pages/editor/workbench/panelMovement.js(41,22): error TS2339: Property 'index' does not exist on type '{}'.
src/pages/editor/workbench/panelMovement.js(42,51): error TS2339: Property 'index' does not exist on type '{}'.
src/pages/editor/workbench/panelMovement.js(52,42): error TS7006: Parameter 'layout' implicitly has an 'any' type.
src/pages/editor/workbench/panelMovement.js(52,50): error TS7006: Parameter 'snapZone' implicitly has an 'any' type.
src/pages/editor/workbench/panelMovement.js(56,10): error TS7053: Element implicitly has an 'any' type because expression of type '"left"' can't be used to index type '{}'.
  Property 'left' does not exist on type '{}'.
src/pages/editor/workbench/panelMovement.js(57,10): error TS7053: Element implicitly has an 'any' type because expression of type '"right"' can't be used to index type '{}'.
  Property 'right' does not exist on type '{}'.
src/pages/editor/workbench/panelMovement.js(61,44): error TS2345: Argument of type 'null' is not assignable to parameter of type '"left" | undefined'.
src/pages/editor/workbench/panelMovement.js(63,15): error TS7053: Element implicitly has an 'any' type because expression of type 'any' can't be used to index type '{}'.
src/pages/editor/workbench/panelMovement.js(66,50): error TS7006: Parameter 'layout' implicitly has an 'any' type.
src/pages/editor/workbench/panelMovement.js(66,58): error TS7006: Parameter 'placement' implicitly has an 'any' type.
src/pages/editor/workbench/panelMovement.js(70,12): error TS7053: Element implicitly has an 'any' type because expression of type '"hidden" | "left" | "right" | "bottom"' can't be used to index type '{}'.
  Property 'hidden' does not exist on type '{}'.
src/pages/editor/workbench/panelMovement.js(74,33): error TS7006: Parameter 'layout' implicitly has an 'any' type.
src/pages/editor/workbench/panelMovement.js(74,41): error TS7006: Parameter 'panelId' implicitly has an 'any' type.
src/pages/editor/workbench/panelMovement.js(74,50): error TS7006: Parameter 'snapZone' implicitly has an 'any' type.
src/pages/editor/workbench/panelMovement.js(80,5): error TS7053: Element implicitly has an 'any' type because expression of type 'any' can't be used to index type '{}'.
src/pages/editor/workbench/panelMovement.js(80,49): error TS7053: Element implicitly has an 'any' type because expression of type 'any' can't be used to index type 'Readonly<{ explorer: "left"; search: "left"; git: "left"; issues: "right"; prs: "right"; projects: "right"; extensions: "left"; account: "left"; debug: "left"; problems: "bottom"; terminal: "bottom"; }>'.
src/pages/editor/workbench/panelMovement.js(85,50): error TS2339: Property 'beforePanelId' does not exist on type '{}'.
src/pages/editor/workbench/panelMovement.js(86,49): error TS2339: Property 'afterPanelId' does not exist on type '{}'.
src/pages/editor/workbench/panelMovement.js(93,19): error TS2339: Property 'index' does not exist on type '{}'.
src/pages/editor/workbench/panelMovement.js(93,27): error TS7053: Element implicitly has an 'any' type because expression of type 'any' can't be used to index type '{}'.
src/pages/editor/workbench/panelMovement.js(94,26): error TS2339: Property 'beforePanelId' does not exist on type '{}'.
src/pages/editor/workbench/panelMovement.js(95,26): error TS2339: Property 'afterPanelId' does not exist on type '{}'.
src/pages/editor/workbench/panelMovement.js(99,5): error TS7053: Element implicitly has an 'any' type because expression of type '"hidden" | "left" | "right" | "bottom"' can't be used to index type '{}'.
  Property 'hidden' does not exist on type '{}'.
src/pages/editor/workbench/panelMovement.js(99,26): error TS7053: Element implicitly has an 'any' type because expression of type '"hidden" | "left" | "right" | "bottom"' can't be used to index type '{}'.
  Property 'hidden' does not exist on type '{}'.
src/pages/editor/workbench/panelMovement.js(100,8): error TS7006: Parameter 'candidateId' implicitly has an 'any' type.
src/pages/editor/workbench/panelMovement.js(104,3): error TS7053: Element implicitly has an 'any' type because expression of type 'any' can't be used to index type '{}'.
src/pages/editor/workbench/panelMovement.js(105,5): error TS7053: Element implicitly has an 'any' type because expression of type 'any' can't be used to index type '{}'.
src/pages/editor/workbench/panelMovement.js(117,31): error TS7006: Parameter 'panelOrRequest' implicitly has an 'any' type.
src/pages/editor/workbench/panelMovement.js(117,47): error TS7006: Parameter 'snapZone' implicitly has an 'any' type.
src/pages/editor/workbench/panelMovement.js(135,3): error TS7006: Parameter 'layout' implicitly has an 'any' type.
src/pages/editor/workbench/panelMovement.js(136,3): error TS7006: Parameter 'panelOrRequest' implicitly has an 'any' type.
src/pages/editor/workbench/panelMovement.js(137,3): error TS7006: Parameter 'snapZone' implicitly has an 'any' type.
src/pages/editor/workbench/panelMovement.js(152,22): error TS7053: Element implicitly has an 'any' type because expression of type 'any' can't be used to index type '{}'.
src/pages/editor/workbench/panelMovement.js(152,56): error TS7053: Element implicitly has an 'any' type because expression of type 'any' can't be used to index type 'Readonly<{ explorer: "left"; search: "left"; git: "left"; issues: "right"; prs: "right"; projects: "right"; extensions: "left"; account: "left"; debug: "left"; problems: "bottom"; terminal: "bottom"; }>'.
src/pages/editor/workbench/panelMovement.js(183,43): error TS7006: Parameter 'layout' implicitly has an 'any' type.
src/pages/editor/workbench/panelMovement.js(183,51): error TS7006: Parameter 'panelId' implicitly has an 'any' type.
src/pages/editor/workbench/panelMovement.js(183,60): error TS7006: Parameter 'snapZone' implicitly has an 'any' type.
src/pages/editor/workbench/panelMovement.js(187,36): error TS7006: Parameter 'layout' implicitly has an 'any' type.
src/pages/editor/workbench/panelMovement.js(187,44): error TS7006: Parameter 'panelId' implicitly has an 'any' type.
src/pages/editor/workbench/panelMovement.js(195,44): error TS7006: Parameter 'panelId' implicitly has an 'any' type.
src/pages/editor/workbench/panelMovement.js(195,53): error TS7006: Parameter 'layout' implicitly has an 'any' type.
src/pages/editor/workbench/panelMovement.js(199,44): error TS7006: Parameter 'layout' implicitly has an 'any' type.
src/pages/editor/workbench/panelMovement.js(199,52): error TS7006: Parameter 'panelId' implicitly has an 'any' type.
src/pages/editor/workbench/panelMovement.js(199,61): error TS7006: Parameter 'placement' implicitly has an 'any' type.
src/pages/editor/workbench/sizePresets.js(20,34): error TS7006: Parameter 'sizeId' implicitly has an 'any' type.
src/pages/editor/workbench/sizePresets.js(27,10): error TS7053: Element implicitly has an 'any' type because expression of type 'any' can't be used to index type 'Readonly<{ focus: Readonly<{ id: "focus"; label: "F"; title: "Fokus"; width: "clamp(12.5rem, 14vw, 14.5rem)"; minWidth: "12.5rem"; maxWidth: "14.5rem"; compactWidth: "min(15.5rem, calc(100vw - 3.25rem))"; style: Readonly<...>; compactStyle: Readonly<...>; }>; comfortable: Readonly<...>; wide: Readonly<...>; }>'.
src/pages/editor/workbench/sizePresets.js(34,36): error TS7006: Parameter 'sizeId' implicitly has an 'any' type.
src/pages/editor/workbench/sizePresets.js(41,10): error TS7053: Element implicitly has an 'any' type because expression of type 'any' can't be used to index type 'Readonly<{ focus: Readonly<{ id: "focus"; label: "F"; title: "Fokus"; className: "h-[clamp(9rem,22vh,13.5rem)] shrink-0"; compactClassName: "h-[clamp(7.5rem,30vh,12rem)] shrink-0"; style: Readonly<{ height: "clamp(9rem, 22vh, 13.5rem)"; flex: "0 0 clamp(9rem, 22vh, 13.5rem)"; minHeight: "min(9rem, 32vh)"; maxHeight:...'.
src/pages/editor/workbench/sizePresets.js(48,56): error TS2339: Property 'size' does not exist on type '{ compact?: boolean | undefined; }'.
src/pages/editor/workbench/sizePresets.js(56,58): error TS7006: Parameter 'dockId' implicitly has an 'any' type.
src/pages/editor/workbench/sizePresets.js(57,15): error TS2339: Property 'compact' does not exist on type '{}'.
src/pages/editor/workbench/sizePresets.js(90,7): error TS7053: Element implicitly has an 'any' type because expression of type 'any' can't be used to index type 'Readonly<{ focus: Readonly<{ id: "focus"; label: "Focus"; title: "Fokus"; sidePanelSize: "focus"; bottomPanelSize: "focus"; }>; comfortable: Readonly<{ id: "comfortable"; label: "Comfort"; title: "Comfortable"; sidePanelSize: "comfortable"; bottomPanelSize: "comfortable"; }>; wide: Readonly<...>; }>'.
src/pages/editor/workbench/sizePresets.js(91,12): error TS7053: Element implicitly has an 'any' type because expression of type 'any' can't be used to index type 'Readonly<{ focus: Readonly<{ id: "focus"; label: "Focus"; title: "Fokus"; sidePanelSize: "focus"; bottomPanelSize: "focus"; }>; comfortable: Readonly<{ id: "comfortable"; label: "Comfort"; title: "Comfortable"; sidePanelSize: "comfortable"; bottomPanelSize: "comfortable"; }>; wide: Readonly<...>; }>'.
src/pages/editor/workbench/sizePresets.js(96,5): error TS7053: Element implicitly has an 'any' type because expression of type 'any' can't be used to index type 'Readonly<{ focus: Readonly<{ id: "focus"; label: "Focus"; title: "Fokus"; sidePanelSize: "focus"; bottomPanelSize: "focus"; }>; comfortable: Readonly<{ id: "comfortable"; label: "Comfort"; title: "Comfortable"; sidePanelSize: "comfortable"; bottomPanelSize: "comfortable"; }>; wide: Readonly<...>; }>'.
src/pages/editor/workbench/sizePresets.js(105,50): error TS7006: Parameter 'value' implicitly has an 'any' type.
src/pages/editor/workbench/sizePresets.js(112,3): error TS2339: Property 'viewportWidth' does not exist on type '{ compact?: boolean | undefined; }'.
src/pages/editor/workbench/sizePresets.js(113,3): error TS2339: Property 'viewportHeight' does not exist on type '{ compact?: boolean | undefined; }'.
src/pages/editor/workbench/sizePresets.js(124,46): error TS7006: Parameter 'sizeId' implicitly has an 'any' type.
src/pages/editor/workbench/sizePresets.js(133,58): error TS2339: Property 'viewportWidth' does not exist on type '{}'.
src/pages/editor/workbench/sizePresets.js(141,48): error TS7006: Parameter 'sizeId' implicitly has an 'any' type.
src/pages/editor/workbench/sizePresets.js(150,59): error TS2339: Property 'viewportHeight' does not exist on type '{}'.
src/pages/editor/workbench/sizePresets.js(191,30): error TS2339: Property 'responsive' does not exist on type '{}'.
src/pages/editor/workbench/sizePresets.js(194,18): error TS7053: Element implicitly has an 'any' type because expression of type 'any' can't be used to index type 'Readonly<{ focus: Readonly<{ id: "focus"; label: "Focus"; title: "Fokus"; sidePanelSize: "focus"; bottomPanelSize: "focus"; }>; comfortable: Readonly<{ id: "comfortable"; label: "Comfort"; title: "Comfortable"; sidePanelSize: "comfortable"; bottomPanelSize: "comfortable"; }>; wide: Readonly<...>; }>'.
src/pages/editor/workbench/sizePresets.js(212,24): error TS7006: Parameter 'sequence' implicitly has an 'any' type.
src/pages/editor/workbench/sizePresets.js(212,34): error TS7006: Parameter 'currentId' implicitly has an 'any' type.
src/pages/editor/workbench/sizePresets.js(212,45): error TS7006: Parameter 'registry' implicitly has an 'any' type.
src/pages/editor/workbench/sizePresets.js(212,55): error TS7006: Parameter 'aliases' implicitly has an 'any' type.
src/pages/editor/workbench/sizePresets.js(219,38): error TS7006: Parameter 'sizeId' implicitly has an 'any' type.
src/pages/editor/workbench/sizePresets.js(228,40): error TS7006: Parameter 'sizeId' implicitly has an 'any' type.
src/pages/editor/workbench/sizePresets.js(237,38): error TS7006: Parameter 'layout' implicitly has an 'any' type.
src/pages/editor/workbench/sizePresets.js(237,46): error TS7006: Parameter 'dockId' implicitly has an 'any' type.
src/pages/editor/workbench/sizePresets.js(237,54): error TS7006: Parameter 'sizeId' implicitly has an 'any' type.
src/pages/editor/workbench/sizePresets.js(279,44): error TS7006: Parameter 'layout' implicitly has an 'any' type.
src/pages/editor/workbench/sizePresets.js(279,52): error TS7006: Parameter 'dockId' implicitly has an 'any' type.
src/pages/editor/workbench/sizePresets.js(279,60): error TS7006: Parameter 'pixelSize' implicitly has an 'any' type.
src/pages/editor/workbench/sizePresets.js(311,40): error TS7006: Parameter 'layout' implicitly has an 'any' type.
src/pages/editor/workbench/sizePresets.js(311,48): error TS7006: Parameter 'dockId' implicitly has an 'any' type.
src/pages/editor/workbench/sizePresets.js(328,44): error TS7006: Parameter 'layout' implicitly has an 'any' type.
src/pages/editor/workbench/sizePresets.js(328,52): error TS7006: Parameter 'presetId' implicitly has an 'any' type.
src/theme/nexusThemeResolver.js(1,16): error TS7006: Parameter 'value' implicitly has an 'any' type.
src/theme/nexusThemeResolver.js(1,23): error TS7006: Parameter 'min' implicitly has an 'any' type.
src/theme/nexusThemeResolver.js(1,28): error TS7006: Parameter 'max' implicitly has an 'any' type.
src/theme/nexusThemeResolver.js(9,28): error TS7006: Parameter 'value' implicitly has an 'any' type.
src/theme/nexusThemeResolver.js(23,36): error TS7006: Parameter 'value' implicitly has an 'any' type.
src/theme/nexusThemeResolver.js(31,21): error TS7006: Parameter 'value' implicitly has an 'any' type.
src/theme/nexusThemeResolver.js(42,18): error TS7006: Parameter 'channel' implicitly has an 'any' type.
src/theme/nexusThemeResolver.js(49,24): error TS7006: Parameter 'value' implicitly has an 'any' type.
src/theme/nexusThemeResolver.js(58,25): error TS7006: Parameter 'value' implicitly has an 'any' type.
src/theme/nexusThemeResolver.js(58,32): error TS7006: Parameter 'fallback' implicitly has an 'any' type.
src/theme/nexusThemeResolver.js(62,20): error TS7006: Parameter 'value' implicitly has an 'any' type.
src/theme/nexusThemeResolver.js(62,38): error TS7006: Parameter 'fallback' implicitly has an 'any' type.
src/theme/nexusThemeResolver.js(67,25): error TS7006: Parameter 'value' implicitly has an 'any' type.
src/theme/nexusThemeResolver.js(67,32): error TS7006: Parameter 'fallback' implicitly has an 'any' type.
src/theme/nexusThemeResolver.js(100,19): error TS7006: Parameter 'value' implicitly has an 'any' type.
src/theme/nexusThemeResolver.js(100,26): error TS7006: Parameter 'fallback' implicitly has an 'any' type.
src/theme/nexusThemeResolver.js(104,28): error TS7006: Parameter 'value' implicitly has an 'any' type.
src/theme/nexusThemeResolver.js(104,35): error TS7006: Parameter 'fallback' implicitly has an 'any' type.
src/theme/nexusThemeResolver.js(110,28): error TS2339: Property 'visual_performance_profile' does not exist on type '{}'.
src/theme/nexusThemeResolver.js(111,30): error TS2339: Property 'panel_background_mode' does not exist on type '{}'.
src/theme/nexusThemeResolver.js(112,54): error TS2339: Property 'panel_blur_strength' does not exist on type '{}'.
src/theme/nexusThemeResolver.js(114,32): error TS2339: Property 'glow_intensity' does not exist on type '{}'.
src/theme/nexusThemeResolver.js(118,55): error TS2339: Property 'glow_radius' does not exist on type '{}'.
src/theme/nexusThemeResolver.js(121,14): error TS2339: Property 'smooth_caret' does not exist on type '{}'.
src/theme/nexusThemeResolver.js(409,34): error TS7006: Parameter 'themeId' implicitly has an 'any' type.
src/theme/nexusThemeResolver.js(411,10): error TS7053: Element implicitly has an 'any' type because expression of type 'any' can't be used to index type 'Readonly<{ nexus_vibrant: { id: string; name: string; legacyName: string; description: string; bg_type: string; bg_value: string; surface: string; border: string; text: string; muted: string; accent: string; ... 5 more ...; semantic: { ...; }; }; ... 4 more ...; void_pitch: { ...; }; }>'.
src/theme/nexusThemeResolver.js(414,25): error TS7006: Parameter 'themeId' implicitly has an 'any' type.
src/theme/nexusThemeResolver.js(415,10): error TS7053: Element implicitly has an 'any' type because expression of type 'any' can't be used to index type 'Readonly<{ nexus_vibrant: { id: string; name: string; legacyName: string; description: string; bg_type: string; bg_value: string; surface: string; border: string; text: string; muted: string; accent: string; ... 5 more ...; semantic: { ...; }; }; ... 4 more ...; void_pitch: { ...; }; }>'.
src/theme/nexusThemeResolver.js(418,30): error TS7006: Parameter 'backgroundId' implicitly has an 'any' type.
src/theme/nexusThemeResolver.js(419,26): error TS7053: Element implicitly has an 'any' type because expression of type 'any' can't be used to index type 'Readonly<{ nexus_dark: { id: string; name: string; type: string; value: string; surface: string; border: string; swatches: string[]; }; neon_ultra: { id: string; name: string; type: string; value: string; surface: string; border: string; swatches: string[]; }; ... 4 more ...; void: { ...; }; }>'.
src/theme/nexusThemeResolver.js(420,7): error TS7053: Element implicitly has an 'any' type because expression of type 'any' can't be used to index type 'Readonly<{ nexus_dark: { id: string; name: string; type: string; value: string; surface: string; border: string; swatches: string[]; }; neon_ultra: { id: string; name: string; type: string; value: string; surface: string; border: string; swatches: string[]; }; ... 4 more ...; void: { ...; }; }>'.
src/theme/nexusThemeResolver.js(424,28): error TS7006: Parameter 'preset' implicitly has an 'any' type.
src/theme/nexusThemeResolver.js(481,20): error TS7053: Element implicitly has an 'any' type because expression of type 'string' can't be used to index type 'Readonly<{ nexus_vibrant: { id: string; name: string; legacyName: string; description: string; bg_type: string; bg_value: string; surface: string; border: string; text: string; muted: string; accent: string; ... 5 more ...; semantic: { ...; }; }; ... 4 more ...; void_pitch: { ...; }; }>'.
  No index signature with a parameter of type 'string' was found on type 'Readonly<{ nexus_vibrant: { id: string; name: string; legacyName: string; description: string; bg_type: string; bg_value: string; surface: string; border: string; text: string; muted: string; accent: string; ... 5 more ...; semantic: { ...; }; }; ... 4 more ...; void_pitch: { ...; }; }>'.
src/theme/nexusThemeResolver.js(500,20): error TS7053: Element implicitly has an 'any' type because expression of type 'string' can't be used to index type 'Readonly<{ nexus_dark: { id: string; name: string; type: string; value: string; surface: string; border: string; swatches: string[]; }; neon_ultra: { id: string; name: string; type: string; value: string; surface: string; border: string; swatches: string[]; }; ... 4 more ...; void: { ...; }; }>'.
  No index signature with a parameter of type 'string' was found on type 'Readonly<{ nexus_dark: { id: string; name: string; type: string; value: string; surface: string; border: string; swatches: string[]; }; neon_ultra: { id: string; name: string; type: string; value: string; surface: string; border: string; swatches: string[]; }; ... 4 more ...; void: { ...; }; }>'.
src/theme/nexusThemeResolver.js(509,51): error TS7006: Parameter 'resolvedTheme' implicitly has an 'any' type.
src/theme/nexusThemeResolver.js(560,41): error TS2339: Property 'theme' does not exist on type '{}'.
src/theme/nexusThemeResolver.js(561,51): error TS2339: Property 'background' does not exist on type '{}'.
src/theme/nexusThemeResolver.js(563,46): error TS2339: Property 'primary_accent' does not exist on type '{}'.
src/theme/nexusThemeResolver.js(564,48): error TS2339: Property 'secondary_accent' does not exist on type '{}'.
src/theme/nexusThemeResolver.js(569,60): error TS2339: Property 'custom_surface' does not exist on type '{}'.
src/theme/nexusThemeResolver.js(570,65): error TS2339: Property 'custom_input_surface' does not exist on type '{}'.
../packages/nexus-core/node_modules/react/cjs/react-jsx-runtime.development.js(12,18): error TS2591: Cannot find name 'process'. Do you need to install type definitions for node? Try `npm i --save-dev @types/node` and then add 'node' to the types field in your tsconfig.
../packages/nexus-core/node_modules/react/cjs/react-jsx-runtime.development.js(14,14): error TS7023: 'getComponentNameFromType' implicitly has return type 'any' because it does not have a return type annotation and is referenced directly or indirectly in one of its return expressions.
../packages/nexus-core/node_modules/react/cjs/react-jsx-runtime.development.js(14,39): error TS7006: Parameter 'type' implicitly has an 'any' type.
../packages/nexus-core/node_modules/react/cjs/react-jsx-runtime.development.js(72,33): error TS7006: Parameter 'value' implicitly has an 'any' type.
../packages/nexus-core/node_modules/react/cjs/react-jsx-runtime.development.js(75,37): error TS7006: Parameter 'value' implicitly has an 'any' type.
../packages/nexus-core/node_modules/react/cjs/react-jsx-runtime.development.js(83,9): error TS2322: Type 'Console' is not assignable to type 'boolean'.
../packages/nexus-core/node_modules/react/cjs/react-jsx-runtime.development.js(84,62): error TS2339: Property 'error' does not exist on type 'boolean'.
../packages/nexus-core/node_modules/react/cjs/react-jsx-runtime.development.js(99,26): error TS7006: Parameter 'type' implicitly has an 'any' type.
../packages/nexus-core/node_modules/react/cjs/react-jsx-runtime.development.js(116,54): error TS2339: Property 'getOwner' does not exist on type 'never'.
../packages/nexus-core/node_modules/react/cjs/react-jsx-runtime.development.js(121,26): error TS7006: Parameter 'config' implicitly has an 'any' type.
../packages/nexus-core/node_modules/react/cjs/react-jsx-runtime.development.js(123,22): error TS2532: Object is possibly 'undefined'.
../packages/nexus-core/node_modules/react/cjs/react-jsx-runtime.development.js(124,30): error TS2339: Property 'isReactWarning' does not exist on type '() => any'.
../packages/nexus-core/node_modules/react/cjs/react-jsx-runtime.development.js(128,41): error TS7006: Parameter 'props' implicitly has an 'any' type.
../packages/nexus-core/node_modules/react/cjs/react-jsx-runtime.development.js(128,48): error TS7006: Parameter 'displayName' implicitly has an 'any' type.
../packages/nexus-core/node_modules/react/cjs/react-jsx-runtime.development.js(130,9): error TS7005: Variable 'specialPropKeyWarningShown' implicitly has an 'any' type.
../packages/nexus-core/node_modules/react/cjs/react-jsx-runtime.development.js(144,52): error TS2683: 'this' implicitly has type 'any' because it does not have a type annotation.
../packages/nexus-core/node_modules/react/cjs/react-jsx-runtime.development.js(145,7): error TS7053: Element implicitly has an 'any' type because expression of type 'any' can't be used to index type '{}'.
../packages/nexus-core/node_modules/react/cjs/react-jsx-runtime.development.js(146,11): error TS7053: Element implicitly has an 'any' type because expression of type 'any' can't be used to index type '{}'.
../packages/nexus-core/node_modules/react/cjs/react-jsx-runtime.development.js(150,23): error TS2683: 'this' implicitly has type 'any' because it does not have a type annotation.
../packages/nexus-core/node_modules/react/cjs/react-jsx-runtime.development.js(153,27): error TS7006: Parameter 'type' implicitly has an 'any' type.
../packages/nexus-core/node_modules/react/cjs/react-jsx-runtime.development.js(153,33): error TS7006: Parameter 'key' implicitly has an 'any' type.
../packages/nexus-core/node_modules/react/cjs/react-jsx-runtime.development.js(153,38): error TS7006: Parameter 'props' implicitly has an 'any' type.
../packages/nexus-core/node_modules/react/cjs/react-jsx-runtime.development.js(153,45): error TS7006: Parameter 'owner' implicitly has an 'any' type.
../packages/nexus-core/node_modules/react/cjs/react-jsx-runtime.development.js(153,52): error TS7006: Parameter 'debugStack' implicitly has an 'any' type.
../packages/nexus-core/node_modules/react/cjs/react-jsx-runtime.development.js(153,64): error TS7006: Parameter 'debugTask' implicitly has an 'any' type.
../packages/nexus-core/node_modules/react/cjs/react-jsx-runtime.development.js(197,7): error TS7006: Parameter 'type' implicitly has an 'any' type.
../packages/nexus-core/node_modules/react/cjs/react-jsx-runtime.development.js(198,7): error TS7006: Parameter 'config' implicitly has an 'any' type.
../packages/nexus-core/node_modules/react/cjs/react-jsx-runtime.development.js(199,7): error TS7006: Parameter 'maybeKey' implicitly has an 'any' type.
../packages/nexus-core/node_modules/react/cjs/react-jsx-runtime.development.js(200,7): error TS7006: Parameter 'isStaticChildren' implicitly has an 'any' type.
../packages/nexus-core/node_modules/react/cjs/react-jsx-runtime.development.js(201,7): error TS7006: Parameter 'debugStack' implicitly has an 'any' type.
../packages/nexus-core/node_modules/react/cjs/react-jsx-runtime.development.js(202,7): error TS7006: Parameter 'debugTask' implicitly has an 'any' type.
../packages/nexus-core/node_modules/react/cjs/react-jsx-runtime.development.js(229,9): error TS7053: Element implicitly has an 'any' type because expression of type 'any' can't be used to index type '{}'.
../packages/nexus-core/node_modules/react/cjs/react-jsx-runtime.development.js(230,13): error TS2322: Type 'string' is not assignable to type 'string[]'.
../packages/nexus-core/node_modules/react/cjs/react-jsx-runtime.development.js(239,12): error TS7053: Element implicitly has an 'any' type because expression of type 'any' can't be used to index type '{}'.
../packages/nexus-core/node_modules/react/cjs/react-jsx-runtime.development.js(267,32): error TS7006: Parameter 'node' implicitly has an 'any' type.
../packages/nexus-core/node_modules/react/cjs/react-jsx-runtime.development.js(279,29): error TS7006: Parameter 'object' implicitly has an 'any' type.
../packages/nexus-core/node_modules/react/cjs/react-jsx-runtime.development.js(305,28): error TS2339: Property 'createTask' does not exist on type 'Console'.
../packages/nexus-core/node_modules/react/cjs/react-jsx-runtime.development.js(306,19): error TS2339: Property 'createTask' does not exist on type 'Console'.
../packages/nexus-core/node_modules/react/cjs/react-jsx-runtime.development.js(310,5): error TS2632: Cannot assign to 'React' because it is an import.
../packages/nexus-core/node_modules/react/cjs/react-jsx-runtime.development.js(311,43): error TS7006: Parameter 'callStackForError' implicitly has an 'any' type.
../packages/nexus-core/node_modules/react/cjs/react-jsx-runtime.development.js(315,9): error TS7034: Variable 'specialPropKeyWarningShown' implicitly has type 'any' in some locations where its type cannot be determined.
../packages/nexus-core/node_modules/react/cjs/react-jsx-runtime.development.js(317,40): error TS2339: Property 'react_stack_bottom_frame' does not exist on type 'typeof import("F:/Coding/Nexus Workspace/Nexus-Ecosystem/packages/nexus-core/node_modules/react/cjs/react.production") | typeof import("F:/Coding/Nexus Workspace/Nexus-Ecosystem/packages/nexus-core/node_modules/react/cjs/react.development")'.
  Property 'react_stack_bottom_frame' does not exist on type 'typeof import("F:/Coding/Nexus Workspace/Nexus-Ecosystem/packages/nexus-core/node_modules/react/cjs/react.production")'.
../packages/nexus-core/node_modules/react/cjs/react-jsx-runtime.development.js(324,29): error TS7006: Parameter 'type' implicitly has an 'any' type.
../packages/nexus-core/node_modules/react/cjs/react-jsx-runtime.development.js(324,35): error TS7006: Parameter 'config' implicitly has an 'any' type.
../packages/nexus-core/node_modules/react/cjs/react-jsx-runtime.development.js(324,43): error TS7006: Parameter 'maybeKey' implicitly has an 'any' type.
../packages/nexus-core/node_modules/react/cjs/react-jsx-runtime.development.js(326,36): error TS2339: Property 'recentlyCreatedOwnerStacks' does not exist on type '{ H: null; A: null; T: null; S: null; } | { H: null; A: null; T: null; S: null; actQueue: null; asyncTransitions: number; isBatchingLegacy: boolean; didScheduleLegacyUpdate: boolean; didUsePromise: boolean; thrownErrors: never[]; getCurrentStack: null; recentlyCreatedOwnerStacks: number; }'.
  Property 'recentlyCreatedOwnerStacks' does not exist on type '{ H: null; A: null; T: null; S: null; }'.
../packages/nexus-core/node_modules/react/cjs/react-jsx-runtime.development.js(338,30): error TS7006: Parameter 'type' implicitly has an 'any' type.
../packages/nexus-core/node_modules/react/cjs/react-jsx-runtime.development.js(338,36): error TS7006: Parameter 'config' implicitly has an 'any' type.
../packages/nexus-core/node_modules/react/cjs/react-jsx-runtime.development.js(338,44): error TS7006: Parameter 'maybeKey' implicitly has an 'any' type.
../packages/nexus-core/node_modules/react/cjs/react-jsx-runtime.development.js(340,36): error TS2339: Property 'recentlyCreatedOwnerStacks' does not exist on type '{ H: null; A: null; T: null; S: null; } | { H: null; A: null; T: null; S: null; actQueue: null; asyncTransitions: number; isBatchingLegacy: boolean; didScheduleLegacyUpdate: boolean; didUsePromise: boolean; thrownErrors: never[]; getCurrentStack: null; recentlyCreatedOwnerStacks: number; }'.
  Property 'recentlyCreatedOwnerStacks' does not exist on type '{ H: null; A: null; T: null; S: null; }'.
../packages/nexus-core/node_modules/react/cjs/react-jsx-runtime.production.js(14,18): error TS7006: Parameter 'type' implicitly has an 'any' type.
../packages/nexus-core/node_modules/react/cjs/react-jsx-runtime.production.js(14,24): error TS7006: Parameter 'config' implicitly has an 'any' type.
../packages/nexus-core/node_modules/react/cjs/react-jsx-runtime.production.js(14,32): error TS7006: Parameter 'maybeKey' implicitly has an 'any' type.
../packages/nexus-core/node_modules/react/cjs/react.development.js(12,18): error TS2591: Cannot find name 'process'. Do you need to install type definitions for node? Try `npm i --save-dev @types/node` and then add 'node' to the types field in your tsconfig.
../packages/nexus-core/node_modules/react/cjs/react.development.js(14,39): error TS7006: Parameter 'methodName' implicitly has an 'any' type.
../packages/nexus-core/node_modules/react/cjs/react.development.js(14,51): error TS7006: Parameter 'info' implicitly has an 'any' type.
../packages/nexus-core/node_modules/react/cjs/react.development.js(25,28): error TS7006: Parameter 'maybeIterable' implicitly has an 'any' type.
../packages/nexus-core/node_modules/react/cjs/react.development.js(33,23): error TS7006: Parameter 'publicInstance' implicitly has an 'any' type.
../packages/nexus-core/node_modules/react/cjs/react.development.js(33,39): error TS7006: Parameter 'callerName' implicitly has an 'any' type.
../packages/nexus-core/node_modules/react/cjs/react.development.js(39,7): error TS7053: Element implicitly has an 'any' type because expression of type 'string' can't be used to index type '{}'.
  No index signature with a parameter of type 'string' was found on type '{}'.
../packages/nexus-core/node_modules/react/cjs/react.development.js(45,10): error TS7053: Element implicitly has an 'any' type because expression of type 'string' can't be used to index type '{}'.
  No index signature with a parameter of type 'string' was found on type '{}'.
../packages/nexus-core/node_modules/react/cjs/react.development.js(47,24): error TS7006: Parameter 'props' implicitly has an 'any' type.
../packages/nexus-core/node_modules/react/cjs/react.development.js(47,31): error TS7006: Parameter 'context' implicitly has an 'any' type.
../packages/nexus-core/node_modules/react/cjs/react.development.js(47,40): error TS7006: Parameter 'updater' implicitly has an 'any' type.
../packages/nexus-core/node_modules/react/cjs/react.development.js(54,28): error TS7006: Parameter 'props' implicitly has an 'any' type.
../packages/nexus-core/node_modules/react/cjs/react.development.js(54,35): error TS7006: Parameter 'context' implicitly has an 'any' type.
../packages/nexus-core/node_modules/react/cjs/react.development.js(54,44): error TS7006: Parameter 'updater' implicitly has an 'any' type.
../packages/nexus-core/node_modules/react/cjs/react.development.js(61,33): error TS7006: Parameter 'value' implicitly has an 'any' type.
../packages/nexus-core/node_modules/react/cjs/react.development.js(64,37): error TS7006: Parameter 'value' implicitly has an 'any' type.
../packages/nexus-core/node_modules/react/cjs/react.development.js(72,9): error TS2322: Type 'Console' is not assignable to type 'boolean'.
../packages/nexus-core/node_modules/react/cjs/react.development.js(73,62): error TS2339: Property 'error' does not exist on type 'boolean'.
../packages/nexus-core/node_modules/react/cjs/react.development.js(88,14): error TS7023: 'getComponentNameFromType' implicitly has return type 'any' because it does not have a return type annotation and is referenced directly or indirectly in one of its return expressions.
../packages/nexus-core/node_modules/react/cjs/react.development.js(88,39): error TS7006: Parameter 'type' implicitly has an 'any' type.
../packages/nexus-core/node_modules/react/cjs/react.development.js(146,26): error TS7006: Parameter 'type' implicitly has an 'any' type.
../packages/nexus-core/node_modules/react/cjs/react.development.js(163,54): error TS2339: Property 'getOwner' does not exist on type 'never'.
../packages/nexus-core/node_modules/react/cjs/react.development.js(168,26): error TS7006: Parameter 'config' implicitly has an 'any' type.
../packages/nexus-core/node_modules/react/cjs/react.development.js(170,22): error TS2532: Object is possibly 'undefined'.
../packages/nexus-core/node_modules/react/cjs/react.development.js(171,30): error TS2339: Property 'isReactWarning' does not exist on type '() => any'.
../packages/nexus-core/node_modules/react/cjs/react.development.js(175,41): error TS7006: Parameter 'props' implicitly has an 'any' type.
../packages/nexus-core/node_modules/react/cjs/react.development.js(175,48): error TS7006: Parameter 'displayName' implicitly has an 'any' type.
../packages/nexus-core/node_modules/react/cjs/react.development.js(177,9): error TS7005: Variable 'specialPropKeyWarningShown' implicitly has an 'any' type.
../packages/nexus-core/node_modules/react/cjs/react.development.js(191,52): error TS2683: 'this' implicitly has type 'any' because it does not have a type annotation.
../packages/nexus-core/node_modules/react/cjs/react.development.js(192,7): error TS7053: Element implicitly has an 'any' type because expression of type 'any' can't be used to index type '{}'.
../packages/nexus-core/node_modules/react/cjs/react.development.js(193,11): error TS7053: Element implicitly has an 'any' type because expression of type 'any' can't be used to index type '{}'.
../packages/nexus-core/node_modules/react/cjs/react.development.js(197,23): error TS2683: 'this' implicitly has type 'any' because it does not have a type annotation.
../packages/nexus-core/node_modules/react/cjs/react.development.js(200,27): error TS7006: Parameter 'type' implicitly has an 'any' type.
../packages/nexus-core/node_modules/react/cjs/react.development.js(200,33): error TS7006: Parameter 'key' implicitly has an 'any' type.
../packages/nexus-core/node_modules/react/cjs/react.development.js(200,38): error TS7006: Parameter 'props' implicitly has an 'any' type.
../packages/nexus-core/node_modules/react/cjs/react.development.js(200,45): error TS7006: Parameter 'owner' implicitly has an 'any' type.
../packages/nexus-core/node_modules/react/cjs/react.development.js(200,52): error TS7006: Parameter 'debugStack' implicitly has an 'any' type.
../packages/nexus-core/node_modules/react/cjs/react.development.js(200,64): error TS7006: Parameter 'debugTask' implicitly has an 'any' type.
../packages/nexus-core/node_modules/react/cjs/react.development.js(243,33): error TS7006: Parameter 'oldElement' implicitly has an 'any' type.
../packages/nexus-core/node_modules/react/cjs/react.development.js(243,45): error TS7006: Parameter 'newKey' implicitly has an 'any' type.
../packages/nexus-core/node_modules/react/cjs/react.development.js(256,32): error TS7006: Parameter 'node' implicitly has an 'any' type.
../packages/nexus-core/node_modules/react/cjs/react.development.js(268,29): error TS7006: Parameter 'object' implicitly has an 'any' type.
../packages/nexus-core/node_modules/react/cjs/react.development.js(275,21): error TS7006: Parameter 'key' implicitly has an 'any' type.
../packages/nexus-core/node_modules/react/cjs/react.development.js(279,40): error TS7006: Parameter 'match' implicitly has an 'any' type.
../packages/nexus-core/node_modules/react/cjs/react.development.js(280,18): error TS7053: Element implicitly has an 'any' type because expression of type 'any' can't be used to index type '{ "=": string; ":": string; }'.
../packages/nexus-core/node_modules/react/cjs/react.development.js(284,28): error TS7006: Parameter 'element' implicitly has an 'any' type.
../packages/nexus-core/node_modules/react/cjs/react.development.js(284,37): error TS7006: Parameter 'index' implicitly has an 'any' type.
../packages/nexus-core/node_modules/react/cjs/react.development.js(291,30): error TS7006: Parameter 'thenable' implicitly has an 'any' type.
../packages/nexus-core/node_modules/react/cjs/react.development.js(303,29): error TS7006: Parameter 'fulfilledValue' implicitly has an 'any' type.
../packages/nexus-core/node_modules/react/cjs/react.development.js(308,29): error TS7006: Parameter 'error' implicitly has an 'any' type.
../packages/nexus-core/node_modules/react/cjs/react.development.js(324,14): error TS7023: 'mapIntoArray' implicitly has return type 'any' because it does not have a return type annotation and is referenced directly or indirectly in one of its return expressions.
../packages/nexus-core/node_modules/react/cjs/react.development.js(324,27): error TS7006: Parameter 'children' implicitly has an 'any' type.
../packages/nexus-core/node_modules/react/cjs/react.development.js(324,37): error TS7006: Parameter 'array' implicitly has an 'any' type.
../packages/nexus-core/node_modules/react/cjs/react.development.js(324,44): error TS7006: Parameter 'escapedPrefix' implicitly has an 'any' type.
../packages/nexus-core/node_modules/react/cjs/react.development.js(324,59): error TS7006: Parameter 'nameSoFar' implicitly has an 'any' type.
../packages/nexus-core/node_modules/react/cjs/react.development.js(324,70): error TS7006: Parameter 'callback' implicitly has an 'any' type.
../packages/nexus-core/node_modules/react/cjs/react.development.js(346,21): error TS2349: This expression is not callable.
  Type 'Boolean' has no call signatures.
../packages/nexus-core/node_modules/react/cjs/react.development.js(365,72): error TS7006: Parameter 'c' implicitly has an 'any' type.
../packages/nexus-core/node_modules/react/cjs/react.development.js(371,52): error TS2339: Property 'key' does not exist on type 'true'.
../packages/nexus-core/node_modules/react/cjs/react.development.js(377,53): error TS2339: Property 'key' does not exist on type 'true'.
../packages/nexus-core/node_modules/react/cjs/react.development.js(388,40): error TS2339: Property 'key' does not exist on type 'boolean'.
../packages/nexus-core/node_modules/react/cjs/react.development.js(389,32): error TS2339: Property '_store' does not exist on type 'boolean'.
../packages/nexus-core/node_modules/react/cjs/react.development.js(390,33): error TS2339: Property '_store' does not exist on type 'boolean'.
../packages/nexus-core/node_modules/react/cjs/react.development.js(396,7): error TS2322: Type 'number' is not assignable to type 'boolean'.
../packages/nexus-core/node_modules/react/cjs/react.development.js(417,26): error TS2339: Property 'call' does not exist on type 'never'.
../packages/nexus-core/node_modules/react/cjs/react.development.js(451,26): error TS7006: Parameter 'children' implicitly has an 'any' type.
../packages/nexus-core/node_modules/react/cjs/react.development.js(451,36): error TS7006: Parameter 'func' implicitly has an 'any' type.
../packages/nexus-core/node_modules/react/cjs/react.development.js(451,42): error TS7006: Parameter 'context' implicitly has an 'any' type.
../packages/nexus-core/node_modules/react/cjs/react.development.js(453,11): error TS7034: Variable 'result' implicitly has type 'any[]' in some locations where its type cannot be determined.
../packages/nexus-core/node_modules/react/cjs/react.development.js(455,30): error TS7005: Variable 'result' implicitly has an 'any[]' type.
../packages/nexus-core/node_modules/react/cjs/react.development.js(455,56): error TS7006: Parameter 'child' implicitly has an 'any' type.
../packages/nexus-core/node_modules/react/cjs/react.development.js(458,14): error TS7005: Variable 'result' implicitly has an 'any[]' type.
../packages/nexus-core/node_modules/react/cjs/react.development.js(460,30): error TS7006: Parameter 'payload' implicitly has an 'any' type.
../packages/nexus-core/node_modules/react/cjs/react.development.js(467,21): error TS7006: Parameter 'moduleObject' implicitly has an 'any' type.
../packages/nexus-core/node_modules/react/cjs/react.development.js(478,21): error TS7006: Parameter 'error' implicitly has an 'any' type.
../packages/nexus-core/node_modules/react/cjs/react.development.js(526,26): error TS7006: Parameter 'task' implicitly has an 'any' type.
../packages/nexus-core/node_modules/react/cjs/react.development.js(527,20): error TS7005: Variable 'enqueueTaskImpl' implicitly has an 'any' type.
../packages/nexus-core/node_modules/react/cjs/react.development.js(530,30): error TS2591: Cannot find name 'module'. Do you need to install type definitions for node? Try `npm i --save-dev @types/node` and then add 'node' to the types field in your tsconfig.
../packages/nexus-core/node_modules/react/cjs/react.development.js(530,40): error TS2591: Cannot find name 'module'. Do you need to install type definitions for node? Try `npm i --save-dev @types/node` and then add 'node' to the types field in your tsconfig.
../packages/nexus-core/node_modules/react/cjs/react.development.js(531,13): error TS2591: Cannot find name 'module'. Do you need to install type definitions for node? Try `npm i --save-dev @types/node` and then add 'node' to the types field in your tsconfig.
../packages/nexus-core/node_modules/react/cjs/react.development.js(535,39): error TS7006: Parameter 'callback' implicitly has an 'any' type.
../packages/nexus-core/node_modules/react/cjs/react.development.js(547,14): error TS7005: Variable 'enqueueTaskImpl' implicitly has an 'any' type.
../packages/nexus-core/node_modules/react/cjs/react.development.js(549,30): error TS7006: Parameter 'errors' implicitly has an 'any' type.
../packages/nexus-core/node_modules/react/cjs/react.development.js(554,26): error TS7006: Parameter 'prevActQueue' implicitly has an 'any' type.
../packages/nexus-core/node_modules/react/cjs/react.development.js(554,40): error TS7006: Parameter 'prevActScopeDepth' implicitly has an 'any' type.
../packages/nexus-core/node_modules/react/cjs/react.development.js(561,43): error TS7006: Parameter 'returnValue' implicitly has an 'any' type.
../packages/nexus-core/node_modules/react/cjs/react.development.js(561,56): error TS7006: Parameter 'resolve' implicitly has an 'any' type.
../packages/nexus-core/node_modules/react/cjs/react.development.js(561,65): error TS7006: Parameter 'reject' implicitly has an 'any' type.
../packages/nexus-core/node_modules/react/cjs/react.development.js(564,25): error TS2339: Property 'length' does not exist on type 'never'.
../packages/nexus-core/node_modules/react/cjs/react.development.js(572,52): error TS2345: Argument of type 'unknown' is not assignable to parameter of type 'never'.
../packages/nexus-core/node_modules/react/cjs/react.development.js(581,28): error TS7006: Parameter 'queue' implicitly has an 'any' type.
../packages/nexus-core/node_modules/react/cjs/react.development.js(603,74): error TS2345: Argument of type 'unknown' is not assignable to parameter of type 'never'.
../packages/nexus-core/node_modules/react/cjs/react.development.js(609,28): error TS2304: Cannot find name '__REACT_DEVTOOLS_GLOBAL_HOOK__'.
../packages/nexus-core/node_modules/react/cjs/react.development.js(611,16): error TS2304: Cannot find name '__REACT_DEVTOOLS_GLOBAL_HOOK__'.
../packages/nexus-core/node_modules/react/cjs/react.development.js(612,7): error TS2304: Cannot find name '__REACT_DEVTOOLS_GLOBAL_HOOK__'.
../packages/nexus-core/node_modules/react/cjs/react.development.js(632,39): error TS7006: Parameter 'publicInstance' implicitly has an 'any' type.
../packages/nexus-core/node_modules/react/cjs/react.development.js(635,40): error TS7006: Parameter 'publicInstance' implicitly has an 'any' type.
../packages/nexus-core/node_modules/react/cjs/react.development.js(638,36): error TS7006: Parameter 'publicInstance' implicitly has an 'any' type.
../packages/nexus-core/node_modules/react/cjs/react.development.js(646,46): error TS7006: Parameter 'partialState' implicitly has an 'any' type.
../packages/nexus-core/node_modules/react/cjs/react.development.js(646,60): error TS7006: Parameter 'callback' implicitly has an 'any' type.
../packages/nexus-core/node_modules/react/cjs/react.development.js(657,49): error TS7006: Parameter 'callback' implicitly has an 'any' type.
../packages/nexus-core/node_modules/react/cjs/react.development.js(670,10): error TS2405: The left-hand side of a 'for...in' statement must be of type 'string' or 'any'.
../packages/nexus-core/node_modules/react/cjs/react.development.js(671,37): error TS2345: Argument of type '{ map: (children: any, func: any, context: any) => any; forEach: (children: any, forEachFunc: any, forEachContext: any) => void; count: (children: any) => number; toArray: (children: any) => any; only: (children: any) => any; }' is not assignable to parameter of type 'PropertyKey'.
../packages/nexus-core/node_modules/react/cjs/react.development.js(672,57): error TS2538: Type '{ map: (children: any, func: any, context: any) => any; forEach: (children: any, forEachFunc: any, forEachContext: any) => void; count: (children: any) => number; toArray: (children: any) => any; only: (children: any) => any; }' cannot be used as an index type.
../packages/nexus-core/node_modules/react/cjs/react.development.js(674,48): error TS7009: 'new' expression, whose target lacks a construct signature, implicitly has an 'any' type.
../packages/nexus-core/node_modules/react/cjs/react.development.js(677,20): error TS2339: Property 'isPureReactComponent' does not exist on type '{ isMounted: string[]; replaceState: string[]; }'.
../packages/nexus-core/node_modules/react/cjs/react.development.js(695,28): error TS2339: Property 'createTask' does not exist on type 'Console'.
../packages/nexus-core/node_modules/react/cjs/react.development.js(696,19): error TS2339: Property 'createTask' does not exist on type 'Console'.
../packages/nexus-core/node_modules/react/cjs/react.development.js(701,7): error TS2353: Object literal may only specify known properties, and 'react_stack_bottom_frame' does not exist in type '{ isMounted: string[]; replaceState: string[]; }'.
../packages/nexus-core/node_modules/react/cjs/react.development.js(701,43): error TS7006: Parameter 'callStackForError' implicitly has an 'any' type.
../packages/nexus-core/node_modules/react/cjs/react.development.js(705,9): error TS7034: Variable 'specialPropKeyWarningShown' implicitly has type 'any' in some locations where its type cannot be determined.
../packages/nexus-core/node_modules/react/cjs/react.development.js(705,37): error TS7034: Variable 'didWarnAboutOldJSXRuntime' implicitly has type 'any' in some locations where its type cannot be determined.
../packages/nexus-core/node_modules/react/cjs/react.development.js(707,49): error TS2339: Property 'react_stack_bottom_frame' does not exist on type '{ isMounted: string[]; replaceState: string[]; }'.
../packages/nexus-core/node_modules/react/cjs/react.development.js(717,23): error TS7006: Parameter 'error' implicitly has an 'any' type.
../packages/nexus-core/node_modules/react/cjs/react.development.js(735,37): error TS2591: Cannot find name 'process'. Do you need to install type definitions for node? Try `npm i --save-dev @types/node` and then add 'node' to the types field in your tsconfig.
../packages/nexus-core/node_modules/react/cjs/react.development.js(736,39): error TS2591: Cannot find name 'process'. Do you need to install type definitions for node? Try `npm i --save-dev @types/node` and then add 'node' to the types field in your tsconfig.
../packages/nexus-core/node_modules/react/cjs/react.development.js(738,17): error TS2591: Cannot find name 'process'. Do you need to install type definitions for node? Try `npm i --save-dev @types/node` and then add 'node' to the types field in your tsconfig.
../packages/nexus-core/node_modules/react/cjs/react.development.js(744,7): error TS7034: Variable 'enqueueTaskImpl' implicitly has type 'any' in some locations where its type cannot be determined.
../packages/nexus-core/node_modules/react/cjs/react.development.js(750,23): error TS7006: Parameter 'callback' implicitly has an 'any' type.
../packages/nexus-core/node_modules/react/cjs/react.development.js(756,5): error TS2739: Type 'Function' is missing the following properties from type '{ isMounted: string[]; replaceState: string[]; }': isMounted, replaceState
../packages/nexus-core/node_modules/react/cjs/react.development.js(757,7): error TS2769: No overload matches this call.
  Overload 1 of 3, '(f: Function): Function', gave the following error.
    Object literal may only specify known properties, and '__proto__' does not exist in type 'Function'.
  Overload 2 of 3, '(o: { isMounted: string[]; replaceState: string[]; }): Readonly<{ isMounted: string[]; replaceState: string[]; }>', gave the following error.
    Object literal may only specify known properties, and '__proto__' does not exist in type '{ isMounted: string[]; replaceState: string[]; }'.
  Overload 3 of 3, '(o: { isMounted: string[]; replaceState: string[]; }): Readonly<{ isMounted: string[]; replaceState: string[]; }>', gave the following error.
    Object literal may only specify known properties, and '__proto__' does not exist in type '{ isMounted: string[]; replaceState: string[]; }'.
../packages/nexus-core/node_modules/react/cjs/react.development.js(758,20): error TS7006: Parameter 'size' implicitly has an 'any' type.
../packages/nexus-core/node_modules/react/cjs/react.development.js(759,16): error TS2531: Object is possibly 'null'.
../packages/nexus-core/node_modules/react/cjs/react.development.js(764,26): error TS7006: Parameter 'children' implicitly has an 'any' type.
../packages/nexus-core/node_modules/react/cjs/react.development.js(764,36): error TS7006: Parameter 'forEachFunc' implicitly has an 'any' type.
../packages/nexus-core/node_modules/react/cjs/react.development.js(764,49): error TS7006: Parameter 'forEachContext' implicitly has an 'any' type.
../packages/nexus-core/node_modules/react/cjs/react.development.js(768,31): error TS2683: 'this' implicitly has type 'any' because it does not have a type annotation.
../packages/nexus-core/node_modules/react/cjs/react.development.js(773,24): error TS7006: Parameter 'children' implicitly has an 'any' type.
../packages/nexus-core/node_modules/react/cjs/react.development.js(780,26): error TS7006: Parameter 'children' implicitly has an 'any' type.
../packages/nexus-core/node_modules/react/cjs/react.development.js(782,43): error TS7006: Parameter 'child' implicitly has an 'any' type.
../packages/nexus-core/node_modules/react/cjs/react.development.js(787,23): error TS7006: Parameter 'children' implicitly has an 'any' type.
../packages/nexus-core/node_modules/react/cjs/react.development.js(806,29): error TS7006: Parameter 'callback' implicitly has an 'any' type.
../packages/nexus-core/node_modules/react/cjs/react.development.js(810,11): error TS7005: Variable 'queue' implicitly has an 'any[]' type.
../packages/nexus-core/node_modules/react/cjs/react.development.js(810,20): error TS2322: Type 'never[]' is not assignable to type 'null'.
../packages/nexus-core/node_modules/react/cjs/react.development.js(816,48): error TS2345: Argument of type 'unknown' is not assignable to parameter of type 'never'.
../packages/nexus-core/node_modules/react/cjs/react.development.js(840,27): error TS7006: Parameter 'resolve' implicitly has an 'any' type.
../packages/nexus-core/node_modules/react/cjs/react.development.js(840,36): error TS7006: Parameter 'reject' implicitly has an 'any' type.
../packages/nexus-core/node_modules/react/cjs/react.development.js(843,25): error TS7006: Parameter 'returnValue' implicitly has an 'any' type.
../packages/nexus-core/node_modules/react/cjs/react.development.js(856,60): error TS2345: Argument of type 'unknown' is not assignable to parameter of type 'never'.
../packages/nexus-core/node_modules/react/cjs/react.development.js(867,25): error TS7006: Parameter 'error' implicitly has an 'any' type.
../packages/nexus-core/node_modules/react/cjs/react.development.js(902,25): error TS7006: Parameter 'resolve' implicitly has an 'any' type.
../packages/nexus-core/node_modules/react/cjs/react.development.js(902,34): error TS7006: Parameter 'reject' implicitly has an 'any' type.
../packages/nexus-core/node_modules/react/cjs/react.development.js(905,17): error TS2322: Type 'any[]' is not assignable to type 'null'.
../packages/nexus-core/node_modules/react/cjs/react.development.js(917,31): error TS7006: Parameter 'fn' implicitly has an 'any' type.
../packages/nexus-core/node_modules/react/cjs/react.development.js(927,48): error TS2349: This expression is not callable.
  Type 'never' has no call signatures.
../packages/nexus-core/node_modules/react/cjs/react.development.js(929,38): error TS7006: Parameter 'element' implicitly has an 'any' type.
../packages/nexus-core/node_modules/react/cjs/react.development.js(929,47): error TS7006: Parameter 'config' implicitly has an 'any' type.
../packages/nexus-core/node_modules/react/cjs/react.development.js(929,55): error TS7006: Parameter 'children' implicitly has an 'any' type.
../packages/nexus-core/node_modules/react/cjs/react.development.js(944,41): error TS2532: Object is possibly 'undefined'.
../packages/nexus-core/node_modules/react/cjs/react.development.js(948,38): error TS2339: Property 'isReactWarning' does not exist on type '() => any'.
../packages/nexus-core/node_modules/react/cjs/react.development.js(958,14): error TS2405: The left-hand side of a 'for...in' statement must be of type 'string' or 'any'.
../packages/nexus-core/node_modules/react/cjs/react.development.js(960,13): error TS2367: This comparison appears to be unintentional because the types 'string' and 'number' have no overlap.
../packages/nexus-core/node_modules/react/cjs/react.development.js(961,13): error TS2367: This comparison appears to be unintentional because the types 'string' and 'number' have no overlap.
../packages/nexus-core/node_modules/react/cjs/react.development.js(962,13): error TS2367: This comparison appears to be unintentional because the types 'string' and 'number' have no overlap.
../packages/nexus-core/node_modules/react/cjs/react.development.js(963,14): error TS2367: This comparison appears to be unintentional because the types 'string' and 'number' have no overlap.
../packages/nexus-core/node_modules/react/cjs/react.development.js(986,39): error TS7006: Parameter 'defaultValue' implicitly has an 'any' type.
../packages/nexus-core/node_modules/react/cjs/react.development.js(1004,39): error TS7006: Parameter 'type' implicitly has an 'any' type.
../packages/nexus-core/node_modules/react/cjs/react.development.js(1004,45): error TS7006: Parameter 'config' implicitly has an 'any' type.
../packages/nexus-core/node_modules/react/cjs/react.development.js(1004,53): error TS7006: Parameter 'children' implicitly has an 'any' type.
../packages/nexus-core/node_modules/react/cjs/react.development.js(1007,7): error TS2322: Type '{}' is not assignable to type 'number'.
../packages/nexus-core/node_modules/react/cjs/react.development.js(1010,14): error TS2405: The left-hand side of a 'for...in' statement must be of type 'string' or 'any'.
../packages/nexus-core/node_modules/react/cjs/react.development.js(1010,27): error TS7005: Variable 'didWarnAboutOldJSXRuntime' implicitly has an 'any' type.
../packages/nexus-core/node_modules/react/cjs/react.development.js(1020,39): error TS2345: Argument of type 'boolean' is not assignable to parameter of type 'PropertyKey'.
../packages/nexus-core/node_modules/react/cjs/react.development.js(1021,13): error TS2367: This comparison appears to be unintentional because the types 'string' and 'boolean' have no overlap.
../packages/nexus-core/node_modules/react/cjs/react.development.js(1022,13): error TS2367: This comparison appears to be unintentional because the types 'string' and 'boolean' have no overlap.
../packages/nexus-core/node_modules/react/cjs/react.development.js(1023,13): error TS2367: This comparison appears to be unintentional because the types 'string' and 'boolean' have no overlap.
../packages/nexus-core/node_modules/react/cjs/react.development.js(1024,16): error TS2538: Type 'boolean' cannot be used as an index type.
../packages/nexus-core/node_modules/react/cjs/react.development.js(1024,35): error TS2538: Type 'boolean' cannot be used as an index type.
../packages/nexus-core/node_modules/react/cjs/react.development.js(1026,35): error TS2339: Property 'children' does not exist on type 'number'.
../packages/nexus-core/node_modules/react/cjs/react.development.js(1035,11): error TS2339: Property 'children' does not exist on type 'number'.
../packages/nexus-core/node_modules/react/cjs/react.development.js(1038,14): error TS2405: The left-hand side of a 'for...in' statement must be of type 'string' or 'any'.
../packages/nexus-core/node_modules/react/cjs/react.development.js(1038,26): error TS2407: The right-hand side of a 'for...in' statement must be of type 'any', an object type or a type parameter, but here has type 'number'.
../packages/nexus-core/node_modules/react/cjs/react.development.js(1039,24): error TS2538: Type 'boolean' cannot be used as an index type.
../packages/nexus-core/node_modules/react/cjs/react.development.js(1039,40): error TS2538: Type 'boolean' cannot be used as an index type.
../packages/nexus-core/node_modules/react/cjs/react.development.js(1039,67): error TS2538: Type 'boolean' cannot be used as an index type.
../packages/nexus-core/node_modules/react/cjs/react.development.js(1062,36): error TS7006: Parameter 'render' implicitly has an 'any' type.
../packages/nexus-core/node_modules/react/cjs/react.development.js(1086,9): error TS7034: Variable 'ownName' implicitly has type 'any' in some locations where its type cannot be determined.
../packages/nexus-core/node_modules/react/cjs/react.development.js(1091,18): error TS7005: Variable 'ownName' implicitly has an 'any' type.
../packages/nexus-core/node_modules/react/cjs/react.development.js(1104,30): error TS7006: Parameter 'ctor' implicitly has an 'any' type.
../packages/nexus-core/node_modules/react/cjs/react.development.js(1118,30): error TS2339: Property 'createTask' does not exist on type 'Console'.
../packages/nexus-core/node_modules/react/cjs/react.development.js(1118,51): error TS2339: Property 'createTask' does not exist on type 'Console'.
../packages/nexus-core/node_modules/react/cjs/react.development.js(1121,16): error TS2339: Property '_debugInfo' does not exist on type '{ $$typeof: symbol; _payload: any; _init: (payload: any) => any; }'.
../packages/nexus-core/node_modules/react/cjs/react.development.js(1124,30): error TS7006: Parameter 'type' implicitly has an 'any' type.
../packages/nexus-core/node_modules/react/cjs/react.development.js(1124,36): error TS7006: Parameter 'compare' implicitly has an 'any' type.
../packages/nexus-core/node_modules/react/cjs/react.development.js(1135,11): error TS7034: Variable 'ownName' implicitly has type 'any' in some locations where its type cannot be determined.
../packages/nexus-core/node_modules/react/cjs/react.development.js(1140,18): error TS7005: Variable 'ownName' implicitly has an 'any' type.
../packages/nexus-core/node_modules/react/cjs/react.development.js(1152,41): error TS7006: Parameter 'scope' implicitly has an 'any' type.
../packages/nexus-core/node_modules/react/cjs/react.development.js(1156,7): error TS2322: Type '{ _updatedFibers: Set<any>; }' is not assignable to type 'null'.
../packages/nexus-core/node_modules/react/cjs/react.development.js(1161,11): error TS2349: This expression is not callable.
  Type 'never' has no call signatures.
../packages/nexus-core/node_modules/react/cjs/react.development.js(1180,40): error TS2339: Property 'types' does not exist on type '{ _updatedFibers: Set<any>; }'.
../packages/nexus-core/node_modules/react/cjs/react.development.js(1181,38): error TS2339: Property 'types' does not exist on type 'never'.
../packages/nexus-core/node_modules/react/cjs/react.development.js(1182,30): error TS2339: Property 'types' does not exist on type 'never'.
../packages/nexus-core/node_modules/react/cjs/react.development.js(1182,58): error TS2339: Property 'types' does not exist on type '{ _updatedFibers: Set<any>; }'.
../packages/nexus-core/node_modules/react/cjs/react.development.js(1186,29): error TS2339: Property 'types' does not exist on type 'never'.
../packages/nexus-core/node_modules/react/cjs/react.development.js(1186,55): error TS2339: Property 'types' does not exist on type '{ _updatedFibers: Set<any>; }'.
../packages/nexus-core/node_modules/react/cjs/react.development.js(1191,14): error TS2531: Object is possibly 'null'.
../packages/nexus-core/node_modules/react/cjs/react.development.js(1193,29): error TS7006: Parameter 'usable' implicitly has an 'any' type.
../packages/nexus-core/node_modules/react/cjs/react.development.js(1194,14): error TS2531: Object is possibly 'null'.
../packages/nexus-core/node_modules/react/cjs/react.development.js(1196,40): error TS7006: Parameter 'action' implicitly has an 'any' type.
../packages/nexus-core/node_modules/react/cjs/react.development.js(1196,48): error TS7006: Parameter 'initialState' implicitly has an 'any' type.
../packages/nexus-core/node_modules/react/cjs/react.development.js(1196,62): error TS7006: Parameter 'permalink' implicitly has an 'any' type.
../packages/nexus-core/node_modules/react/cjs/react.development.js(1197,14): error TS2531: Object is possibly 'null'.
../packages/nexus-core/node_modules/react/cjs/react.development.js(1203,37): error TS7006: Parameter 'callback' implicitly has an 'any' type.
../packages/nexus-core/node_modules/react/cjs/react.development.js(1203,47): error TS7006: Parameter 'deps' implicitly has an 'any' type.
../packages/nexus-core/node_modules/react/cjs/react.development.js(1204,14): error TS2531: Object is possibly 'null'.
../packages/nexus-core/node_modules/react/cjs/react.development.js(1206,36): error TS7006: Parameter 'Context' implicitly has an 'any' type.
../packages/nexus-core/node_modules/react/cjs/react.development.js(1212,14): error TS18047: 'dispatcher' is possibly 'null'.
../packages/nexus-core/node_modules/react/cjs/react.development.js(1214,39): error TS7006: Parameter 'value' implicitly has an 'any' type.
../packages/nexus-core/node_modules/react/cjs/react.development.js(1214,46): error TS7006: Parameter 'formatterFn' implicitly has an 'any' type.
../packages/nexus-core/node_modules/react/cjs/react.development.js(1215,14): error TS2531: Object is possibly 'null'.
../packages/nexus-core/node_modules/react/cjs/react.development.js(1217,42): error TS7006: Parameter 'value' implicitly has an 'any' type.
../packages/nexus-core/node_modules/react/cjs/react.development.js(1217,49): error TS7006: Parameter 'initialValue' implicitly has an 'any' type.
../packages/nexus-core/node_modules/react/cjs/react.development.js(1218,14): error TS2531: Object is possibly 'null'.
../packages/nexus-core/node_modules/react/cjs/react.development.js(1220,35): error TS7006: Parameter 'create' implicitly has an 'any' type.
../packages/nexus-core/node_modules/react/cjs/react.development.js(1220,43): error TS7006: Parameter 'deps' implicitly has an 'any' type.
../packages/nexus-core/node_modules/react/cjs/react.development.js(1225,14): error TS2531: Object is possibly 'null'.
../packages/nexus-core/node_modules/react/cjs/react.development.js(1227,40): error TS7006: Parameter 'callback' implicitly has an 'any' type.
../packages/nexus-core/node_modules/react/cjs/react.development.js(1228,14): error TS2531: Object is possibly 'null'.
../packages/nexus-core/node_modules/react/cjs/react.development.js(1231,14): error TS2531: Object is possibly 'null'.
../packages/nexus-core/node_modules/react/cjs/react.development.js(1233,45): error TS7006: Parameter 'ref' implicitly has an 'any' type.
../packages/nexus-core/node_modules/react/cjs/react.development.js(1233,50): error TS7006: Parameter 'create' implicitly has an 'any' type.
../packages/nexus-core/node_modules/react/cjs/react.development.js(1233,58): error TS7006: Parameter 'deps' implicitly has an 'any' type.
../packages/nexus-core/node_modules/react/cjs/react.development.js(1234,14): error TS2531: Object is possibly 'null'.
../packages/nexus-core/node_modules/react/cjs/react.development.js(1236,44): error TS7006: Parameter 'create' implicitly has an 'any' type.
../packages/nexus-core/node_modules/react/cjs/react.development.js(1236,52): error TS7006: Parameter 'deps' implicitly has an 'any' type.
../packages/nexus-core/node_modules/react/cjs/react.development.js(1241,14): error TS2531: Object is possibly 'null'.
../packages/nexus-core/node_modules/react/cjs/react.development.js(1243,41): error TS7006: Parameter 'create' implicitly has an 'any' type.
../packages/nexus-core/node_modules/react/cjs/react.development.js(1243,49): error TS7006: Parameter 'deps' implicitly has an 'any' type.
../packages/nexus-core/node_modules/react/cjs/react.development.js(1248,14): error TS2531: Object is possibly 'null'.
../packages/nexus-core/node_modules/react/cjs/react.development.js(1250,33): error TS7006: Parameter 'create' implicitly has an 'any' type.
../packages/nexus-core/node_modules/react/cjs/react.development.js(1250,41): error TS7006: Parameter 'deps' implicitly has an 'any' type.
../packages/nexus-core/node_modules/react/cjs/react.development.js(1251,14): error TS2531: Object is possibly 'null'.
../packages/nexus-core/node_modules/react/cjs/react.development.js(1253,39): error TS7006: Parameter 'passthrough' implicitly has an 'any' type.
../packages/nexus-core/node_modules/react/cjs/react.development.js(1253,52): error TS7006: Parameter 'reducer' implicitly has an 'any' type.
../packages/nexus-core/node_modules/react/cjs/react.development.js(1254,14): error TS2531: Object is possibly 'null'.
../packages/nexus-core/node_modules/react/cjs/react.development.js(1256,36): error TS7006: Parameter 'reducer' implicitly has an 'any' type.
../packages/nexus-core/node_modules/react/cjs/react.development.js(1256,45): error TS7006: Parameter 'initialArg' implicitly has an 'any' type.
../packages/nexus-core/node_modules/react/cjs/react.development.js(1256,57): error TS7006: Parameter 'init' implicitly has an 'any' type.
../packages/nexus-core/node_modules/react/cjs/react.development.js(1257,14): error TS2531: Object is possibly 'null'.
../packages/nexus-core/node_modules/react/cjs/react.development.js(1259,32): error TS7006: Parameter 'initialValue' implicitly has an 'any' type.
../packages/nexus-core/node_modules/react/cjs/react.development.js(1260,14): error TS2531: Object is possibly 'null'.
../packages/nexus-core/node_modules/react/cjs/react.development.js(1262,34): error TS7006: Parameter 'initialState' implicitly has an 'any' type.
../packages/nexus-core/node_modules/react/cjs/react.development.js(1263,14): error TS2531: Object is possibly 'null'.
../packages/nexus-core/node_modules/react/cjs/react.development.js(1266,7): error TS7006: Parameter 'subscribe' implicitly has an 'any' type.
../packages/nexus-core/node_modules/react/cjs/react.development.js(1267,7): error TS7006: Parameter 'getSnapshot' implicitly has an 'any' type.
../packages/nexus-core/node_modules/react/cjs/react.development.js(1268,7): error TS7006: Parameter 'getServerSnapshot' implicitly has an 'any' type.
../packages/nexus-core/node_modules/react/cjs/react.development.js(1270,14): error TS2531: Object is possibly 'null'.
../packages/nexus-core/node_modules/react/cjs/react.development.js(1277,14): error TS2531: Object is possibly 'null'.
../packages/nexus-core/node_modules/react/cjs/react.development.js(1280,28): error TS2304: Cannot find name '__REACT_DEVTOOLS_GLOBAL_HOOK__'.
../packages/nexus-core/node_modules/react/cjs/react.development.js(1282,16): error TS2304: Cannot find name '__REACT_DEVTOOLS_GLOBAL_HOOK__'.
../packages/nexus-core/node_modules/react/cjs/react.development.js(1283,7): error TS2304: Cannot find name '__REACT_DEVTOOLS_GLOBAL_HOOK__'.
../packages/nexus-core/node_modules/react/cjs/react.production.js(25,24): error TS7006: Parameter 'maybeIterable' implicitly has an 'any' type.
../packages/nexus-core/node_modules/react/cjs/react.production.js(42,20): error TS7006: Parameter 'props' implicitly has an 'any' type.
../packages/nexus-core/node_modules/react/cjs/react.production.js(42,27): error TS7006: Parameter 'context' implicitly has an 'any' type.
../packages/nexus-core/node_modules/react/cjs/react.production.js(42,36): error TS7006: Parameter 'updater' implicitly has an 'any' type.
../packages/nexus-core/node_modules/react/cjs/react.production.js(49,42): error TS7006: Parameter 'partialState' implicitly has an 'any' type.
../packages/nexus-core/node_modules/react/cjs/react.production.js(49,56): error TS7006: Parameter 'callback' implicitly has an 'any' type.
../packages/nexus-core/node_modules/react/cjs/react.production.js(60,45): error TS7006: Parameter 'callback' implicitly has an 'any' type.
../packages/nexus-core/node_modules/react/cjs/react.production.js(65,24): error TS7006: Parameter 'props' implicitly has an 'any' type.
../packages/nexus-core/node_modules/react/cjs/react.production.js(65,31): error TS7006: Parameter 'context' implicitly has an 'any' type.
../packages/nexus-core/node_modules/react/cjs/react.production.js(65,40): error TS7006: Parameter 'updater' implicitly has an 'any' type.
../packages/nexus-core/node_modules/react/cjs/react.production.js(71,57): error TS7009: 'new' expression, whose target lacks a construct signature, implicitly has an 'any' type.
../packages/nexus-core/node_modules/react/cjs/react.production.js(79,23): error TS7006: Parameter 'type' implicitly has an 'any' type.
../packages/nexus-core/node_modules/react/cjs/react.production.js(79,29): error TS7006: Parameter 'key' implicitly has an 'any' type.
../packages/nexus-core/node_modules/react/cjs/react.production.js(79,34): error TS7006: Parameter 'props' implicitly has an 'any' type.
../packages/nexus-core/node_modules/react/cjs/react.production.js(89,29): error TS7006: Parameter 'oldElement' implicitly has an 'any' type.
../packages/nexus-core/node_modules/react/cjs/react.production.js(89,41): error TS7006: Parameter 'newKey' implicitly has an 'any' type.
../packages/nexus-core/node_modules/react/cjs/react.production.js(92,25): error TS7006: Parameter 'object' implicitly has an 'any' type.
../packages/nexus-core/node_modules/react/cjs/react.production.js(99,17): error TS7006: Parameter 'key' implicitly has an 'any' type.
../packages/nexus-core/node_modules/react/cjs/react.production.js(103,36): error TS7006: Parameter 'match' implicitly has an 'any' type.
../packages/nexus-core/node_modules/react/cjs/react.production.js(104,14): error TS7053: Element implicitly has an 'any' type because expression of type 'any' can't be used to index type '{ "=": string; ":": string; }'.
../packages/nexus-core/node_modules/react/cjs/react.production.js(109,24): error TS7006: Parameter 'element' implicitly has an 'any' type.
../packages/nexus-core/node_modules/react/cjs/react.production.js(109,33): error TS7006: Parameter 'index' implicitly has an 'any' type.
../packages/nexus-core/node_modules/react/cjs/react.production.js(114,26): error TS7006: Parameter 'thenable' implicitly has an 'any' type.
../packages/nexus-core/node_modules/react/cjs/react.production.js(126,25): error TS7006: Parameter 'fulfilledValue' implicitly has an 'any' type.
../packages/nexus-core/node_modules/react/cjs/react.production.js(131,25): error TS7006: Parameter 'error' implicitly has an 'any' type.
../packages/nexus-core/node_modules/react/cjs/react.production.js(146,10): error TS7023: 'mapIntoArray' implicitly has return type 'any' because it does not have a return type annotation and is referenced directly or indirectly in one of its return expressions.
../packages/nexus-core/node_modules/react/cjs/react.production.js(146,23): error TS7006: Parameter 'children' implicitly has an 'any' type.
../packages/nexus-core/node_modules/react/cjs/react.production.js(146,33): error TS7006: Parameter 'array' implicitly has an 'any' type.
../packages/nexus-core/node_modules/react/cjs/react.production.js(146,40): error TS7006: Parameter 'escapedPrefix' implicitly has an 'any' type.
../packages/nexus-core/node_modules/react/cjs/react.production.js(146,55): error TS7006: Parameter 'nameSoFar' implicitly has an 'any' type.
../packages/nexus-core/node_modules/react/cjs/react.production.js(146,66): error TS7006: Parameter 'callback' implicitly has an 'any' type.
../packages/nexus-core/node_modules/react/cjs/react.production.js(168,17): error TS2349: This expression is not callable.
  Type 'Boolean' has no call signatures.
../packages/nexus-core/node_modules/react/cjs/react.production.js(186,30): error TS2339: Property 'replace' does not exist on type 'boolean'.
../packages/nexus-core/node_modules/react/cjs/react.production.js(187,70): error TS7006: Parameter 'c' implicitly has an 'any' type.
../packages/nexus-core/node_modules/react/cjs/react.production.js(207,3): error TS2322: Type 'number' is not assignable to type 'boolean'.
../packages/nexus-core/node_modules/react/cjs/react.production.js(222,20): error TS2339: Property 'call' does not exist on type 'never'.
../packages/nexus-core/node_modules/react/cjs/react.production.js(255,22): error TS7006: Parameter 'children' implicitly has an 'any' type.
../packages/nexus-core/node_modules/react/cjs/react.production.js(255,32): error TS7006: Parameter 'func' implicitly has an 'any' type.
../packages/nexus-core/node_modules/react/cjs/react.production.js(255,38): error TS7006: Parameter 'context' implicitly has an 'any' type.
../packages/nexus-core/node_modules/react/cjs/react.production.js(257,7): error TS7034: Variable 'result' implicitly has type 'any[]' in some locations where its type cannot be determined.
../packages/nexus-core/node_modules/react/cjs/react.production.js(259,26): error TS7005: Variable 'result' implicitly has an 'any[]' type.
../packages/nexus-core/node_modules/react/cjs/react.production.js(259,52): error TS7006: Parameter 'child' implicitly has an 'any' type.
../packages/nexus-core/node_modules/react/cjs/react.production.js(262,10): error TS7005: Variable 'result' implicitly has an 'any[]' type.
../packages/nexus-core/node_modules/react/cjs/react.production.js(264,26): error TS7006: Parameter 'payload' implicitly has an 'any' type.
../packages/nexus-core/node_modules/react/cjs/react.production.js(269,17): error TS7006: Parameter 'moduleObject' implicitly has an 'any' type.
../packages/nexus-core/node_modules/react/cjs/react.production.js(273,17): error TS7006: Parameter 'error' implicitly has an 'any' type.
../packages/nexus-core/node_modules/react/cjs/react.production.js(286,19): error TS7006: Parameter 'error' implicitly has an 'any' type.
../packages/nexus-core/node_modules/react/cjs/react.production.js(304,33): error TS2591: Cannot find name 'process'. Do you need to install type definitions for node? Try `npm i --save-dev @types/node` and then add 'node' to the types field in your tsconfig.
../packages/nexus-core/node_modules/react/cjs/react.production.js(305,35): error TS2591: Cannot find name 'process'. Do you need to install type definitions for node? Try `npm i --save-dev @types/node` and then add 'node' to the types field in your tsconfig.
../packages/nexus-core/node_modules/react/cjs/react.production.js(307,13): error TS2591: Cannot find name 'process'. Do you need to install type definitions for node? Try `npm i --save-dev @types/node` and then add 'node' to the types field in your tsconfig.
../packages/nexus-core/node_modules/react/cjs/react.production.js(314,24): error TS7006: Parameter 'children' implicitly has an 'any' type.
../packages/nexus-core/node_modules/react/cjs/react.production.js(314,34): error TS7006: Parameter 'forEachFunc' implicitly has an 'any' type.
../packages/nexus-core/node_modules/react/cjs/react.production.js(314,47): error TS7006: Parameter 'forEachContext' implicitly has an 'any' type.
../packages/nexus-core/node_modules/react/cjs/react.production.js(318,29): error TS2683: 'this' implicitly has type 'any' because it does not have a type annotation.
../packages/nexus-core/node_modules/react/cjs/react.production.js(323,22): error TS7006: Parameter 'children' implicitly has an 'any' type.
../packages/nexus-core/node_modules/react/cjs/react.production.js(330,24): error TS7006: Parameter 'children' implicitly has an 'any' type.
../packages/nexus-core/node_modules/react/cjs/react.production.js(332,41): error TS7006: Parameter 'child' implicitly has an 'any' type.
../packages/nexus-core/node_modules/react/cjs/react.production.js(337,21): error TS7006: Parameter 'children' implicitly has an 'any' type.
../packages/nexus-core/node_modules/react/cjs/react.production.js(357,16): error TS7006: Parameter 'size' implicitly has an 'any' type.
../packages/nexus-core/node_modules/react/cjs/react.production.js(358,12): error TS18047: 'ReactSharedInternals.H' is possibly 'null'.
../packages/nexus-core/node_modules/react/cjs/react.production.js(361,27): error TS7006: Parameter 'fn' implicitly has an 'any' type.
../packages/nexus-core/node_modules/react/cjs/react.production.js(369,34): error TS7006: Parameter 'element' implicitly has an 'any' type.
../packages/nexus-core/node_modules/react/cjs/react.production.js(369,43): error TS7006: Parameter 'config' implicitly has an 'any' type.
../packages/nexus-core/node_modules/react/cjs/react.production.js(369,51): error TS7006: Parameter 'children' implicitly has an 'any' type.
../packages/nexus-core/node_modules/react/cjs/react.production.js(377,10): error TS2405: The left-hand side of a 'for...in' statement must be of type 'string' or 'any'.
../packages/nexus-core/node_modules/react/cjs/react.production.js(379,9): error TS2367: This comparison appears to be unintentional because the types 'string' and 'number' have no overlap.
../packages/nexus-core/node_modules/react/cjs/react.production.js(380,9): error TS2367: This comparison appears to be unintentional because the types 'string' and 'number' have no overlap.
../packages/nexus-core/node_modules/react/cjs/react.production.js(381,9): error TS2367: This comparison appears to be unintentional because the types 'string' and 'number' have no overlap.
../packages/nexus-core/node_modules/react/cjs/react.production.js(382,10): error TS2367: This comparison appears to be unintentional because the types 'string' and 'number' have no overlap.
../packages/nexus-core/node_modules/react/cjs/react.production.js(393,35): error TS7006: Parameter 'defaultValue' implicitly has an 'any' type.
../packages/nexus-core/node_modules/react/cjs/react.production.js(409,35): error TS7006: Parameter 'type' implicitly has an 'any' type.
../packages/nexus-core/node_modules/react/cjs/react.production.js(409,41): error TS7006: Parameter 'config' implicitly has an 'any' type.
../packages/nexus-core/node_modules/react/cjs/react.production.js(409,49): error TS7006: Parameter 'children' implicitly has an 'any' type.
../packages/nexus-core/node_modules/react/cjs/react.production.js(419,10): error TS7053: Element implicitly has an 'any' type because expression of type 'string' can't be used to index type '{ children: any; }'.
  No index signature with a parameter of type 'string' was found on type '{ children: any; }'.
../packages/nexus-core/node_modules/react/cjs/react.production.js(428,22): error TS2407: The right-hand side of a 'for...in' statement must be of type 'any', an object type or a type parameter, but here has type 'number'.
../packages/nexus-core/node_modules/react/cjs/react.production.js(429,18): error TS7053: Element implicitly has an 'any' type because expression of type 'string' can't be used to index type '{ children: any; }'.
  No index signature with a parameter of type 'string' was found on type '{ children: any; }'.
../packages/nexus-core/node_modules/react/cjs/react.production.js(430,10): error TS7053: Element implicitly has an 'any' type because expression of type 'string' can't be used to index type '{ children: any; }'.
  No index signature with a parameter of type 'string' was found on type '{ children: any; }'.
../packages/nexus-core/node_modules/react/cjs/react.production.js(430,28): error TS7053: Element implicitly has an 'any' type because expression of type 'string' can't be used to index type 'Number'.
  No index signature with a parameter of type 'string' was found on type 'Number'.
../packages/nexus-core/node_modules/react/cjs/react.production.js(436,32): error TS7006: Parameter 'render' implicitly has an 'any' type.
../packages/nexus-core/node_modules/react/cjs/react.production.js(440,26): error TS7006: Parameter 'ctor' implicitly has an 'any' type.
../packages/nexus-core/node_modules/react/cjs/react.production.js(447,26): error TS7006: Parameter 'type' implicitly has an 'any' type.
../packages/nexus-core/node_modules/react/cjs/react.production.js(447,32): error TS7006: Parameter 'compare' implicitly has an 'any' type.
../packages/nexus-core/node_modules/react/cjs/react.production.js(454,37): error TS7006: Parameter 'scope' implicitly has an 'any' type.
../packages/nexus-core/node_modules/react/cjs/react.production.js(457,3): error TS2322: Type '{}' is not assignable to type 'null'.
../packages/nexus-core/node_modules/react/cjs/react.production.js(462,7): error TS2349: This expression is not callable.
  Type 'never' has no call signatures.
../packages/nexus-core/node_modules/react/cjs/react.production.js(471,34): error TS2339: Property 'types' does not exist on type '{}'.
../packages/nexus-core/node_modules/react/cjs/react.production.js(472,23): error TS2339: Property 'types' does not exist on type 'never'.
../packages/nexus-core/node_modules/react/cjs/react.production.js(472,49): error TS2339: Property 'types' does not exist on type '{}'.
../packages/nexus-core/node_modules/react/cjs/react.production.js(477,10): error TS18047: 'ReactSharedInternals.H' is possibly 'null'.
../packages/nexus-core/node_modules/react/cjs/react.production.js(479,25): error TS7006: Parameter 'usable' implicitly has an 'any' type.
../packages/nexus-core/node_modules/react/cjs/react.production.js(480,10): error TS18047: 'ReactSharedInternals.H' is possibly 'null'.
../packages/nexus-core/node_modules/react/cjs/react.production.js(482,36): error TS7006: Parameter 'action' implicitly has an 'any' type.
../packages/nexus-core/node_modules/react/cjs/react.production.js(482,44): error TS7006: Parameter 'initialState' implicitly has an 'any' type.
../packages/nexus-core/node_modules/react/cjs/react.production.js(482,58): error TS7006: Parameter 'permalink' implicitly has an 'any' type.
../packages/nexus-core/node_modules/react/cjs/react.production.js(483,10): error TS18047: 'ReactSharedInternals.H' is possibly 'null'.
../packages/nexus-core/node_modules/react/cjs/react.production.js(485,33): error TS7006: Parameter 'callback' implicitly has an 'any' type.
../packages/nexus-core/node_modules/react/cjs/react.production.js(485,43): error TS7006: Parameter 'deps' implicitly has an 'any' type.
../packages/nexus-core/node_modules/react/cjs/react.production.js(486,10): error TS18047: 'ReactSharedInternals.H' is possibly 'null'.
../packages/nexus-core/node_modules/react/cjs/react.production.js(488,32): error TS7006: Parameter 'Context' implicitly has an 'any' type.
../packages/nexus-core/node_modules/react/cjs/react.production.js(489,10): error TS18047: 'ReactSharedInternals.H' is possibly 'null'.
../packages/nexus-core/node_modules/react/cjs/react.production.js(492,38): error TS7006: Parameter 'value' implicitly has an 'any' type.
../packages/nexus-core/node_modules/react/cjs/react.production.js(492,45): error TS7006: Parameter 'initialValue' implicitly has an 'any' type.
../packages/nexus-core/node_modules/react/cjs/react.production.js(493,10): error TS18047: 'ReactSharedInternals.H' is possibly 'null'.
../packages/nexus-core/node_modules/react/cjs/react.production.js(495,31): error TS7006: Parameter 'create' implicitly has an 'any' type.
../packages/nexus-core/node_modules/react/cjs/react.production.js(495,39): error TS7006: Parameter 'deps' implicitly has an 'any' type.
../packages/nexus-core/node_modules/react/cjs/react.production.js(496,10): error TS18047: 'ReactSharedInternals.H' is possibly 'null'.
../packages/nexus-core/node_modules/react/cjs/react.production.js(498,36): error TS7006: Parameter 'callback' implicitly has an 'any' type.
../packages/nexus-core/node_modules/react/cjs/react.production.js(499,10): error TS18047: 'ReactSharedInternals.H' is possibly 'null'.
../packages/nexus-core/node_modules/react/cjs/react.production.js(502,10): error TS18047: 'ReactSharedInternals.H' is possibly 'null'.
../packages/nexus-core/node_modules/react/cjs/react.production.js(504,41): error TS7006: Parameter 'ref' implicitly has an 'any' type.
../packages/nexus-core/node_modules/react/cjs/react.production.js(504,46): error TS7006: Parameter 'create' implicitly has an 'any' type.
../packages/nexus-core/node_modules/react/cjs/react.production.js(504,54): error TS7006: Parameter 'deps' implicitly has an 'any' type.
../packages/nexus-core/node_modules/react/cjs/react.production.js(505,10): error TS18047: 'ReactSharedInternals.H' is possibly 'null'.
../packages/nexus-core/node_modules/react/cjs/react.production.js(507,40): error TS7006: Parameter 'create' implicitly has an 'any' type.
../packages/nexus-core/node_modules/react/cjs/react.production.js(507,48): error TS7006: Parameter 'deps' implicitly has an 'any' type.
../packages/nexus-core/node_modules/react/cjs/react.production.js(508,10): error TS18047: 'ReactSharedInternals.H' is possibly 'null'.
../packages/nexus-core/node_modules/react/cjs/react.production.js(510,37): error TS7006: Parameter 'create' implicitly has an 'any' type.
../packages/nexus-core/node_modules/react/cjs/react.production.js(510,45): error TS7006: Parameter 'deps' implicitly has an 'any' type.
../packages/nexus-core/node_modules/react/cjs/react.production.js(511,10): error TS18047: 'ReactSharedInternals.H' is possibly 'null'.
../packages/nexus-core/node_modules/react/cjs/react.production.js(513,29): error TS7006: Parameter 'create' implicitly has an 'any' type.
../packages/nexus-core/node_modules/react/cjs/react.production.js(513,37): error TS7006: Parameter 'deps' implicitly has an 'any' type.
../packages/nexus-core/node_modules/react/cjs/react.production.js(514,10): error TS18047: 'ReactSharedInternals.H' is possibly 'null'.
../packages/nexus-core/node_modules/react/cjs/react.production.js(516,35): error TS7006: Parameter 'passthrough' implicitly has an 'any' type.
../packages/nexus-core/node_modules/react/cjs/react.production.js(516,48): error TS7006: Parameter 'reducer' implicitly has an 'any' type.
../packages/nexus-core/node_modules/react/cjs/react.production.js(517,10): error TS18047: 'ReactSharedInternals.H' is possibly 'null'.
../packages/nexus-core/node_modules/react/cjs/react.production.js(519,32): error TS7006: Parameter 'reducer' implicitly has an 'any' type.
../packages/nexus-core/node_modules/react/cjs/react.production.js(519,41): error TS7006: Parameter 'initialArg' implicitly has an 'any' type.
../packages/nexus-core/node_modules/react/cjs/react.production.js(519,53): error TS7006: Parameter 'init' implicitly has an 'any' type.
../packages/nexus-core/node_modules/react/cjs/react.production.js(520,10): error TS18047: 'ReactSharedInternals.H' is possibly 'null'.
../packages/nexus-core/node_modules/react/cjs/react.production.js(522,28): error TS7006: Parameter 'initialValue' implicitly has an 'any' type.
../packages/nexus-core/node_modules/react/cjs/react.production.js(523,10): error TS18047: 'ReactSharedInternals.H' is possibly 'null'.
../packages/nexus-core/node_modules/react/cjs/react.production.js(525,30): error TS7006: Parameter 'initialState' implicitly has an 'any' type.
../packages/nexus-core/node_modules/react/cjs/react.production.js(526,10): error TS18047: 'ReactSharedInternals.H' is possibly 'null'.
../packages/nexus-core/node_modules/react/cjs/react.production.js(529,3): error TS7006: Parameter 'subscribe' implicitly has an 'any' type.
../packages/nexus-core/node_modules/react/cjs/react.production.js(530,3): error TS7006: Parameter 'getSnapshot' implicitly has an 'any' type.
../packages/nexus-core/node_modules/react/cjs/react.production.js(531,3): error TS7006: Parameter 'getServerSnapshot' implicitly has an 'any' type.
../packages/nexus-core/node_modules/react/cjs/react.production.js(533,10): error TS18047: 'ReactSharedInternals.H' is possibly 'null'.
../packages/nexus-core/node_modules/react/cjs/react.production.js(540,10): error TS18047: 'ReactSharedInternals.H' is possibly 'null'.
../packages/nexus-core/node_modules/react/index.js(3,5): error TS2591: Cannot find name 'process'. Do you need to install type definitions for node? Try `npm i --save-dev @types/node` and then add 'node' to the types field in your tsconfig.
../packages/nexus-core/node_modules/react/jsx-runtime.js(3,5): error TS2591: Cannot find name 'process'. Do you need to install type definitions for node? Try `npm i --save-dev @types/node` and then add 'node' to the types field in your tsconfig.
../packages/nexus-core/src/api/control/client/compatibility.ts(41,5): error TS7053: Element implicitly has an 'any' type because expression of type 'any' can't be used to index type 'Record<NexusAppId, string>'.
../packages/nexus-core/src/api/control/client/compatibility.ts(42,8): error TS7053: Element implicitly has an 'any' type because expression of type 'any' can't be used to index type 'Record<NexusAppId, string>'.
../packages/nexus-core/src/canvas/CanvasMagicBlocksA.tsx(59,5): error TS7026: JSX element implicitly has type 'any' because no interface 'JSX.IntrinsicElements' exists.
../packages/nexus-core/src/canvas/CanvasMagicBlocksA.tsx(69,7): error TS7026: JSX element implicitly has type 'any' because no interface 'JSX.IntrinsicElements' exists.
../packages/nexus-core/src/canvas/CanvasMagicBlocksA.tsx(69,62): error TS7026: JSX element implicitly has type 'any' because no interface 'JSX.IntrinsicElements' exists.
../packages/nexus-core/src/canvas/CanvasMagicBlocksA.tsx(70,5): error TS7026: JSX element implicitly has type 'any' because no interface 'JSX.IntrinsicElements' exists.
../packages/nexus-core/src/canvas/CanvasMagicBlocksA.tsx(78,5): error TS7026: JSX element implicitly has type 'any' because no interface 'JSX.IntrinsicElements' exists.
../packages/nexus-core/src/canvas/CanvasMagicBlocksA.tsx(85,9): error TS7026: JSX element implicitly has type 'any' because no interface 'JSX.IntrinsicElements' exists.
../packages/nexus-core/src/canvas/CanvasMagicBlocksA.tsx(87,9): error TS7026: JSX element implicitly has type 'any' because no interface 'JSX.IntrinsicElements' exists.
../packages/nexus-core/src/canvas/CanvasMagicBlocksA.tsx(104,11): error TS7026: JSX element implicitly has type 'any' because no interface 'JSX.IntrinsicElements' exists.
../packages/nexus-core/src/canvas/CanvasMagicBlocksA.tsx(108,13): error TS7026: JSX element implicitly has type 'any' because no interface 'JSX.IntrinsicElements' exists.
../packages/nexus-core/src/canvas/CanvasMagicBlocksA.tsx(120,13): error TS7026: JSX element implicitly has type 'any' because no interface 'JSX.IntrinsicElements' exists.
../packages/nexus-core/src/canvas/CanvasMagicBlocksA.tsx(129,17): error TS7026: JSX element implicitly has type 'any' because no interface 'JSX.IntrinsicElements' exists.
../packages/nexus-core/src/canvas/CanvasMagicBlocksA.tsx(132,30): error TS7006: Parameter 'e' implicitly has an 'any' type.
../packages/nexus-core/src/canvas/CanvasMagicBlocksA.tsx(148,13): error TS7026: JSX element implicitly has type 'any' because no interface 'JSX.IntrinsicElements' exists.
../packages/nexus-core/src/canvas/CanvasMagicBlocksA.tsx(150,15): error TS7026: JSX element implicitly has type 'any' because no interface 'JSX.IntrinsicElements' exists.
../packages/nexus-core/src/canvas/CanvasMagicBlocksA.tsx(151,17): error TS7026: JSX element implicitly has type 'any' because no interface 'JSX.IntrinsicElements' exists.
../packages/nexus-core/src/canvas/CanvasMagicBlocksA.tsx(154,30): error TS7006: Parameter 'e' implicitly has an 'any' type.
../packages/nexus-core/src/canvas/CanvasMagicBlocksA.tsx(167,17): error TS7026: JSX element implicitly has type 'any' because no interface 'JSX.IntrinsicElements' exists.
../packages/nexus-core/src/canvas/CanvasMagicBlocksA.tsx(181,17): error TS7026: JSX element implicitly has type 'any' because no interface 'JSX.IntrinsicElements' exists.
../packages/nexus-core/src/canvas/CanvasMagicBlocksA.tsx(182,15): error TS7026: JSX element implicitly has type 'any' because no interface 'JSX.IntrinsicElements' exists.
../packages/nexus-core/src/canvas/CanvasMagicBlocksA.tsx(184,15): error TS7026: JSX element implicitly has type 'any' because no interface 'JSX.IntrinsicElements' exists.
../packages/nexus-core/src/canvas/CanvasMagicBlocksA.tsx(184,74): error TS7026: JSX element implicitly has type 'any' because no interface 'JSX.IntrinsicElements' exists.
../packages/nexus-core/src/canvas/CanvasMagicBlocksA.tsx(186,11): error TS7026: JSX element implicitly has type 'any' because no interface 'JSX.IntrinsicElements' exists.
../packages/nexus-core/src/canvas/CanvasMagicBlocksA.tsx(190,9): error TS7026: JSX element implicitly has type 'any' because no interface 'JSX.IntrinsicElements' exists.
../packages/nexus-core/src/canvas/CanvasMagicBlocksA.tsx(215,9): error TS7026: JSX element implicitly has type 'any' because no interface 'JSX.IntrinsicElements' exists.
../packages/nexus-core/src/canvas/CanvasMagicBlocksA.tsx(217,5): error TS7026: JSX element implicitly has type 'any' because no interface 'JSX.IntrinsicElements' exists.
../packages/nexus-core/src/canvas/CanvasMagicBlocksA.tsx(227,5): error TS7026: JSX element implicitly has type 'any' because no interface 'JSX.IntrinsicElements' exists.
../packages/nexus-core/src/canvas/CanvasMagicBlocksA.tsx(235,9): error TS7026: JSX element implicitly has type 'any' because no interface 'JSX.IntrinsicElements' exists.
../packages/nexus-core/src/canvas/CanvasMagicBlocksA.tsx(235,70): error TS7026: JSX element implicitly has type 'any' because no interface 'JSX.IntrinsicElements' exists.
../packages/nexus-core/src/canvas/CanvasMagicBlocksA.tsx(238,9): error TS7026: JSX element implicitly has type 'any' because no interface 'JSX.IntrinsicElements' exists.
../packages/nexus-core/src/canvas/CanvasMagicBlocksA.tsx(250,9): error TS7026: JSX element implicitly has type 'any' because no interface 'JSX.IntrinsicElements' exists.
../packages/nexus-core/src/canvas/CanvasMagicBlocksA.tsx(252,5): error TS7026: JSX element implicitly has type 'any' because no interface 'JSX.IntrinsicElements' exists.
../packages/nexus-core/src/canvas/CanvasMagicBlocksA.tsx(263,5): error TS7026: JSX element implicitly has type 'any' because no interface 'JSX.IntrinsicElements' exists.
../packages/nexus-core/src/canvas/CanvasMagicBlocksA.tsx(271,7): error TS7026: JSX element implicitly has type 'any' because no interface 'JSX.IntrinsicElements' exists.
../packages/nexus-core/src/canvas/CanvasMagicBlocksA.tsx(273,7): error TS7026: JSX element implicitly has type 'any' because no interface 'JSX.IntrinsicElements' exists.
../packages/nexus-core/src/canvas/CanvasMagicBlocksA.tsx(275,9): error TS7026: JSX element implicitly has type 'any' because no interface 'JSX.IntrinsicElements' exists.
../packages/nexus-core/src/canvas/CanvasMagicBlocksA.tsx(277,9): error TS7026: JSX element implicitly has type 'any' because no interface 'JSX.IntrinsicElements' exists.
../packages/nexus-core/src/canvas/CanvasMagicBlocksA.tsx(280,9): error TS7026: JSX element implicitly has type 'any' because no interface 'JSX.IntrinsicElements' exists.
../packages/nexus-core/src/canvas/CanvasMagicBlocksA.tsx(280,73): error TS7026: JSX element implicitly has type 'any' because no interface 'JSX.IntrinsicElements' exists.
../packages/nexus-core/src/canvas/CanvasMagicBlocksA.tsx(282,5): error TS7026: JSX element implicitly has type 'any' because no interface 'JSX.IntrinsicElements' exists.
../packages/nexus-core/src/canvas/CanvasMagicBlocksA.tsx(290,5): error TS7026: JSX element implicitly has type 'any' because no interface 'JSX.IntrinsicElements' exists.
../packages/nexus-core/src/canvas/CanvasMagicBlocksA.tsx(298,9): error TS7026: JSX element implicitly has type 'any' because no interface 'JSX.IntrinsicElements' exists.
../packages/nexus-core/src/canvas/CanvasMagicBlocksA.tsx(298,65): error TS7026: JSX element implicitly has type 'any' because no interface 'JSX.IntrinsicElements' exists.
../packages/nexus-core/src/canvas/CanvasMagicBlocksA.tsx(315,11): error TS7026: JSX element implicitly has type 'any' because no interface 'JSX.IntrinsicElements' exists.
../packages/nexus-core/src/canvas/CanvasMagicBlocksA.tsx(328,13): error TS7026: JSX element implicitly has type 'any' because no interface 'JSX.IntrinsicElements' exists.
../packages/nexus-core/src/canvas/CanvasMagicBlocksA.tsx(340,17): error TS7026: JSX element implicitly has type 'any' because no interface 'JSX.IntrinsicElements' exists.
../packages/nexus-core/src/canvas/CanvasMagicBlocksA.tsx(343,30): error TS7006: Parameter 'e' implicitly has an 'any' type.
../packages/nexus-core/src/canvas/CanvasMagicBlocksA.tsx(361,21): error TS7026: JSX element implicitly has type 'any' because no interface 'JSX.IntrinsicElements' exists.
../packages/nexus-core/src/canvas/CanvasMagicBlocksA.tsx(363,21): error TS7026: JSX element implicitly has type 'any' because no interface 'JSX.IntrinsicElements' exists.
../packages/nexus-core/src/canvas/CanvasMagicBlocksA.tsx(365,17): error TS7026: JSX element implicitly has type 'any' because no interface 'JSX.IntrinsicElements' exists.
../packages/nexus-core/src/canvas/CanvasMagicBlocksA.tsx(369,13): error TS7026: JSX element implicitly has type 'any' because no interface 'JSX.IntrinsicElements' exists.
../packages/nexus-core/src/canvas/CanvasMagicBlocksA.tsx(372,17): error TS7026: JSX element implicitly has type 'any' because no interface 'JSX.IntrinsicElements' exists.
../packages/nexus-core/src/canvas/CanvasMagicBlocksA.tsx(375,30): error TS7006: Parameter 'e' implicitly has an 'any' type.
../packages/nexus-core/src/canvas/CanvasMagicBlocksA.tsx(388,17): error TS7026: JSX element implicitly has type 'any' because no interface 'JSX.IntrinsicElements' exists.
../packages/nexus-core/src/canvas/CanvasMagicBlocksA.tsx(402,17): error TS7026: JSX element implicitly has type 'any' because no interface 'JSX.IntrinsicElements' exists.
../packages/nexus-core/src/canvas/CanvasMagicBlocksA.tsx(405,15): error TS7026: JSX element implicitly has type 'any' because no interface 'JSX.IntrinsicElements' exists.
../packages/nexus-core/src/canvas/CanvasMagicBlocksA.tsx(405,68): error TS7026: JSX element implicitly has type 'any' because no interface 'JSX.IntrinsicElements' exists.
../packages/nexus-core/src/canvas/CanvasMagicBlocksA.tsx(407,11): error TS7026: JSX element implicitly has type 'any' because no interface 'JSX.IntrinsicElements' exists.
../packages/nexus-core/src/canvas/CanvasMagicBlocksA.tsx(411,9): error TS7026: JSX element implicitly has type 'any' because no interface 'JSX.IntrinsicElements' exists.
../packages/nexus-core/src/canvas/CanvasMagicBlocksA.tsx(430,9): error TS7026: JSX element implicitly has type 'any' because no interface 'JSX.IntrinsicElements' exists.
../packages/nexus-core/src/canvas/CanvasMagicBlocksA.tsx(432,5): error TS7026: JSX element implicitly has type 'any' because no interface 'JSX.IntrinsicElements' exists.
../packages/nexus-core/src/canvas/CanvasMagicBlocksB.tsx(69,5): error TS7026: JSX element implicitly has type 'any' because no interface 'JSX.IntrinsicElements' exists.
../packages/nexus-core/src/canvas/CanvasMagicBlocksB.tsx(77,9): error TS7026: JSX element implicitly has type 'any' because no interface 'JSX.IntrinsicElements' exists.
../packages/nexus-core/src/canvas/CanvasMagicBlocksB.tsx(77,69): error TS7026: JSX element implicitly has type 'any' because no interface 'JSX.IntrinsicElements' exists.
../packages/nexus-core/src/canvas/CanvasMagicBlocksB.tsx(97,11): error TS7026: JSX element implicitly has type 'any' because no interface 'JSX.IntrinsicElements' exists.
../packages/nexus-core/src/canvas/CanvasMagicBlocksB.tsx(111,17): error TS7026: JSX element implicitly has type 'any' because no interface 'JSX.IntrinsicElements' exists.
../packages/nexus-core/src/canvas/CanvasMagicBlocksB.tsx(114,30): error TS7006: Parameter 'e' implicitly has an 'any' type.
../packages/nexus-core/src/canvas/CanvasMagicBlocksB.tsx(126,17): error TS7026: JSX element implicitly has type 'any' because no interface 'JSX.IntrinsicElements' exists.
../packages/nexus-core/src/canvas/CanvasMagicBlocksB.tsx(127,19): error TS7026: JSX element implicitly has type 'any' because no interface 'JSX.IntrinsicElements' exists.
../packages/nexus-core/src/canvas/CanvasMagicBlocksB.tsx(130,32): error TS7006: Parameter 'e' implicitly has an 'any' type.
../packages/nexus-core/src/canvas/CanvasMagicBlocksB.tsx(143,19): error TS7026: JSX element implicitly has type 'any' because no interface 'JSX.IntrinsicElements' exists.
../packages/nexus-core/src/canvas/CanvasMagicBlocksB.tsx(146,32): error TS7006: Parameter 'e' implicitly has an 'any' type.
../packages/nexus-core/src/canvas/CanvasMagicBlocksB.tsx(159,17): error TS7026: JSX element implicitly has type 'any' because no interface 'JSX.IntrinsicElements' exists.
../packages/nexus-core/src/canvas/CanvasMagicBlocksB.tsx(160,17): error TS7026: JSX element implicitly has type 'any' because no interface 'JSX.IntrinsicElements' exists.
../packages/nexus-core/src/canvas/CanvasMagicBlocksB.tsx(176,17): error TS7026: JSX element implicitly has type 'any' because no interface 'JSX.IntrinsicElements' exists.
../packages/nexus-core/src/canvas/CanvasMagicBlocksB.tsx(180,17): error TS7026: JSX element implicitly has type 'any' because no interface 'JSX.IntrinsicElements' exists.
../packages/nexus-core/src/canvas/CanvasMagicBlocksB.tsx(188,17): error TS7026: JSX element implicitly has type 'any' because no interface 'JSX.IntrinsicElements' exists.
../packages/nexus-core/src/canvas/CanvasMagicBlocksB.tsx(189,17): error TS7026: JSX element implicitly has type 'any' because no interface 'JSX.IntrinsicElements' exists.
../packages/nexus-core/src/canvas/CanvasMagicBlocksB.tsx(191,17): error TS7026: JSX element implicitly has type 'any' because no interface 'JSX.IntrinsicElements' exists.
../packages/nexus-core/src/canvas/CanvasMagicBlocksB.tsx(193,19): error TS7026: JSX element implicitly has type 'any' because no interface 'JSX.IntrinsicElements' exists.
../packages/nexus-core/src/canvas/CanvasMagicBlocksB.tsx(205,19): error TS7026: JSX element implicitly has type 'any' because no interface 'JSX.IntrinsicElements' exists.
../packages/nexus-core/src/canvas/CanvasMagicBlocksB.tsx(209,11): error TS7026: JSX element implicitly has type 'any' because no interface 'JSX.IntrinsicElements' exists.
../packages/nexus-core/src/canvas/CanvasMagicBlocksB.tsx(213,9): error TS7026: JSX element implicitly has type 'any' because no interface 'JSX.IntrinsicElements' exists.
../packages/nexus-core/src/canvas/CanvasMagicBlocksB.tsx(236,9): error TS7026: JSX element implicitly has type 'any' because no interface 'JSX.IntrinsicElements' exists.
../packages/nexus-core/src/canvas/CanvasMagicBlocksB.tsx(238,5): error TS7026: JSX element implicitly has type 'any' because no interface 'JSX.IntrinsicElements' exists.
../packages/nexus-core/src/canvas/CanvasMagicBlocksB.tsx(246,5): error TS7026: JSX element implicitly has type 'any' because no interface 'JSX.IntrinsicElements' exists.
../packages/nexus-core/src/canvas/CanvasMagicBlocksB.tsx(248,9): error TS7026: JSX element implicitly has type 'any' because no interface 'JSX.IntrinsicElements' exists.
../packages/nexus-core/src/canvas/CanvasMagicBlocksB.tsx(248,64): error TS7026: JSX element implicitly has type 'any' because no interface 'JSX.IntrinsicElements' exists.
../packages/nexus-core/src/canvas/CanvasMagicBlocksB.tsx(265,11): error TS7026: JSX element implicitly has type 'any' because no interface 'JSX.IntrinsicElements' exists.
../packages/nexus-core/src/canvas/CanvasMagicBlocksB.tsx(269,13): error TS7026: JSX element implicitly has type 'any' because no interface 'JSX.IntrinsicElements' exists.
../packages/nexus-core/src/canvas/CanvasMagicBlocksB.tsx(287,13): error TS7026: JSX element implicitly has type 'any' because no interface 'JSX.IntrinsicElements' exists.
../packages/nexus-core/src/canvas/CanvasMagicBlocksB.tsx(288,13): error TS7026: JSX element implicitly has type 'any' because no interface 'JSX.IntrinsicElements' exists.
../packages/nexus-core/src/canvas/CanvasMagicBlocksB.tsx(302,19): error TS7026: JSX element implicitly has type 'any' because no interface 'JSX.IntrinsicElements' exists.
../packages/nexus-core/src/canvas/CanvasMagicBlocksB.tsx(305,32): error TS7006: Parameter 'e' implicitly has an 'any' type.
../packages/nexus-core/src/canvas/CanvasMagicBlocksB.tsx(317,19): error TS7026: JSX element implicitly has type 'any' because no interface 'JSX.IntrinsicElements' exists.
../packages/nexus-core/src/canvas/CanvasMagicBlocksB.tsx(320,32): error TS7006: Parameter 'e' implicitly has an 'any' type.
../packages/nexus-core/src/canvas/CanvasMagicBlocksB.tsx(332,19): error TS7026: JSX element implicitly has type 'any' because no interface 'JSX.IntrinsicElements' exists.
../packages/nexus-core/src/canvas/CanvasMagicBlocksB.tsx(347,19): error TS7026: JSX element implicitly has type 'any' because no interface 'JSX.IntrinsicElements' exists.
../packages/nexus-core/src/canvas/CanvasMagicBlocksB.tsx(351,19): error TS7026: JSX element implicitly has type 'any' because no interface 'JSX.IntrinsicElements' exists.
../packages/nexus-core/src/canvas/CanvasMagicBlocksB.tsx(353,19): error TS7026: JSX element implicitly has type 'any' because no interface 'JSX.IntrinsicElements' exists.
../packages/nexus-core/src/canvas/CanvasMagicBlocksB.tsx(355,21): error TS7026: JSX element implicitly has type 'any' because no interface 'JSX.IntrinsicElements' exists.
../packages/nexus-core/src/canvas/CanvasMagicBlocksB.tsx(359,21): error TS7026: JSX element implicitly has type 'any' because no interface 'JSX.IntrinsicElements' exists.
../packages/nexus-core/src/canvas/CanvasMagicBlocksB.tsx(363,13): error TS7026: JSX element implicitly has type 'any' because no interface 'JSX.IntrinsicElements' exists.
../packages/nexus-core/src/canvas/CanvasMagicBlocksB.tsx(364,11): error TS7026: JSX element implicitly has type 'any' because no interface 'JSX.IntrinsicElements' exists.
../packages/nexus-core/src/canvas/CanvasMagicBlocksB.tsx(368,9): error TS7026: JSX element implicitly has type 'any' because no interface 'JSX.IntrinsicElements' exists.
../packages/nexus-core/src/canvas/CanvasMagicBlocksB.tsx(391,9): error TS7026: JSX element implicitly has type 'any' because no interface 'JSX.IntrinsicElements' exists.
../packages/nexus-core/src/canvas/CanvasMagicBlocksB.tsx(393,5): error TS7026: JSX element implicitly has type 'any' because no interface 'JSX.IntrinsicElements' exists.
../packages/nexus-core/src/canvas/CanvasMagicBlocksB.tsx(418,5): error TS7026: JSX element implicitly has type 'any' because no interface 'JSX.IntrinsicElements' exists.
../packages/nexus-core/src/canvas/CanvasMagicBlocksB.tsx(426,9): error TS7026: JSX element implicitly has type 'any' because no interface 'JSX.IntrinsicElements' exists.
../packages/nexus-core/src/canvas/CanvasMagicBlocksB.tsx(441,15): error TS7026: JSX element implicitly has type 'any' because no interface 'JSX.IntrinsicElements' exists.
../packages/nexus-core/src/canvas/CanvasMagicBlocksB.tsx(444,28): error TS7006: Parameter 'e' implicitly has an 'any' type.
../packages/nexus-core/src/canvas/CanvasMagicBlocksB.tsx(456,15): error TS7026: JSX element implicitly has type 'any' because no interface 'JSX.IntrinsicElements' exists.
../packages/nexus-core/src/canvas/CanvasMagicBlocksB.tsx(459,28): error TS7006: Parameter 'e' implicitly has an 'any' type.
../packages/nexus-core/src/canvas/CanvasMagicBlocksB.tsx(476,15): error TS7026: JSX element implicitly has type 'any' because no interface 'JSX.IntrinsicElements' exists.
../packages/nexus-core/src/canvas/CanvasMagicBlocksB.tsx(478,15): error TS7026: JSX element implicitly has type 'any' because no interface 'JSX.IntrinsicElements' exists.
../packages/nexus-core/src/canvas/CanvasMagicBlocksB.tsx(479,15): error TS7026: JSX element implicitly has type 'any' because no interface 'JSX.IntrinsicElements' exists.
../packages/nexus-core/src/canvas/CanvasMagicBlocksB.tsx(481,15): error TS7026: JSX element implicitly has type 'any' because no interface 'JSX.IntrinsicElements' exists.
../packages/nexus-core/src/canvas/CanvasMagicBlocksB.tsx(484,9): error TS7026: JSX element implicitly has type 'any' because no interface 'JSX.IntrinsicElements' exists.
../packages/nexus-core/src/canvas/CanvasMagicBlocksB.tsx(486,5): error TS7026: JSX element implicitly has type 'any' because no interface 'JSX.IntrinsicElements' exists.
../packages/nexus-core/src/canvas/CanvasMagicRenderers.tsx(145,5): error TS7026: JSX element implicitly has type 'any' because no interface 'JSX.IntrinsicElements' exists.
../packages/nexus-core/src/canvas/CanvasMagicRenderers.tsx(155,7): error TS7026: JSX element implicitly has type 'any' because no interface 'JSX.IntrinsicElements' exists.
../packages/nexus-core/src/canvas/CanvasMagicRenderers.tsx(166,9): error TS7026: JSX element implicitly has type 'any' because no interface 'JSX.IntrinsicElements' exists.
../packages/nexus-core/src/canvas/CanvasMagicRenderers.tsx(177,9): error TS7026: JSX element implicitly has type 'any' because no interface 'JSX.IntrinsicElements' exists.
../packages/nexus-core/src/canvas/CanvasMagicRenderers.tsx(180,11): error TS7026: JSX element implicitly has type 'any' because no interface 'JSX.IntrinsicElements' exists.
../packages/nexus-core/src/canvas/CanvasMagicRenderers.tsx(183,17): error TS7026: JSX element implicitly has type 'any' because no interface 'JSX.IntrinsicElements' exists.
../packages/nexus-core/src/canvas/CanvasMagicRenderers.tsx(201,17): error TS7026: JSX element implicitly has type 'any' because no interface 'JSX.IntrinsicElements' exists.
../packages/nexus-core/src/canvas/CanvasMagicRenderers.tsx(203,13): error TS7026: JSX element implicitly has type 'any' because no interface 'JSX.IntrinsicElements' exists.
../packages/nexus-core/src/canvas/CanvasMagicRenderers.tsx(205,42): error TS7006: Parameter 'v' implicitly has an 'any' type.
../packages/nexus-core/src/canvas/CanvasMagicRenderers.tsx(218,13): error TS7026: JSX element implicitly has type 'any' because no interface 'JSX.IntrinsicElements' exists.
../packages/nexus-core/src/canvas/CanvasMagicRenderers.tsx(219,11): error TS7026: JSX element implicitly has type 'any' because no interface 'JSX.IntrinsicElements' exists.
../packages/nexus-core/src/canvas/CanvasMagicRenderers.tsx(221,7): error TS7026: JSX element implicitly has type 'any' because no interface 'JSX.IntrinsicElements' exists.
../packages/nexus-core/src/canvas/CanvasMagicRenderers.tsx(224,9): error TS7026: JSX element implicitly has type 'any' because no interface 'JSX.IntrinsicElements' exists.
../packages/nexus-core/src/canvas/CanvasMagicRenderers.tsx(232,11): error TS7026: JSX element implicitly has type 'any' because no interface 'JSX.IntrinsicElements' exists.
../packages/nexus-core/src/canvas/CanvasMagicRenderers.tsx(235,24): error TS7006: Parameter 'e' implicitly has an 'any' type.
../packages/nexus-core/src/canvas/CanvasMagicRenderers.tsx(253,11): error TS7026: JSX element implicitly has type 'any' because no interface 'JSX.IntrinsicElements' exists.
../packages/nexus-core/src/canvas/CanvasMagicRenderers.tsx(262,15): error TS7026: JSX element implicitly has type 'any' because no interface 'JSX.IntrinsicElements' exists.
../packages/nexus-core/src/canvas/CanvasMagicRenderers.tsx(266,29): error TS7006: Parameter 'prev' implicitly has an 'any' type.
../packages/nexus-core/src/canvas/CanvasMagicRenderers.tsx(279,15): error TS7026: JSX element implicitly has type 'any' because no interface 'JSX.IntrinsicElements' exists.
../packages/nexus-core/src/canvas/CanvasMagicRenderers.tsx(282,13): error TS7026: JSX element implicitly has type 'any' because no interface 'JSX.IntrinsicElements' exists.
../packages/nexus-core/src/canvas/CanvasMagicRenderers.tsx(284,13): error TS7026: JSX element implicitly has type 'any' because no interface 'JSX.IntrinsicElements' exists.
../packages/nexus-core/src/canvas/CanvasMagicRenderers.tsx(302,13): error TS7026: JSX element implicitly has type 'any' because no interface 'JSX.IntrinsicElements' exists.
../packages/nexus-core/src/canvas/CanvasMagicRenderers.tsx(303,13): error TS7026: JSX element implicitly has type 'any' because no interface 'JSX.IntrinsicElements' exists.
../packages/nexus-core/src/canvas/CanvasMagicRenderers.tsx(320,13): error TS7026: JSX element implicitly has type 'any' because no interface 'JSX.IntrinsicElements' exists.
../packages/nexus-core/src/canvas/CanvasMagicRenderers.tsx(321,11): error TS7026: JSX element implicitly has type 'any' because no interface 'JSX.IntrinsicElements' exists.
../packages/nexus-core/src/canvas/CanvasMagicRenderers.tsx(322,9): error TS7026: JSX element implicitly has type 'any' because no interface 'JSX.IntrinsicElements' exists.
../packages/nexus-core/src/canvas/CanvasMagicRenderers.tsx(324,9): error TS7026: JSX element implicitly has type 'any' because no interface 'JSX.IntrinsicElements' exists.
../packages/nexus-core/src/canvas/CanvasMagicRenderers.tsx(324,55): error TS7026: JSX element implicitly has type 'any' because no interface 'JSX.IntrinsicElements' exists.
../packages/nexus-core/src/canvas/CanvasMagicRenderers.tsx(326,5): error TS7026: JSX element implicitly has type 'any' because no interface 'JSX.IntrinsicElements' exists.
../packages/nexus-core/src/canvas/CanvasMagicRenderers.tsx(334,5): error TS7026: JSX element implicitly has type 'any' because no interface 'JSX.IntrinsicElements' exists.
../packages/nexus-core/src/canvas/CanvasMagicRenderers.tsx(342,9): error TS7026: JSX element implicitly has type 'any' because no interface 'JSX.IntrinsicElements' exists.
../packages/nexus-core/src/canvas/CanvasMagicRenderers.tsx(344,9): error TS7026: JSX element implicitly has type 'any' because no interface 'JSX.IntrinsicElements' exists.
../packages/nexus-core/src/canvas/CanvasMagicRenderers.tsx(361,11): error TS7026: JSX element implicitly has type 'any' because no interface 'JSX.IntrinsicElements' exists.
../packages/nexus-core/src/canvas/CanvasMagicRenderers.tsx(374,17): error TS7026: JSX element implicitly has type 'any' because no interface 'JSX.IntrinsicElements' exists.
../packages/nexus-core/src/canvas/CanvasMagicRenderers.tsx(377,30): error TS7006: Parameter 'e' implicitly has an 'any' type.
../packages/nexus-core/src/canvas/CanvasMagicRenderers.tsx(391,17): error TS7026: JSX element implicitly has type 'any' because no interface 'JSX.IntrinsicElements' exists.
../packages/nexus-core/src/canvas/CanvasMagicRenderers.tsx(394,30): error TS7006: Parameter 'e' implicitly has an 'any' type.
../packages/nexus-core/src/canvas/CanvasMagicRenderers.tsx(407,17): error TS7026: JSX element implicitly has type 'any' because no interface 'JSX.IntrinsicElements' exists.
../packages/nexus-core/src/canvas/CanvasMagicRenderers.tsx(421,17): error TS7026: JSX element implicitly has type 'any' because no interface 'JSX.IntrinsicElements' exists.
../packages/nexus-core/src/canvas/CanvasMagicRenderers.tsx(425,17): error TS7026: JSX element implicitly has type 'any' because no interface 'JSX.IntrinsicElements' exists.
../packages/nexus-core/src/canvas/CanvasMagicRenderers.tsx(425,61): error TS7026: JSX element implicitly has type 'any' because no interface 'JSX.IntrinsicElements' exists.
../packages/nexus-core/src/canvas/CanvasMagicRenderers.tsx(427,19): error TS7026: JSX element implicitly has type 'any' because no interface 'JSX.IntrinsicElements' exists.
../packages/nexus-core/src/canvas/CanvasMagicRenderers.tsx(429,19): error TS7026: JSX element implicitly has type 'any' because no interface 'JSX.IntrinsicElements' exists.
../packages/nexus-core/src/canvas/CanvasMagicRenderers.tsx(433,11): error TS7026: JSX element implicitly has type 'any' because no interface 'JSX.IntrinsicElements' exists.
../packages/nexus-core/src/canvas/CanvasMagicRenderers.tsx(437,9): error TS7026: JSX element implicitly has type 'any' because no interface 'JSX.IntrinsicElements' exists.
../packages/nexus-core/src/canvas/CanvasMagicRenderers.tsx(443,11): error TS7026: JSX element implicitly has type 'any' because no interface 'JSX.IntrinsicElements' exists.
../packages/nexus-core/src/canvas/CanvasMagicRenderers.tsx(465,11): error TS7026: JSX element implicitly has type 'any' because no interface 'JSX.IntrinsicElements' exists.
../packages/nexus-core/src/canvas/CanvasMagicRenderers.tsx(466,9): error TS7026: JSX element implicitly has type 'any' because no interface 'JSX.IntrinsicElements' exists.
../packages/nexus-core/src/canvas/CanvasMagicRenderers.tsx(468,5): error TS7026: JSX element implicitly has type 'any' because no interface 'JSX.IntrinsicElements' exists.
../packages/nexus-core/src/canvas/CanvasMagicRenderers.tsx(476,5): error TS7026: JSX element implicitly has type 'any' because no interface 'JSX.IntrinsicElements' exists.
../packages/nexus-core/src/canvas/CanvasMagicRenderers.tsx(484,9): error TS7026: JSX element implicitly has type 'any' because no interface 'JSX.IntrinsicElements' exists.
../packages/nexus-core/src/canvas/CanvasMagicRenderers.tsx(484,67): error TS7026: JSX element implicitly has type 'any' because no interface 'JSX.IntrinsicElements' exists.
../packages/nexus-core/src/canvas/CanvasMagicRenderers.tsx(502,11): error TS7026: JSX element implicitly has type 'any' because no interface 'JSX.IntrinsicElements' exists.
../packages/nexus-core/src/canvas/CanvasMagicRenderers.tsx(503,13): error TS7026: JSX element implicitly has type 'any' because no interface 'JSX.IntrinsicElements' exists.
../packages/nexus-core/src/canvas/CanvasMagicRenderers.tsx(513,17): error TS7026: JSX element implicitly has type 'any' because no interface 'JSX.IntrinsicElements' exists.
../packages/nexus-core/src/canvas/CanvasMagicRenderers.tsx(516,30): error TS7006: Parameter 'e' implicitly has an 'any' type.
../packages/nexus-core/src/canvas/CanvasMagicRenderers.tsx(531,17): error TS7026: JSX element implicitly has type 'any' because no interface 'JSX.IntrinsicElements' exists.
../packages/nexus-core/src/canvas/CanvasMagicRenderers.tsx(531,33): error TS7026: JSX element implicitly has type 'any' because no interface 'JSX.IntrinsicElements' exists.
../packages/nexus-core/src/canvas/CanvasMagicRenderers.tsx(534,17): error TS7026: JSX element implicitly has type 'any' because no interface 'JSX.IntrinsicElements' exists.
../packages/nexus-core/src/canvas/CanvasMagicRenderers.tsx(535,19): error TS7026: JSX element implicitly has type 'any' because no interface 'JSX.IntrinsicElements' exists.
../packages/nexus-core/src/canvas/CanvasMagicRenderers.tsx(541,32): error TS7006: Parameter 'e' implicitly has an 'any' type.
../packages/nexus-core/src/canvas/CanvasMagicRenderers.tsx(553,19): error TS7026: JSX element implicitly has type 'any' because no interface 'JSX.IntrinsicElements' exists.
../packages/nexus-core/src/canvas/CanvasMagicRenderers.tsx(567,19): error TS7026: JSX element implicitly has type 'any' because no interface 'JSX.IntrinsicElements' exists.
../packages/nexus-core/src/canvas/CanvasMagicRenderers.tsx(568,17): error TS7026: JSX element implicitly has type 'any' because no interface 'JSX.IntrinsicElements' exists.
../packages/nexus-core/src/canvas/CanvasMagicRenderers.tsx(570,17): error TS7026: JSX element implicitly has type 'any' because no interface 'JSX.IntrinsicElements' exists.
../packages/nexus-core/src/canvas/CanvasMagicRenderers.tsx(570,29): error TS7026: JSX element implicitly has type 'any' because no interface 'JSX.IntrinsicElements' exists.
../packages/nexus-core/src/canvas/CanvasMagicRenderers.tsx(572,13): error TS7026: JSX element implicitly has type 'any' because no interface 'JSX.IntrinsicElements' exists.
../packages/nexus-core/src/canvas/CanvasMagicRenderers.tsx(573,13): error TS7026: JSX element implicitly has type 'any' because no interface 'JSX.IntrinsicElements' exists.
../packages/nexus-core/src/canvas/CanvasMagicRenderers.tsx(581,15): error TS7026: JSX element implicitly has type 'any' because no interface 'JSX.IntrinsicElements' exists.
../packages/nexus-core/src/canvas/CanvasMagicRenderers.tsx(590,13): error TS7026: JSX element implicitly has type 'any' because no interface 'JSX.IntrinsicElements' exists.
../packages/nexus-core/src/canvas/CanvasMagicRenderers.tsx(592,15): error TS7026: JSX element implicitly has type 'any' because no interface 'JSX.IntrinsicElements' exists.
../packages/nexus-core/src/canvas/CanvasMagicRenderers.tsx(598,28): error TS7006: Parameter 'e' implicitly has an 'any' type.
../packages/nexus-core/src/canvas/CanvasMagicRenderers.tsx(602,11): error TS7026: JSX element implicitly has type 'any' because no interface 'JSX.IntrinsicElements' exists.
../packages/nexus-core/src/canvas/CanvasMagicRenderers.tsx(606,9): error TS7026: JSX element implicitly has type 'any' because no interface 'JSX.IntrinsicElements' exists.
../packages/nexus-core/src/canvas/CanvasMagicRenderers.tsx(625,9): error TS7026: JSX element implicitly has type 'any' because no interface 'JSX.IntrinsicElements' exists.
../packages/nexus-core/src/canvas/CanvasMagicRenderers.tsx(627,5): error TS7026: JSX element implicitly has type 'any' because no interface 'JSX.IntrinsicElements' exists.
../packages/nexus-core/src/canvas/CanvasMagicRenderers.tsx(638,5): error TS7026: JSX element implicitly has type 'any' because no interface 'JSX.IntrinsicElements' exists.
../packages/nexus-core/src/canvas/CanvasMagicRenderers.tsx(648,7): error TS7026: JSX element implicitly has type 'any' because no interface 'JSX.IntrinsicElements' exists.
../packages/nexus-core/src/canvas/CanvasMagicRenderers.tsx(657,9): error TS7026: JSX element implicitly has type 'any' because no interface 'JSX.IntrinsicElements' exists.
../packages/nexus-core/src/canvas/CanvasMagicRenderers.tsx(657,24): error TS7026: JSX element implicitly has type 'any' because no interface 'JSX.IntrinsicElements' exists.
../packages/nexus-core/src/canvas/CanvasMagicRenderers.tsx(658,9): error TS7026: JSX element implicitly has type 'any' because no interface 'JSX.IntrinsicElements' exists.
../packages/nexus-core/src/canvas/CanvasMagicRenderers.tsx(660,9): error TS7026: JSX element implicitly has type 'any' because no interface 'JSX.IntrinsicElements' exists.
../packages/nexus-core/src/canvas/CanvasMagicRenderers.tsx(661,7): error TS7026: JSX element implicitly has type 'any' because no interface 'JSX.IntrinsicElements' exists.
../packages/nexus-core/src/canvas/CanvasMagicRenderers.tsx(662,7): error TS7026: JSX element implicitly has type 'any' because no interface 'JSX.IntrinsicElements' exists.
../packages/nexus-core/src/canvas/CanvasMagicRenderers.tsx(670,9): error TS7026: JSX element implicitly has type 'any' because no interface 'JSX.IntrinsicElements' exists.
../packages/nexus-core/src/canvas/CanvasMagicRenderers.tsx(679,7): error TS7026: JSX element implicitly has type 'any' because no interface 'JSX.IntrinsicElements' exists.
../packages/nexus-core/src/canvas/CanvasMagicRenderers.tsx(681,9): error TS7026: JSX element implicitly has type 'any' because no interface 'JSX.IntrinsicElements' exists.
../packages/nexus-core/src/canvas/CanvasMagicRenderers.tsx(681,68): error TS7026: JSX element implicitly has type 'any' because no interface 'JSX.IntrinsicElements' exists.
../packages/nexus-core/src/canvas/CanvasMagicRenderers.tsx(699,11): error TS7026: JSX element implicitly has type 'any' because no interface 'JSX.IntrinsicElements' exists.
../packages/nexus-core/src/canvas/CanvasMagicRenderers.tsx(712,15): error TS7026: JSX element implicitly has type 'any' because no interface 'JSX.IntrinsicElements' exists.
../packages/nexus-core/src/canvas/CanvasMagicRenderers.tsx(716,28): error TS7006: Parameter 'e' implicitly has an 'any' type.
../packages/nexus-core/src/canvas/CanvasMagicRenderers.tsx(720,15): error TS7026: JSX element implicitly has type 'any' because no interface 'JSX.IntrinsicElements' exists.
../packages/nexus-core/src/canvas/CanvasMagicRenderers.tsx(722,15): error TS7026: JSX element implicitly has type 'any' because no interface 'JSX.IntrinsicElements' exists.
../packages/nexus-core/src/canvas/CanvasMagicRenderers.tsx(725,15): error TS7026: JSX element implicitly has type 'any' because no interface 'JSX.IntrinsicElements' exists.
../packages/nexus-core/src/canvas/CanvasMagicRenderers.tsx(728,28): error TS7006: Parameter 'e' implicitly has an 'any' type.
../packages/nexus-core/src/canvas/CanvasMagicRenderers.tsx(744,15): error TS7026: JSX element implicitly has type 'any' because no interface 'JSX.IntrinsicElements' exists.
../packages/nexus-core/src/canvas/CanvasMagicRenderers.tsx(752,15): error TS7026: JSX element implicitly has type 'any' because no interface 'JSX.IntrinsicElements' exists.
../packages/nexus-core/src/canvas/CanvasMagicRenderers.tsx(755,15): error TS7026: JSX element implicitly has type 'any' because no interface 'JSX.IntrinsicElements' exists.
../packages/nexus-core/src/canvas/CanvasMagicRenderers.tsx(769,15): error TS7026: JSX element implicitly has type 'any' because no interface 'JSX.IntrinsicElements' exists.
../packages/nexus-core/src/canvas/CanvasMagicRenderers.tsx(771,11): error TS7026: JSX element implicitly has type 'any' because no interface 'JSX.IntrinsicElements' exists.
../packages/nexus-core/src/canvas/CanvasMagicRenderers.tsx(775,9): error TS7026: JSX element implicitly has type 'any' because no interface 'JSX.IntrinsicElements' exists.
../packages/nexus-core/src/canvas/CanvasMagicRenderers.tsx(794,9): error TS7026: JSX element implicitly has type 'any' because no interface 'JSX.IntrinsicElements' exists.
../packages/nexus-core/src/canvas/CanvasMagicRenderers.tsx(796,5): error TS7026: JSX element implicitly has type 'any' because no interface 'JSX.IntrinsicElements' exists.
../packages/nexus-core/src/canvas/CanvasMagicRenderers.tsx(816,5): error TS7026: JSX element implicitly has type 'any' because no interface 'JSX.IntrinsicElements' exists.
../packages/nexus-core/src/canvas/CanvasMagicRenderers.tsx(828,9): error TS7026: JSX element implicitly has type 'any' because no interface 'JSX.IntrinsicElements' exists.
../packages/nexus-core/src/canvas/CanvasMagicRenderers.tsx(829,11): error TS7026: JSX element implicitly has type 'any' because no interface 'JSX.IntrinsicElements' exists.
../packages/nexus-core/src/canvas/CanvasMagicRenderers.tsx(832,24): error TS7006: Parameter 'e' implicitly has an 'any' type.
../packages/nexus-core/src/canvas/CanvasMagicRenderers.tsx(848,11): error TS7026: JSX element implicitly has type 'any' because no interface 'JSX.IntrinsicElements' exists.
../packages/nexus-core/src/canvas/CanvasMagicRenderers.tsx(851,24): error TS7006: Parameter 'e' implicitly has an 'any' type.
../packages/nexus-core/src/canvas/CanvasMagicRenderers.tsx(868,9): error TS7026: JSX element implicitly has type 'any' because no interface 'JSX.IntrinsicElements' exists.
../packages/nexus-core/src/canvas/CanvasMagicRenderers.tsx(870,7): error TS7026: JSX element implicitly has type 'any' because no interface 'JSX.IntrinsicElements' exists.
../packages/nexus-core/src/canvas/CanvasMagicRenderers.tsx(871,9): error TS7026: JSX element implicitly has type 'any' because no interface 'JSX.IntrinsicElements' exists.
../packages/nexus-core/src/canvas/CanvasMagicRenderers.tsx(871,52): error TS7026: JSX element implicitly has type 'any' because no interface 'JSX.IntrinsicElements' exists.
../packages/nexus-core/src/canvas/CanvasMagicRenderers.tsx(872,9): error TS7026: JSX element implicitly has type 'any' because no interface 'JSX.IntrinsicElements' exists.
../packages/nexus-core/src/canvas/CanvasMagicRenderers.tsx(872,80): error TS7026: JSX element implicitly has type 'any' because no interface 'JSX.IntrinsicElements' exists.
../packages/nexus-core/src/canvas/CanvasMagicRenderers.tsx(873,7): error TS7026: JSX element implicitly has type 'any' because no interface 'JSX.IntrinsicElements' exists.
../packages/nexus-core/src/canvas/CanvasMagicRenderers.tsx(875,9): error TS7026: JSX element implicitly has type 'any' because no interface 'JSX.IntrinsicElements' exists.
../packages/nexus-core/src/canvas/CanvasMagicRenderers.tsx(878,22): error TS7006: Parameter 'e' implicitly has an 'any' type.
../packages/nexus-core/src/canvas/CanvasMagicRenderers.tsx(898,9): error TS7026: JSX element implicitly has type 'any' because no interface 'JSX.IntrinsicElements' exists.
../packages/nexus-core/src/canvas/CanvasMagicRenderers.tsx(898,101): error TS7026: JSX element implicitly has type 'any' because no interface 'JSX.IntrinsicElements' exists.
../packages/nexus-core/src/canvas/CanvasMagicRenderers.tsx(900,5): error TS7026: JSX element implicitly has type 'any' because no interface 'JSX.IntrinsicElements' exists.
../packages/nexus-core/src/canvas/CanvasMagicRenderers.tsx(910,5): error TS7026: JSX element implicitly has type 'any' because no interface 'JSX.IntrinsicElements' exists.
../packages/nexus-core/src/canvas/CanvasMagicRenderers.tsx(919,7): error TS7026: JSX element implicitly has type 'any' because no interface 'JSX.IntrinsicElements' exists.
../packages/nexus-core/src/canvas/CanvasMagicRenderers.tsx(929,7): error TS7026: JSX element implicitly has type 'any' because no interface 'JSX.IntrinsicElements' exists.
../packages/nexus-core/src/canvas/CanvasMagicRenderers.tsx(931,9): error TS7026: JSX element implicitly has type 'any' because no interface 'JSX.IntrinsicElements' exists.
../packages/nexus-core/src/canvas/CanvasMagicRenderers.tsx(934,22): error TS7006: Parameter 'e' implicitly has an 'any' type.
../packages/nexus-core/src/canvas/CanvasMagicRenderers.tsx(951,9): error TS7026: JSX element implicitly has type 'any' because no interface 'JSX.IntrinsicElements' exists.
../packages/nexus-core/src/canvas/CanvasMagicRenderers.tsx(951,101): error TS7026: JSX element implicitly has type 'any' because no interface 'JSX.IntrinsicElements' exists.
../packages/nexus-core/src/canvas/CanvasMagicRenderers.tsx(953,5): error TS7026: JSX element implicitly has type 'any' because no interface 'JSX.IntrinsicElements' exists.
../packages/nexus-core/src/canvas/CanvasMagicRenderers.tsx(975,5): error TS7026: JSX element implicitly has type 'any' because no interface 'JSX.IntrinsicElements' exists.
../packages/nexus-core/src/canvas/CanvasMagicRenderers.tsx(985,7): error TS7026: JSX element implicitly has type 'any' because no interface 'JSX.IntrinsicElements' exists.
../packages/nexus-core/src/canvas/CanvasMagicRenderers.tsx(985,22): error TS7026: JSX element implicitly has type 'any' because no interface 'JSX.IntrinsicElements' exists.
../packages/nexus-core/src/canvas/CanvasMagicRenderers.tsx(986,5): error TS7026: JSX element implicitly has type 'any' because no interface 'JSX.IntrinsicElements' exists.
../packages/nexus-core/src/canvas/CanvasMagicRenderers.tsx(1255,7): error TS7026: JSX element implicitly has type 'any' because no interface 'JSX.IntrinsicElements' exists.
../packages/nexus-core/src/canvas/CanvasMagicRenderers.tsx(1265,7): error TS7026: JSX element implicitly has type 'any' because no interface 'JSX.IntrinsicElements' exists.
../packages/nexus-core/src/canvas/CanvasMagicRenderers.tsx(1278,5): error TS7026: JSX element implicitly has type 'any' because no interface 'JSX.IntrinsicElements' exists.
../packages/nexus-core/src/canvas/CanvasMagicRenderers.tsx(1291,5): error TS7026: JSX element implicitly has type 'any' because no interface 'JSX.IntrinsicElements' exists.
../packages/nexus-core/src/render/createUseRenderSurfaceBudget.ts(103,33): error TS2558: Expected 0 type arguments, but got 1.
../packages/nexus-core/src/render/createUseRenderSurfaceBudget.ts(104,46): error TS2558: Expected 0 type arguments, but got 1.
../packages/nexus-core/src/render/createUseRenderSurfaceBudget.ts(107,36): error TS2558: Expected 0 type arguments, but got 1.
../packages/nexus-core/src/render/createUseRenderSurfaceBudget.ts(131,22): error TS7006: Parameter 'prev' implicitly has an 'any' type.
../packages/nexus-core/src/render/createUseRenderSurfaceBudget.ts(134,22): error TS7006: Parameter 'prev' implicitly has an 'any' type.
../packages/nexus-core/src/settings/settingsPrimitives.tsx(1,15): error TS2305: Module '"react"' has no exported member 'ReactNode'.
../packages/nexus-core/src/settings/settingsPrimitives.tsx(13,5): error TS7026: JSX element implicitly has type 'any' because no interface 'JSX.IntrinsicElements' exists.
../packages/nexus-core/src/settings/settingsPrimitives.tsx(21,7): error TS7026: JSX element implicitly has type 'any' because no interface 'JSX.IntrinsicElements' exists.
../packages/nexus-core/src/settings/settingsPrimitives.tsx(22,9): error TS7026: JSX element implicitly has type 'any' because no interface 'JSX.IntrinsicElements' exists.
../packages/nexus-core/src/settings/settingsPrimitives.tsx(22,49): error TS7026: JSX element implicitly has type 'any' because no interface 'JSX.IntrinsicElements' exists.
../packages/nexus-core/src/settings/settingsPrimitives.tsx(24,11): error TS7026: JSX element implicitly has type 'any' because no interface 'JSX.IntrinsicElements' exists.
../packages/nexus-core/src/settings/settingsPrimitives.tsx(24,83): error TS7026: JSX element implicitly has type 'any' because no interface 'JSX.IntrinsicElements' exists.
../packages/nexus-core/src/settings/settingsPrimitives.tsx(26,7): error TS7026: JSX element implicitly has type 'any' because no interface 'JSX.IntrinsicElements' exists.
../packages/nexus-core/src/settings/settingsPrimitives.tsx(28,5): error TS7026: JSX element implicitly has type 'any' because no interface 'JSX.IntrinsicElements' exists.
../packages/nexus-core/src/settings/settingsPrimitives.tsx(45,7): error TS7026: JSX element implicitly has type 'any' because no interface 'JSX.IntrinsicElements' exists.
../packages/nexus-core/src/settings/settingsPrimitives.tsx(48,20): error TS7006: Parameter 'event' implicitly has an 'any' type.
../packages/nexus-core/src/settings/settingsPrimitives.tsx(74,7): error TS7026: JSX element implicitly has type 'any' because no interface 'JSX.IntrinsicElements' exists.
../packages/nexus-core/src/settings/settingsPrimitives.tsx(78,20): error TS7006: Parameter 'event' implicitly has an 'any' type.
../packages/nexus-core/src/settings/settingsPrimitives.tsx(102,7): error TS7026: JSX element implicitly has type 'any' because no interface 'JSX.IntrinsicElements' exists.
../packages/nexus-core/src/settings/settingsPrimitives.tsx(104,20): error TS7006: Parameter 'event' implicitly has an 'any' type.
../packages/nexus-core/src/settings/settingsPrimitives.tsx(108,11): error TS7026: JSX element implicitly has type 'any' because no interface 'JSX.IntrinsicElements' exists.
../packages/nexus-core/src/settings/settingsPrimitives.tsx(110,11): error TS7026: JSX element implicitly has type 'any' because no interface 'JSX.IntrinsicElements' exists.
../packages/nexus-core/src/settings/settingsPrimitives.tsx(112,7): error TS7026: JSX element implicitly has type 'any' because no interface 'JSX.IntrinsicElements' exists.
../packages/nexus-core/src/storage/EditorMutationGuard.tsx(5,25): error TS2558: Expected 0 type arguments, but got 1.
../packages/nexus-core/src/storage/EditorMutationGuard.tsx(10,10): error TS7026: JSX element implicitly has type 'any' because no interface 'JSX.IntrinsicElements' exists.
../packages/nexus-core/src/storage/EditorMutationGuard.tsx(10,69): error TS7006: Parameter 'event' implicitly has an 'any' type.
../packages/nexus-core/src/storage/EditorMutationGuard.tsx(12,5): error TS7026: JSX element implicitly has type 'any' because no interface 'JSX.IntrinsicElements' exists.
../packages/nexus-core/src/storage/EditorMutationGuard.tsx(12,75): error TS7026: JSX element implicitly has type 'any' because no interface 'JSX.IntrinsicElements' exists.
../packages/nexus-core/src/storage/EditorMutationGuard.tsx(13,3): error TS7026: JSX element implicitly has type 'any' because no interface 'JSX.IntrinsicElements' exists.
../packages/nexus-core/src/storage/LocalFileStorageNotice.tsx(8,5): error TS7026: JSX element implicitly has type 'any' because no interface 'JSX.IntrinsicElements' exists.
../packages/nexus-core/src/storage/LocalFileStorageNotice.tsx(10,27): error TS7026: JSX element implicitly has type 'any' because no interface 'JSX.IntrinsicElements' exists.
../packages/nexus-core/src/storage/LocalFileStorageNotice.tsx(10,121): error TS7026: JSX element implicitly has type 'any' because no interface 'JSX.IntrinsicElements' exists.
../packages/nexus-core/src/storage/LocalFileStorageNotice.tsx(11,5): error TS7026: JSX element implicitly has type 'any' because no interface 'JSX.IntrinsicElements' exists.
../packages/nexus-core/src/storage/useEditorPersistence.ts(28,46): error TS2558: Expected 0 type arguments, but got 1.
../packages/nexus-core/src/storage/useEditorPersistence.ts(31,30): error TS2558: Expected 0 type arguments, but got 1.
../packages/nexus-core/src/storage/useEditorPersistence.ts(32,27): error TS2558: Expected 0 type arguments, but got 1.
../packages/nexus-core/src/storage/useEditorPersistence.ts(37,43): error TS7006: Parameter 'file' implicitly has an 'any' type.
../packages/nexus-core/src/storage/useEditorPersistence.ts(42,34): error TS7006: Parameter 'tabs' implicitly has an 'any' type.
../packages/nexus-core/src/storage/useEditorPersistence.ts(42,51): error TS7006: Parameter 'tab' implicitly has an 'any' type.
../packages/nexus-core/src/storage/useEditorPersistence.ts(48,62): error TS7006: Parameter 'file' implicitly has an 'any' type.
../packages/nexus-core/src/storage/useEditorPersistence.ts(82,40): error TS7006: Parameter 'candidate' implicitly has an 'any' type.
../packages/nexus-core/src/storage/useEditorPersistence.ts(91,62): error TS7031: Binding element 'id' implicitly has an 'any' type.
../packages/nexus-core/src/storage/useEditorPersistence.ts(105,32): error TS7006: Parameter 'tabs' implicitly has an 'any' type.
../packages/nexus-core/src/storage/useEditorPersistence.ts(105,49): error TS7006: Parameter 'tab' implicitly has an 'any' type.
../packages/nexus-core/src/storage/useEditorPersistence.ts(111,40): error TS7006: Parameter 'candidate' implicitly has an 'any' type.
../packages/nexus-core/src/storage/useEditorPersistence.ts(149,35): error TS7031: Binding element 'id' implicitly has an 'any' type.
../packages/nexus-core/src/storage/useEditorPersistence.ts(149,65): error TS7006: Parameter 'file' implicitly has an 'any' type.
